pair,frame,left_arm_raise_bad,left_arm_raise_good,right_arm_raise_bad,right_arm_raise_good,left_elbow_angle_bad,left_elbow_angle_good,right_elbow_angle_bad,right_elbow_angle_good,torso_lean_bad,torso_lean_good,arm_symmetry_bad,arm_symmetry_good,left_wrist_above_shoulder_bad,left_wrist_above_shoulder_good,right_wrist_above_shoulder_bad,right_wrist_above_shoulder_good
1,0,67.73077728660923,56.225246069113744,20.581573864186446,22.66149752359065,136.11303285044517,132.25742723964956,113.47964128833759,109.81339396315892,110.61740114645836,91.00090912987,47.14920342242278,33.5637485455231,-0.01969665288925171,-0.057464152574539185,0.021428734064102173,-0.040145277976989746
1,1,57.386610570621535,52.52726729086948,22.66858759596418,27.222080362963126,138.07529136942316,136.18023362528248,121.2230099366901,108.31608227326441,115.00616347038981,90.62158840570466,34.71802297465736,25.305186927906355,-0.019666314125061035,-0.05748629570007324,0.020602822303771973,-0.0414147675037384
1,2,44.556895397363675,45.836143353206566,22.440273043932063,28.08554195090797,137.83838391253423,134.57081931618387,130.26346044346002,108.00111455174849,115.54164500837514,90.51545392164988,22.116622353431612,17.750601402298596,-0.019766539335250854,-0.05852532386779785,0.02013450860977173,-0.04175424575805664
1,3,53.58740797399222,46.372653793544444,21.62892714305375,28.417324317842898,136.03892934229097,137.6265916486157,115.44917998601457,110.21849865185538,113.49114537979918,90.36097361572614,31.95848083093847,17.955329475701546,-0.019532084465026855,-0.06170026957988739,0.020069271326065063,-0.041802555322647095
1,4,56.311102869920646,46.471704754055594,21.398225446695108,24.537509346786926,137.28102609501713,135.23842274808365,121.52767856901383,113.4377565380017,113.83408742607577,90.56255820149792,34.91287742322554,21.934195407268668,-0.01928851008415222,-0.061799317598342896,0.019998401403427124,-0.04074472188949585
1,5,62.15222739419079,44.80667294064686,21.092087543135456,27.0183636374079,138.18743721475585,132.97582370094014,115.92312781480233,108.65670916317994,113.39530408391535,91.05901591738407,41.06013985105533,17.78830930323896,-0.0191461443901062,-0.06116694211959839,0.020291626453399658,-0.03968459367752075
1,6,64.29575759062622,44.26291317540906,24.045400638359972,26.302044597806855,137.64154636085271,133.5819194357016,124.56560680381827,109.04585626720832,112.83408461870492,91.17608180502596,40.25035695226625,17.960868577602206,-0.01837065815925598,-0.06195826828479767,0.020683258771896362,-0.039512455463409424
1,7,67.92767048500433,46.941848644856194,21.596226419216105,25.59638664642034,138.15635983205922,136.43485023659247,116.39063724884733,108.27752700620867,112.72989804763786,91.36960842688026,46.33144406578822,21.345461998435855,-0.01610124111175537,-0.061255067586898804,0.020954489707946777,-0.038968056440353394
1,8,68.5810857970063,48.320536651230334,20.772756442142544,25.222579431967592,135.9708940327021,138.36139722909212,107.65114484539288,109.82376983295704,110.58027827267314,91.4578879113824,47.80832935486375,23.097957219262742,-0.012670516967773438,-0.061026036739349365,0.021037131547927856,-0.03806743025779724
1,9,76.27533958399468,49.927777636789436,22.45769659004643,23.177949232912628,137.23300224335972,141.35688865942006,103.95095796811118,115.05738088986853,108.88788387810767,91.71170185862375,53.81764299394825,26.74982840387681,-0.011573046445846558,-0.061020299792289734,0.02017951011657715,-0.036248624324798584
1,10,81.35834710712803,50.61422353542627,20.429877058867213,22.627971736376338,139.9001421237368,141.0964855953469,110.77590014735513,116.14311309891809,112.30576285183335,91.93218764602429,60.92847004826081,27.98625179904993,-0.011227160692214966,-0.060599252581596375,0.01446416974067688,-0.034507542848587036
1,11,72.46212544392661,50.979831987142276,24.923849988606648,22.53145837057492,139.30667912790466,141.72724739271987,110.39053957508354,117.68275060214972,111.95468730960042,92.16115312314726,47.53827545531996,28.448373616567356,-0.011266440153121948,-0.06028775870800018,0.0024344027042388916,-0.033718377351760864
1,12,61.65636584438748,48.66462409560065,27.085955928602218,23.364224238141254,137.8591005543266,141.41837782126473,105.44202587593463,117.66673052670917,112.06539750630782,92.38184687279372,34.57040991578526,25.300399857459396,-0.011197894811630249,-0.0595785528421402,-0.022347092628479004,-0.03159552812576294
1,13,53.203404478509874,53.205174818274,37.409071782970315,22.976745504601993,144.42895172135994,141.7927366768329,118.02561801894097,117.82500405426217,113.42383723328864,92.40034816236798,15.794332695539559,30.22842931367201,-0.011663258075714111,-0.059499144554138184,-0.06032922863960266,-0.03027474880218506
1,14,50.03299138140535,54.5888169399139,52.415895514483466,22.7354068225514,145.22845172163795,142.80849505245823,109.40899356888214,116.76486281084667,112.62877991808026,92.46245981820819,2.3829041330781138,31.853410117362497,-0.01262044906616211,-0.05734702944755554,-0.08859717845916748,-0.03155389428138733
1,15,50.2814113957473,53.51195828551347,59.88593729505101,22.763889707681123,144.79084052608133,143.14857617406577,113.19054745154249,115.05608642173308,111.19613779104222,92.53023444483927,9.60452589930371,30.74806857783235,-0.01401662826538086,-0.05407312512397766,-0.11911892890930176,-0.033212125301361084
1,16,46.01434144764052,53.53605103671579,63.85726421426088,24.67203278447575,141.60800213465208,144.41073272743995,117.50186553705726,110.36499302663375,109.36136865304951,92.16097499547837,17.84292276662036,28.86401825224004,-0.015318870544433594,-0.04596829414367676,-0.14056968688964844,-0.046511441469192505
1,17,56.383648226719316,49.320329460673015,71.50034478026528,27.395596809274746,139.74019048221814,143.50130439124734,119.95136483577127,112.6910112920252,108.0450777059292,92.19506132685702,15.116696553545964,21.92473265139827,-0.011103212833404541,-0.040163248777389526,-0.16731271147727966,-0.06110665202140808
1,18,75.15588713990203,51.066975221113694,78.39791598754026,32.18079973566975,146.04176085870745,142.5792608107788,118.25612913494484,110.27233488688073,105.31242922176575,92.13566256762589,3.242028847638224,18.886175485443943,-0.008896201848983765,-0.0331113338470459,-0.18604576587677002,-0.07949018478393555
1,19,73.31820880725428,57.77320646339405,83.2499218114238,38.705604132259744,147.79383091042237,142.89056887982852,129.05019016771635,105.1145202193899,104.24819702336025,91.92035093222098,9.931713004169524,19.067602331134303,0.009082883596420288,-0.028300106525421143,-0.19671696424484253,-0.0914059579372406
1,20,74.16339620500096,61.13872750110873,93.43733246302675,41.6846711303248,145.27018139899172,142.92178747686046,121.54298618208222,105.67628386980432,102.8343443661904,92.1927132349881,19.273936258025785,19.45405637078393,0.01074671745300293,-0.019377589225769043,-0.19759589433670044,-0.10381659865379333
1,21,78.46061766574192,72.6649620322507,101.72026531766035,50.525940899888056,157.22471553450356,147.53783720903107,136.24474013593834,102.87996953539202,99.14000252647868,93.07308699743099,23.259647651918428,22.139021132362643,0.02885487675666809,0.007186204195022583,-0.19202205538749695,-0.1309846043586731
1,22,88.74626428842271,72.28856438425093,103.29053910988354,57.06127204407794,148.4930311188537,146.35551083319805,161.27814176459512,100.92164506035357,97.01947994556933,93.27518624293779,14.544274821460832,15.227292340172994,0.03152456879615784,0.018385514616966248,-0.18944692611694336,-0.14199158549308777
1,23,110.37814282933536,70.2480744752958,96.03918901209698,59.88784686801721,151.7670803988471,152.13295008003473,169.14231279469647,113.90679712397649,96.1713856776873,93.59684188419345,14.338953817238377,10.360227607278581,0.03393888473510742,0.03378687798976898,-0.1810758411884308,-0.1592797040939331
1,24,111.46813676740489,66.26317753245189,93.75333625086375,66.06530463643226,152.23524358834695,156.42027693984346,169.90513165009776,117.59007821568758,96.10283512302526,93.39584701522419,17.714800516541132,0.1978728960196321,0.06324218213558197,0.05018657445907593,-0.17311933636665344,-0.17325884103775024
1,25,113.70773211246694,68.48823920291971,98.54088028113459,82.09668462268696,155.42562971785728,150.904205066778,171.14532832643596,116.5232862054397,95.46800342873303,92.9143816422876,15.166851831332352,13.60844541976725,0.09892401099205017,0.06664848327636719,-0.1704896092414856,-0.18262091279029846
1,26,118.01838229239709,77.97631463695572,93.35777857929962,84.96646378221874,157.93172262353758,148.5177814423977,173.66246778959373,109.31156142396286,94.98025191968006,92.40967175196592,24.660603713097473,6.990149145263018,0.12020210921764374,0.0688839852809906,-0.15555128455162048,-0.1889457404613495
1,27,105.45937632861465,78.97679239124886,100.89826034249694,87.46274028515417,153.08769541514627,151.0481811771289,171.74037065016577,107.80135745492133,95.32382924097791,92.36181508440082,4.561115986117713,8.485947893905305,0.13309352844953537,0.07495436072349548,-0.13395905494689941,-0.19030970335006714
1,28,106.05727686547169,91.0221430217824,102.44017166266661,86.03662568836437,156.78286558584745,152.17873569718256,175.80718306365148,110.19449058070698,96.05287564146845,92.78778113220739,3.617105202805078,4.985517333418031,0.15748324245214462,0.08050547540187836,-0.1163366436958313,-0.1889980435371399
1,29,106.00410147152257,88.99908618251453,99.6253569266585,89.46051225944633,157.23166186188826,140.4877008231897,174.57229641452778,132.08040082958104,96.68064658330182,92.14395887244683,6.378744544864077,0.4614260769318008,0.16924509406089783,0.09072037041187286,-0.10922110080718994,-0.1882135272026062
1,30,102.7096813135701,101.72148312982836,100.07558802377724,87.18010456968598,155.8302677508861,143.75840642439346,175.39411451791995,162.20511766873165,97.34705463812732,92.88968685049845,2.634093289792858,14.541378560142377,0.17903362214565277,0.10507455468177795,-0.10476946830749512,-0.18489769101142883
1,31,101.0587250291999,107.79128943904247,100.27741175234198,86.66465143034848,153.21030756139834,156.20734439755597,175.0886846188042,164.4369753377584,97.49944040417041,93.19233515200524,0.7813132768579294,21.126638008693988,0.1716795638203621,0.1071159690618515,-0.1049051284790039,-0.18053439259529114
1,32,107.05643908375683,116.69640897828776,93.68719986012101,82.37079428445233,155.09958183791545,165.84206200621747,174.48457695069447,169.44793815445584,97.5700324718848,93.38529871225724,13.369239223635816,34.32561469383543,0.1638370305299759,0.10911290347576141,-0.10671046376228333,-0.17648854851722717
1,33,114.89124741609884,122.11021353757134,89.64270199528501,79.1916748355424,157.50027002441885,165.6168724242108,177.07071053584704,171.89717563189018,97.5102516014332,93.66349005494962,25.248545420813826,42.91853870202894,0.15636847168207169,0.11150118708610535,-0.10883814096450806,-0.17180868983268738
1,34,111.3818684762944,120.25837803455349,90.01030178823893,85.10810793404607,153.68837572909882,167.32713694586087,175.42758378679042,173.40220191127813,97.54963382933657,95.06344899316699,21.371566688055466,35.15027010050741,0.140974722802639,0.1412838250398636,-0.11071905493736267,-0.16389092803001404
1,35,112.99609604421377,119.75992782444321,89.317497335282,87.54064909933382,143.11976338229687,163.73462792273926,170.78259286867447,172.04553167600324,96.96015274134889,95.53664755371847,23.678598708931773,32.21927872510939,0.09207390248775482,0.1492532715201378,-0.12655416131019592,-0.15828949213027954
1,36,109.05465416416861,112.78271118304406,87.71228913014568,90.5706695801362,149.39039548752837,159.8122774788679,167.57453972772004,168.28764157043878,97.48244287312353,95.63940952098149,21.342365034022933,22.21204160290786,0.07563947141170502,0.15593309700489044,-0.13899677991867065,-0.15403509140014648
1,37,102.26115883574272,111.4238015861415,85.78857556470685,92.1411024123097,150.07797621985716,160.20307319879717,163.84920321823816,165.38359381554173,96.23180799236425,95.30707671554427,16.472583271035873,19.282699173831787,0.06519871950149536,0.16806503385305405,-0.1505497395992279,-0.1500428020954132
1,38,99.30045450305415,112.43190885519101,83.68250366971559,91.92473086521734,148.18602311597215,161.2662936998962,153.92269681361824,172.30734364518884,95.7560297299442,95.11912990949409,15.617950833338568,20.50717798997367,0.06154221296310425,0.17080749571323395,-0.1570320725440979,-0.14683812856674194
1,39,90.91108459772978,113.56855542195039,89.71968318938885,87.09156299159102,145.3168619234312,162.90595649860015,132.66986689534437,173.90027471396724,96.59020296626984,94.8809802659302,1.191401408340937,26.476992430359374,0.04979579150676727,0.1703561320900917,-0.16436409950256348,-0.14309698343276978
1,40,83.85418880641927,117.0180298544301,92.27285198449486,85.71280723951604,144.07404920546134,163.25767328522235,105.4261658539211,174.0773843238464,97.55765261845706,94.79873726616292,8.41866317807559,31.305222614914058,0.022649511694908142,0.16754921525716782,-0.17448219656944275,-0.14348334074020386
1,41,80.35623490017925,119.97827830100614,76.70728671907561,83.0857640679826,146.6772522773403,164.89824344530984,113.21220127692735,173.29187339413247,98.17166388163399,94.75034422648119,3.648948181103634,36.89251423302355,0.012489080429077148,0.16489098221063614,-0.17883464694023132,-0.14379137754440308
1,42,80.75886189098017,122.55814280719174,82.11762109599144,77.4026009359063,145.17626822775262,168.66503461813517,125.84488273057269,175.77723650754402,98.77075564713446,94.42806756493034,1.3587592050112676,45.155541871285436,-0.0019504725933074951,0.15886832028627396,-0.1818174421787262,-0.14408275485038757
1,43,74.87593484498663,112.97766405498717,81.76002695520413,81.6560603872799,144.23751026927994,169.39371459241588,116.66482130490557,171.24498867984008,100.02284817735755,94.27385894003187,6.884092110217495,31.32160366770728,-0.01258954405784607,0.14351393282413483,-0.18428730964660645,-0.1454918384552002
1,44,59.52481479855291,109.82040125583812,76.14935094009628,81.07483066447071,143.26171456947966,168.17407907287526,121.03678042292822,170.49021992097798,100.4867556627523,93.34822166312527,16.624536141543373,28.74557059136741,-0.019575148820877075,0.12961941212415695,-0.1826774775981903,-0.1548953354358673
1,45,53.44438322984335,108.82903978786567,80.64699564434596,81.05318601134994,140.48543164672952,168.39189773784,110.05458779333921,167.85446923759204,101.42945617051389,93.16312653309323,27.20261241450261,27.77585377651573,-0.02817624807357788,0.12290529906749725,-0.1812744140625,-0.1610526740550995
1,46,48.328513135415484,101.84961052944476,74.20231788388935,85.4479211619517,138.82550382613786,165.90679057656448,104.44441342407836,155.75623737123203,102.24631888786186,92.64440064599015,25.873804748473866,16.401689367493063,-0.030609190464019775,0.12155404686927795,-0.16515791416168213,-0.1661127209663391
1,47,50.357275371457234,99.87753775374468,66.96750279042284,88.35450454768689,141.38817338904676,165.37316369489076,105.35264626660586,145.12729322176588,103.84288177359085,92.29511180937536,16.610227418965607,11.52303320605779,-0.02796339988708496,0.10181835293769836,-0.14993634819984436,-0.1716168224811554
1,48,38.582135470151805,85.38493749470435,57.04590606397526,87.69339630549389,141.48721446275854,160.75480895712485,115.74301038142733,129.22928324532623,105.18373455937245,92.13167901783548,18.463770593823455,2.3084588107895456,-0.026433467864990234,0.10456252098083496,-0.13567587733268738,-0.17734989523887634
1,49,42.117436063213454,80.76195304301744,53.5679635805172,86.89122927712661,144.09852809081474,156.67517475917575,111.52106574903945,121.17438069209817,106.46679842982459,92.07508557909875,11.450527517303748,6.12927623410917,-0.02506774663925171,0.09509508311748505,-0.1135438084602356,-0.17957612872123718
1,50,46.66115191115475,79.23227325090684,46.92331052031246,87.08728982551271,142.66461091230596,155.65377514305757,112.52823336289755,119.24466351893841,108.09421208236665,91.91380148477651,0.2621586091577157,7.8550165746058696,-0.023229271173477173,0.08777037262916565,-0.0905156135559082,-0.18081289529800415
1,51,51.855174215066754,74.52805381179671,37.956467707466366,87.41661905563188,138.99773511875054,153.38948214572167,108.9243289263359,117.81547082653077,108.1731568326515,91.67463935080667,13.898706507600387,12.888565243835174,-0.02044147253036499,0.08151637017726898,-0.07197380065917969,-0.18134981393814087
1,52,52.56331060453268,73.0686916341652,28.503855498736286,83.34720979213536,138.96756958918445,154.9666050682506,109.67489017321223,102.2917214985411,109.57601146264076,91.97099790286322,24.059455105796395,10.278518157970154,-0.019690752029418945,0.08071288466453552,-0.04954195022583008,-0.17930594086647034
1,53,49.270251691734735,71.53182552128662,30.621486324069785,79.39196999786914,138.98280221350336,156.09706434520183,107.48107209186544,106.32807977940641,110.58800621727082,92.45203808706398,18.64876536766495,7.860144476582519,-0.017138034105300903,0.06718945503234863,-0.028782159090042114,-0.1671733558177948
1,54,54.73423308443014,67.4725562418915,27.437235764033836,70.62930682789178,139.37102830160345,153.4298593628224,104.7793716859275,99.38278144600737,110.22707839583546,92.53400628054446,27.2969973203963,3.1567505860002854,-0.016290336847305298,0.05824628472328186,-0.013350367546081543,-0.15511754155158997
1,55,62.36372268041696,57.56063082622068,19.776677039756787,65.75852302072862,140.37149090192025,152.49515839556437,105.62891101445749,105.87325732702794,109.46693893143741,92.538925812354,42.58704564066018,8.197892194507936,-0.015140414237976074,0.054672494530677795,-0.0028938353061676025,-0.149099200963974
1,56,64.82901373894198,53.96954110960532,17.69886538386329,55.038086714109454,142.86991309295112,148.1361454941154,111.59191399489174,107.35699525379533,110.5812684723183,92.60062527484082,47.13014835507869,1.0685456045041306,-0.013478398323059082,0.04245761036872864,0.006746619939804077,-0.14093658328056335
1,57,65.0495782592407,50.84648452135367,18.31235719278097,46.486102716337285,141.82965095397833,150.6982257497957,114.2198350315776,111.98293710974501,111.90123243663486,91.91376355911461,46.73722106645974,4.360381805016388,-0.011643052101135254,0.020893752574920654,0.0161077082157135,-0.12297731637954712
1,58,64.4389707231181,48.28996201935343,18.79022439542128,42.61528252866495,140.70075756035882,149.1917225445726,109.11429536310828,114.0668248716615,111.43817152075965,91.51606658572702,45.64874632769683,5.674679490688483,-0.010251343250274658,0.010806381702423096,0.022863328456878662,-0.11486855149269104
1,59,65.02895668494342,46.68589741901762,18.389890996024874,39.87329506443244,141.35100621890982,148.37439187812222,113.08218191339775,114.07396922980551,112.98310463796246,91.35965222608431,46.63906568891855,6.812602354585181,-0.009888380765914917,0.0008623450994491577,0.025998353958129883,-0.1062116026878357
1,60,63.189755592584916,45.48038071957847,21.15984256515217,33.887849759242854,140.41107793069747,147.3525847448935,116.30402902503546,118.27052392133237,112.50845833594713,91.3329344821904,42.02991302743274,11.592530960335615,-0.009287625551223755,-0.012167394161224365,0.02975723147392273,-0.09743642807006836
1,61,63.85933681892079,38.73660700132758,20.837737669012917,34.26193539890177,139.87467443878018,145.2809975210104,114.94005217655605,117.45466810431114,112.08892510840523,90.90174408511389,43.02159914990787,4.474671602425808,-0.008958578109741211,-0.023127257823944092,0.03499361872673035,-0.09027639031410217
1,62,69.72167334116759,44.53267058017332,24.12813982285542,25.558299368222514,141.32832849569627,150.54661362217362,114.99984324737392,120.27495680428831,111.56151868444637,90.41930470754059,45.59353351831217,18.974371211950803,-0.007213503122329712,-0.03594256937503815,0.03600800037384033,-0.07257944345474243
1,63,67.34023891771845,48.552965003053,19.025423433468887,23.585403902244224,142.92180093415772,149.64346088897608,120.66926713224179,119.93643343274803,114.96907142607155,90.40659709551834,48.314815484249564,24.967561100808773,-0.006916791200637817,-0.04168690741062164,0.035885751247406006,-0.06783339381217957
1,64,69.67445822914758,46.219148791030534,20.371803734166317,24.956617155187004,140.43903832857106,149.0773145515018,110.03916023412671,117.30309701738597,111.76054011705,90.32099699392,49.302654494981255,21.26253163584353,-0.006368011236190796,-0.046936944127082825,0.03478345274925232,-0.05836573243141174
1,65,69.18609971444945,45.463847772152164,22.357281493396233,26.86555131383523,140.93153004980033,149.635192766912,115.11311974970761,115.18406879318438,113.15846752340565,90.28707284657841,46.828818221053226,18.598296458316934,-0.006343364715576172,-0.049404919147491455,0.03492268919944763,-0.05283844470977783
1,66,68.50572294190441,45.511349007782016,24.43627977093591,27.74172099918268,139.66190977177118,150.95685982648044,115.60887033932379,115.92954100643718,112.96855526330839,89.90267555032197,44.0694431709685,17.769628008599337,-0.00772017240524292,-0.05123394727706909,0.034647226333618164,-0.047678977251052856
1,67,68.66353831434643,41.499689557103586,21.826402219523047,28.12762553431397,140.10325018711856,149.93371539973026,112.43806501081679,117.62500101030138,113.78482473605172,89.7453539552084,46.83713609482338,13.372064022789615,-0.007720828056335449,-0.052677229046821594,0.033599138259887695,-0.04622370004653931
1,68,71.47387515120441,48.31302118545732,24.211295214553388,26.439736415669007,138.34458924487382,149.65428241012594,108.12751631795736,113.49941682822067,111.2301086675092,88.96938524655481,47.26257993665102,21.873284769788317,-0.007700204849243164,-0.054291024804115295,0.03275004029273987,-0.04483693838119507
1,69,71.05857336853536,48.50674823817998,23.85272974407673,27.237270583330602,138.47375951082313,151.48810370484057,108.34543708067032,113.0545670546524,111.4450161139367,88.89204258664901,47.20584362445864,21.26947765484938,-0.00820574164390564,-0.05388540029525757,0.032674640417099,-0.04497319459915161
1,70,70.33248306569135,42.673888256602055,21.764319254953328,28.77267715906686,138.1755048782084,150.2638067239583,106.60518905894484,115.86205967196449,111.55125769242801,88.41819384569955,48.56816381073802,13.901211097535196,-0.008499056100845337,-0.0539088100194931,0.033517271280288696,-0.045846760272979736
1,71,70.82472984472051,42.27892455559524,22.361536360211986,28.769048350134153,138.56557403273592,148.76900473345364,110.06059435518347,113.12689919005983,112.20741302478308,88.41375381800653,48.46319348450852,13.509876205461087,-0.008769840002059937,-0.053845494985580444,0.03362146019935608,-0.04755130410194397
1,72,72.41711630080007,37.48176704586106,24.82758053085845,32.795937129660416,138.95855281287552,147.8920404925001,111.95864885024208,110.84618892812756,112.03101258782853,88.43965840503022,47.58953576994162,4.685829916200646,-0.00870242714881897,-0.054054975509643555,0.033532559871673584,-0.04781264066696167
1,73,73.08412388993364,27.74881364223314,24.536638903796458,34.94339457751625,138.04525999861258,145.89126398548544,107.93656750663419,112.39990149903073,110.30217838265331,88.4864448571993,48.54748498613718,7.19458093528311,-0.008908957242965698,-0.05385172367095947,0.03349176049232483,-0.04638391733169556
1,74,74.28357892149526,34.50029372861883,23.759040053304687,31.167195675008067,139.6341525758245,146.7766660712731,110.06173385187282,110.00201708488139,110.86017657629826,88.46586393134478,50.524538868190575,3.3330980536107617,-0.008797436952590942,-0.05364270508289337,0.0337522029876709,-0.04634958505630493
1,75,74.10205938806978,45.05437189598952,26.341824964389772,27.021698774131455,138.81181627308777,147.31494471802952,108.37687627375163,111.18215221405477,109.41340320520585,88.50865879424619,47.760234423680004,18.032673121858064,-0.007330656051635742,-0.05366046726703644,0.03401872515678406,-0.045787155628204346
1,76,73.32602119861266,45.023367795420505,25.646798779191627,27.61551633361528,140.16169749281997,147.03007725209244,109.69428237742909,110.78125666882656,109.98364942349104,88.54576838018258,47.67922241942104,17.407851461805226,-0.005008399486541748,-0.053212717175483704,0.03409993648529053,-0.045689910650253296
1,77,70.2609983635057,44.68438979403302,23.515222567551685,27.70461530207852,139.83117749457065,145.9881607467124,110.78988080440654,112.36792800633755,110.15938413409172,88.51773492287295,46.74577579595402,16.979774491954498,-0.004246443510055542,-0.052850380539894104,0.03358036279678345,-0.04563221335411072
2,0,72.67254963727036,45.354792539315675,35.97345573748043,28.20316027941363,128.78876347438785,138.8067933865578,108.43803641301653,121.26715971086499,120.10084636007005,91.8747919287596,36.699093899789936,17.151632259902044,-0.029089629650115967,-0.05818656086921692,0.01092219352722168,-0.07158651947975159
2,1,74.65342347348506,53.47370968261022,34.08725695685479,31.195845284894983,132.29399506507127,138.71053452937903,109.24057408807911,117.88521728978473,122.02066339541668,91.92461966641105,40.566166516630275,22.277864397715238,-0.03027665615081787,-0.055780649185180664,0.015469521284103394,-0.08521774411201477
2,2,72.54285173847202,50.00388617842346,32.24574968407418,34.684210898289585,132.35033487331432,135.8180837824317,103.0718984172044,118.98291784297234,119.59096449739125,92.46766921136448,40.29710205439785,15.319675280133872,-0.03053531050682068,-0.05024218559265137,0.017945855855941772,-0.09995907545089722
2,3,74.02347034793767,53.54651088519706,31.83469664496093,45.9753431313795,132.6190233909244,136.4086732067611,100.32424980195515,109.64411862570714,119.65201335801531,92.39558372137343,42.18877370297675,7.571167753817555,-0.030338793992996216,-0.044597238302230835,0.021172761917114258,-0.11491790413856506
2,4,73.70083014359774,63.71181763086402,31.848406148773382,52.16451871704175,131.3438365247582,139.439006568483,99.37431446027968,103.68198483271716,119.2091706383205,92.39007121462377,41.85242399482436,11.547298913822267,-0.028963565826416016,-0.037780821323394775,0.023698747158050537,-0.1322866678237915
2,5,74.66756470814133,71.1919500926412,32.41165073927414,56.41480702418952,128.43163994311595,142.3402248312769,103.00104714607409,105.06147193726692,119.4634687348137,92.20619858563512,42.25591396886719,14.777143068451686,-0.026566386222839355,-0.029264241456985474,0.025992900133132935,-0.146337628364563
2,6,77.58886880175785,74.5907882617744,32.30274280717406,63.98838512957869,129.00651666353752,144.40273430840043,102.76224110942,105.29580265118716,119.55369589989289,91.96071371319829,45.28612599458379,10.602403132195718,-0.026155322790145874,-0.019779831171035767,0.026820272207260132,-0.1665014624595642
2,7,76.58688651231331,78.8262251728412,30.798386046676438,70.83631392551212,129.97736718892358,146.86563203104228,102.09299681522197,108.08536976865727,119.00388608364001,91.85617112037467,45.78850046563687,7.98991124732909,-0.025079190731048584,-0.0034756362438201904,0.030246704816818237,-0.18056601285934448
2,8,73.8043939518702,76.51793583527042,29.48708025805243,85.92903981795887,130.30834294900694,148.12214246087734,100.82119698666784,113.58354965671698,118.39413776947333,92.62720739273034,44.317313693817766,9.411103982688445,-0.024647176265716553,0.011986106634140015,0.03007751703262329,-0.19198575615882874
2,9,73.17194921561864,84.64617774958874,28.63426571029035,88.21838346609474,131.2649077374944,148.72089653956084,100.74587897951304,118.85773317627869,118.29068171426132,92.57089400632061,44.53768350532829,3.572205716505991,-0.02460673451423645,0.01796048879623413,0.030006706714630127,-0.1927279233932495
2,10,71.01897799664185,89.78671952487261,27.15643188522471,90.06922768592837,133.0192553257397,150.93715612810067,99.18888133132087,125.08275122883971,117.2653640349747,92.26693220302701,43.862546111417146,0.28250816105575893,-0.02461835741996765,0.027330979704856873,0.02852243185043335,-0.19354793429374695
2,11,72.28681167297799,88.0132552009173,27.298055736732614,96.30871175131654,133.70207798093327,140.44394130487484,99.33260348052376,128.86879851864003,117.75903854486056,91.91178738353302,44.988755936245376,8.295456550399237,-0.024643391370773315,0.015791460871696472,0.01585802435874939,-0.18858987092971802
2,12,67.0941486098214,84.91356420597299,34.656326712614494,97.7324364244929,135.54812100686922,126.64530513901576,96.25326363376416,150.04483367787154,120.60149672957333,90.6221378889368,32.43782189720691,12.818872218519914,-0.024660378694534302,0.029418572783470154,-0.0016677379608154297,-0.18934446573257446
2,13,67.63381169948337,95.3175101780652,39.18591066235712,90.149062985344,136.6587112458984,128.19879285006246,96.12624503531119,157.97974982317433,119.94881593781409,90.70374887241174,28.447901037126258,5.168447192721203,-0.024749755859375,0.0459064245223999,-0.024733692407608032,-0.18790891766548157
2,14,52.972715887220595,100.65002487132317,66.3751867041393,92.24706795142305,136.67669559352402,131.80080853569353,97.10978696552148,161.4262550779788,125.11400799914833,91.27688537236153,13.4024708169187,8.40295691990012,-0.02612587809562683,0.04965396225452423,-0.05426335334777832,-0.18290260434150696
2,15,47.30587032065914,106.0613760410436,70.46269102235334,89.93325641702721,139.9392616824271,137.8321481593995,98.86757149125928,158.396844418172,124.29509126738857,91.64289872689933,23.1568207016942,16.128119624016392,-0.02840244770050049,0.06052178144454956,-0.08002680540084839,-0.17989039421081543
2,16,46.165141867746414,111.60139250045472,79.62425938188152,95.79667302994395,141.16916874383546,138.76788886256597,102.99967744444771,163.26430143648815,121.74580905090407,91.74151020429768,33.4591175141351,15.804719470510776,-0.03063264489173889,0.049985095858573914,-0.11173522472381592,-0.17869454622268677
2,17,37.32606181150875,112.76448049184326,78.46403009278698,97.45208243014918,144.1382621223231,130.09722620994955,111.54471398935429,161.69323387387712,119.70110742019546,92.2466150048853,41.13796828127823,15.312398061694083,-0.029452145099639893,0.0479232519865036,-0.14148962497711182,-0.17541953921318054
2,18,35.085610914087496,115.3331757831798,81.35646966371007,99.38788357323537,146.3517990840052,133.88386682020635,114.17652593090895,169.51210482994182,115.22684182022766,92.8589644571178,46.270858749622576,15.945292209944427,-0.028544992208480835,0.05045968294143677,-0.1623789668083191,-0.16825345158576965
2,19,39.76045528227322,119.47979490257262,66.62160796001199,98.4712430180524,153.82103039444266,141.18428591182848,136.03784039813567,171.31518958562205,108.10430874375285,93.32871925194893,26.861152677738765,21.008551884520216,-0.02247282862663269,0.06259782612323761,-0.1714676320552826,-0.16218975186347961
2,20,55.09029506290046,124.53862789895064,68.12448086817636,95.99717839740559,153.91326929156276,150.1129390502085,140.80468836742486,175.97045614366218,107.39741676120377,93.60168838841642,13.034185805275904,28.541449501545046,-0.016712874174118042,0.08806025981903076,-0.1796949803829193,-0.156130850315094
2,21,78.6704262158883,123.22917346901244,73.34857441585504,99.45249242779464,160.22233003454562,148.92269727280308,153.64810973743764,171.8019786552581,106.77855813956842,93.74577392276389,5.321851800033258,23.7766810412178,0.00010383129119873047,0.09388327598571777,-0.18012306094169617,-0.14912459254264832
2,22,86.84732545197235,122.43807178173087,104.0192478110892,101.40170330348077,160.6094855821738,151.2651755745579,141.0475104905942,171.88632452326658,105.51658158040141,93.91382829772739,17.17192235911685,21.036368478250097,0.013900130987167358,0.10839247703552246,-0.17605003714561462,-0.14289754629135132
2,23,92.63268893676994,122.32644380438208,106.72298281912634,98.57477048810539,153.47834317757923,153.08362461541054,170.4113910903969,176.70082409209581,101.17875722117394,93.9230437333425,14.090293882356406,23.751673316276694,0.03549802303314209,0.1134009063243866,-0.1682954728603363,-0.14264163374900818
2,24,110.06313048669712,125.44663922375342,99.52879938257882,93.17031979241868,156.55646786193537,158.91300613013937,174.50847718323695,177.56341135174006,99.34417080281835,93.75586628479688,10.534331104118294,32.27631943133474,0.03877958655357361,0.12002530694007874,-0.16130724549293518,-0.14350807666778564
2,25,111.31913813907242,124.07674953231013,97.647075197873,91.79264373723154,143.93909626858658,159.29362481264474,175.35258490989992,177.64054420221416,99.60546261419643,93.66842629859454,13.672062941199428,32.28410579507859,0.05055387318134308,0.12110266089439392,-0.15325689315795898,-0.14449012279510498
2,26,114.57132637669226,123.54427411097126,91.77188365541582,90.55519605195965,147.84815381256897,156.54316413604323,172.509993600304,175.28509655939453,98.88051959417916,93.4856490285889,22.799442721276435,32.989078059011604,0.06812168657779694,0.11417204141616821,-0.13237762451171875,-0.14434900879859924
2,27,113.60676232138978,121.71676172508965,96.86500388608346,89.37239735450136,151.38659890629748,150.73769297128032,177.0325195447684,172.6100225475738,98.86142039413573,93.24807682273237,16.741758435306323,32.344364370588295,0.10712148249149323,0.10741919279098511,-0.11052638292312622,-0.14492523670196533
2,28,115.02814349116538,120.81601460994149,98.95386135178752,84.65002578596867,157.91518964484865,157.6859061601094,179.30750278358664,171.510369576339,99.2217314511047,92.85023929088555,16.074282139377857,36.165988823972825,0.1415783166885376,0.10354112088680267,-0.08598852157592773,-0.14620712399482727
2,29,114.94870921235663,116.43109079927275,97.88269091918676,83.79417402464642,164.26452065518316,155.86610226407822,178.59202318842839,167.8610283834583,99.47230211237301,92.8045367634848,17.066018293169876,32.63691677462633,0.1708354502916336,0.10272903740406036,-0.07319140434265137,-0.14890065789222717
2,30,119.82944363636992,112.73030146322121,91.18296968046107,82.60978733041625,165.713153290357,145.30981489571914,174.3424745042027,165.97859557629786,99.6202816552268,91.6932520645282,28.646473955908846,30.120514132804956,0.183480866253376,0.09065467119216919,-0.0621371865272522,-0.1537218689918518
2,31,116.42636276929089,106.95141145468139,90.79229440235034,83.28087830615796,163.43603375638037,138.62055017463095,171.54660385851997,164.81181592824453,99.67168098224496,90.80201033638899,25.634068366940554,23.670533148523432,0.18810344487428665,0.08070780336856842,-0.0563693642616272,-0.16372880339622498
2,32,116.59730256117858,94.17870650310829,87.20390091055167,84.99611667959292,163.08556927035667,125.0682463298899,168.5979392693399,158.9717623188532,99.75779023085444,90.47462547188998,29.393401650626913,9.182589823515372,0.18883111327886581,0.07827837765216827,-0.05270993709564209,-0.16928628087043762
2,33,115.11373443890766,94.1070749336444,92.97980226662716,87.23058790586668,161.2379238924659,146.7238956425564,177.98882831136856,113.94242063071187,99.8636341103917,90.667123515567,22.133932172280495,6.8764870277777135,0.17633824050426483,0.07222054898738861,-0.05827650427818298,-0.17269229888916016
2,34,114.32675429114481,95.48943557335669,93.1902784391573,83.89637019717352,158.8101136926301,151.49731332258474,177.9797725461479,113.08375813603257,100.16555991252577,90.28393420295038,21.136475851987512,11.593065376183162,0.16384173184633255,0.06330004334449768,-0.06508561968803406,-0.17540132999420166
2,35,115.45010846358139,90.87954921244838,87.61703420884689,83.05256619481266,156.786946903029,149.1914646160928,176.1803945189934,118.04932777143561,100.0099127703049,90.38428694784152,27.8330742547345,7.826983017635726,0.1429864764213562,0.06052166223526001,-0.08296352624893188,-0.17836591601371765
2,36,114.30689878764376,85.93209332703871,87.49205825198398,82.67023344670172,144.87146556864565,147.60056759082343,178.11402889078767,114.41575769944261,99.82536949316062,90.25251144254773,26.814840535659783,3.261859880336999,0.09732487797737122,0.05648581683635712,-0.10507446527481079,-0.1796254813671112
2,37,113.22590997278452,71.1327744419489,85.25526430298562,90.2486662671602,143.79131552967232,149.1118459433214,174.22699508403937,100.40607759441703,99.7836001185377,90.45526905312002,27.9706456697989,19.115891825211307,0.07328130304813385,0.046552494168281555,-0.12183091044425964,-0.17978373169898987
2,38,96.14848382350732,70.99830874334874,85.14053256118402,84.0061435632809,130.18213383055743,152.49226218408828,163.7485141325629,103.628273317248,100.20056880772762,90.72605262634744,11.007951262323303,13.007834819932157,0.05211456120014191,0.04751749336719513,-0.1416562795639038,-0.16945528984069824
2,39,99.99727115420424,72.27641963081862,90.20874437756972,81.8603861125318,142.15882881842933,154.10196995095313,163.4782119743951,96.65308160375976,100.67764710455693,90.56162327735977,9.788526776634527,9.583966481713176,0.018545061349868774,0.04483005404472351,-0.1495523750782013,-0.16383343935012817
2,40,99.76581810136152,72.79832707990721,90.139299552423,77.35854465051972,149.55417336368768,150.5874742894442,151.41112033981807,82.01861677479538,102.89976828606463,90.87206400239327,9.62651854893852,4.560217570612508,0.018574297428131104,0.04094044864177704,-0.15600347518920898,-0.15921694040298462
2,41,98.5837939804707,71.64975422221663,89.57220167614999,75.51993745424431,148.11306376729763,148.48053071900154,134.99158141227534,82.26515752226886,103.51664031938857,91.02658884012176,9.011592304320715,3.870183232027685,0.005427509546279907,0.032563239336013794,-0.16416069865226746,-0.1500113308429718
2,42,83.44159419140175,66.40138695326345,85.96303788387696,68.70801024217835,141.4181841482726,145.09812146139936,99.02667690535128,85.7072752688851,105.00194873367238,90.98685152554671,2.5214436924752164,2.306623288914892,-0.01353481411933899,0.02279883623123169,-0.16704577207565308,-0.14000073075294495
2,43,59.3889092076945,65.89630946037359,93.47360452692934,60.12960671990957,134.71462612876272,140.8709140064753,120.56503422340566,88.01998457758182,107.50536067358505,90.92161171358406,34.08469531923483,5.766702740464019,-0.02629411220550537,0.014771193265914917,-0.17089280486106873,-0.1293497383594513
2,44,56.31410370360299,66.53673289918758,92.15684257737111,53.930533211454005,138.5712551496661,145.76837788086007,108.0572817143003,92.91594411364382,109.77243401665302,90.93016231659438,35.84273887376812,12.606199687733579,-0.029126614332199097,0.00914829969406128,-0.1715056300163269,-0.12360274791717529
2,45,59.37765781774169,56.41267102645395,90.12888357823861,52.73982118199495,138.40472302520078,141.64789363666068,100.35992149094228,92.61619715165439,112.56616428346813,90.87890433427417,30.751225760496922,3.6728498444590016,-0.03345492482185364,0.002936914563179016,-0.16669023036956787,-0.11766558885574341
2,46,40.44610842259344,52.48789917268616,92.15096082225477,50.557747684535116,129.90598611134516,138.94746035248116,103.3453660475363,93.0378066980244,114.50419574415618,91.02324815176952,51.704852399661334,1.930151488151047,-0.03254684805870056,-0.005674436688423157,-0.1597570776939392,-0.11062434315681458
2,47,55.11520546858114,40.42323913637441,81.0173349465208,49.60600656650465,134.049273924495,138.53596012391674,106.59426846921959,98.40001422518992,116.19495255801733,90.97570258375134,25.902129477939667,9.182767430130234,-0.030667781829833984,-0.015910029411315918,-0.1410737931728363,-0.10603231191635132
2,48,55.79532841100955,51.317764066603694,75.46687957670211,43.8414747896968,130.07810698118487,143.29988169869665,103.52164403913726,101.03803587280106,117.14938609348513,90.7346145030351,19.671551165692563,7.476289276906897,-0.031133204698562622,-0.024667993187904358,-0.1283383071422577,-0.10194256901741028
2,49,56.377040858582006,46.802118466297955,68.88566314570896,40.89156116738432,131.8409589608008,132.87609109342185,99.41133106705725,95.78641965911889,118.35660354358215,90.64861508857494,12.508622287126954,5.910557298913638,-0.03061896562576294,-0.030186444520950317,-0.11162370443344116,-0.09628188610076904
2,50,68.70929472878942,48.266898670951456,44.676368107208575,41.45626609003456,126.62408164131442,138.25350691145232,91.75092360017649,94.43715034563547,113.01000545058669,90.513243237931,24.03292662158084,6.810632580916895,-0.029819488525390625,-0.03391091525554657,-0.08754482865333557,-0.08565354347229004
2,51,70.59651975384439,52.08786135223393,44.66886981667492,38.49156217249051,130.50462969769762,140.6411648115373,91.65595779655385,93.61116928021892,117.1458257290841,90.18703044102398,25.92764993716947,13.596299179743419,-0.025641411542892456,-0.03859362006187439,-0.06836804747581482,-0.08008331060409546
2,52,72.62293729237847,50.56477202540729,36.78058269056195,35.57160043402365,131.30030251827182,141.31357475273106,87.6970368670195,97.23308567635581,115.93397534663363,89.69657253872882,35.84235460181652,14.993171591383636,-0.021950751543045044,-0.04697059094905853,-0.051296114921569824,-0.06803607940673828
2,53,68.90491599069327,42.59396053576165,34.724827107917044,36.09684241989117,132.51971676742295,141.48536172737317,86.79146896483498,102.29814343363188,118.17518671221632,89.4011971683184,34.180088882776225,6.497118115870485,-0.016122937202453613,-0.050792381167411804,-0.03171280026435852,-0.062395185232162476
2,54,70.12162164957202,47.62586822015192,29.870299175124146,34.242135353349745,134.2480774379463,143.43263171186905,86.23731425888485,101.41457451951243,117.32863862486606,88.7268375632389,40.251322474447875,13.383732866802177,-0.011028826236724854,-0.05372975766658783,-0.013574808835983276,-0.058171212673187256
2,55,69.40064323926516,48.18386439662095,34.22793256968987,35.45124281169376,133.80766970279393,142.0430816947784,85.88314467733537,98.95094334085928,119.58444773391082,88.58570685820038,35.172710669575295,12.732621584927188,-0.008836507797241211,-0.05760274827480316,-0.004286676645278931,-0.055619657039642334
2,56,68.22813437237298,40.43293593417678,31.516512509316335,39.31045799700127,133.959160530551,140.28230133207964,89.1670565030893,101.62146054041642,120.56194452044127,88.4979822393911,36.71162186305664,1.1224779371755105,-0.006181627511978149,-0.05903401970863342,0.003682851791381836,-0.05140608549118042
2,57,71.09526576615032,35.880396112109544,24.142768018946278,40.44697753698159,134.7990177792769,139.15962745756622,88.39395619475468,101.32159788863466,118.33153592756254,88.47565644534829,46.95249774720404,4.566581424872048,-0.0036430954933166504,-0.06099800765514374,0.008640021085739136,-0.04996606707572937
2,58,66.47584113894251,36.35993672556875,27.424881703241947,39.443967685304905,132.60565773728337,139.1235312939818,88.83144606949328,103.63847661747752,119.42196438548623,88.41943410038867,39.05095943570056,3.084030959736154,0.0016367733478546143,-0.06237015128135681,0.01443818211555481,-0.049993932247161865
2,59,64.27691782342515,39.84116581327339,26.237425653381543,29.202645942056982,132.01142740194237,138.98860069537233,89.27617401553246,108.64693782450502,118.32537975821133,88.48101763913608,38.03949217004361,10.63851987121641,0.00427699089050293,-0.06274880468845367,0.017885804176330566,-0.048248887062072754
2,60,71.90547018432343,42.49675499175176,23.517862856636924,31.793499368898857,131.69118693362233,140.11878308304432,88.9197377964622,106.06096075656643,117.01538646467387,88.50680749543787,48.38760732768651,10.7032556228529,0.005932897329330444,-0.062186405062675476,0.01921030879020691,-0.04808202385902405
2,61,69.6924581344375,32.74229640582189,19.96287233518025,39.7528408503202,132.8951572172183,139.5800668485521,89.4399571943686,105.17536643227967,116.38969564644057,88.5785188912415,49.72958579925725,7.010544444498308,0.005713522434234619,-0.06211651861667633,0.023829013109207153,-0.04774090647697449
2,62,72.02530816427911,41.439784747683575,20.578164256602445,33.8276118231603,134.85273710066838,141.51838831809886,88.7712270417699,107.46407553761394,117.13997893059468,88.63048473320765,51.44714390767666,7.6121729245232785,0.004928946495056152,-0.061824947595596313,0.02515771985054016,-0.048023521900177
2,63,71.94046867713638,40.97875149851923,20.90939532154082,34.182649487321385,134.9326016410617,141.4838684987957,89.09776817168141,105.50501239306243,117.14484464650833,88.62333021360756,51.03107335559556,6.796102011197846,0.004617601633071899,-0.061532869935035706,0.025668442249298096,-0.04889118671417236
2,64,72.48905728874524,43.98558742476378,22.101066470921243,36.595215940203964,135.37018596774482,142.06275536458114,88.6688417265401,100.66044076365009,117.75488848783675,88.638222683387,50.387990817824004,7.3903714845598145,0.004506170749664307,-0.061236560344696045,0.02489343285560608,-0.04929149150848389
2,65,71.64170440305462,44.92477771763141,21.032586636136475,35.907451313430336,135.3644190432321,141.59019357600272,88.02354888347627,99.90406766926388,117.38616518390542,88.63422550149285,50.609117766918146,9.017326404201071,0.004407107830047607,-0.06109175086021423,0.02534845471382141,-0.04965582489967346
2,66,70.84171123438605,45.325076025884826,20.316022488981133,36.89898088949589,135.00878068435267,141.53794904469726,88.97349822050703,98.27165660138635,117.12929032466836,88.63580146521171,50.52568874540492,8.426095136388938,0.0043444037437438965,-0.060756802558898926,0.026583760976791382,-0.0498177707195282
2,67,73.7715644287432,45.217699958960914,19.330728834258437,39.88683817144573,135.51500862290115,141.65876295295763,88.98729175603962,96.36988613928514,116.72678837913303,88.67644042079071,54.44083559448477,5.3308617875151825,0.0038467347621917725,-0.0603601336479187,0.029043912887573242,-0.049928486347198486
2,68,73.23450288341569,45.57051204568958,19.572533213274234,39.63985686073013,135.73933670417682,141.6956548427471,87.33028125355777,96.55574251453227,117.22528350734942,88.73656538890496,53.66196967014145,5.9306551849594555,0.0035522282123565674,-0.059982821345329285,0.030090808868408203,-0.04989713430404663
2,69,72.5022876005691,40.622723698780916,18.59865780853245,38.953987977753485,135.51974307443433,140.70948371997085,87.40284673801396,98.60803470534736,116.7784247378962,88.70455837193828,53.903629792036654,1.6687357210274314,0.00327908992767334,-0.05990813672542572,0.030698925256729126,-0.04965704679489136
2,70,73.62194931914006,46.082470898279325,18.69762517807501,36.75637578388845,135.36574682879728,140.81474773182336,87.16716678048351,96.86533165493657,116.57499479424496,88.59327198962491,54.92432414106504,9.326095114390874,0.0031342506408691406,-0.06001114845275879,0.030534863471984863,-0.049663692712783813
2,71,73.10326026788235,46.953976617569786,18.681426828273743,34.04620640417308,134.8289373371686,141.68997773612614,86.39216675457875,100.14546902416015,116.38294230294412,88.58489296004427,54.421833439608605,12.90777021339671,0.0030803382396698,-0.05988630652427673,0.030937254428863525,-0.04943913221359253
2,72,73.33967358758589,46.44616808815191,18.900567209085718,38.39743784261328,135.1211872814558,141.53074442980562,84.99382253279468,98.5138120235496,116.52407549461346,88.76064346182082,54.43910637850017,8.048730245538628,0.0019421577453613281,-0.059709250926971436,0.03145486116409302,-0.049617379903793335
2,73,73.59661229502888,41.35650746840392,18.709773994352243,40.19397539689377,134.79047629661258,139.54699090845816,84.98094480846618,97.4294484816369,116.28341513041612,88.32514134959766,54.88683830067663,1.1625320715101495,0.0018823444843292236,-0.060086727142333984,0.03241714835166931,-0.04961889982223511
3,0,68.0947238195222,43.63009663262096,35.19115433813474,31.770814528896057,119.07090625076385,138.42026536446022,124.3055548774052,123.54282071120903,121.60936965442879,85.75369265050344,32.903569481387464,11.859282103724905,0.004644930362701416,-0.07650801539421082,0.027201145887374878,-0.057414501905441284
3,1,71.96591772492076,45.43205672908884,33.64242334608416,31.813933068528083,123.58230954638834,140.58799912422066,113.12913694610138,116.75505113137687,122.26343169911415,85.67571871263608,38.3234943788366,13.618123660560759,0.0019992291927337646,-0.07483559846878052,0.034901946783065796,-0.06012919545173645
3,2,69.5228398365465,50.81278978376862,31.662199456955,31.886040860205284,124.33568632068314,142.32163620837892,112.95151647372444,113.82735290110347,121.70366836375659,85.61575715585647,37.860640379591494,18.926748923563338,0.0019526481628417969,-0.07285824418067932,0.04192355275154114,-0.06928035616874695
3,3,72.27295119225164,47.11947795172876,30.869636496906974,33.945854166686125,125.16829776971852,141.66887238910056,113.4219532373923,114.19463749193045,121.08088223748449,86.21333148149957,41.40331469534466,13.173623785042636,0.004227578639984131,-0.06736479699611664,0.044916898012161255,-0.10373926162719727
3,4,70.1844354432483,57.36710418715548,30.84380028895063,40.214200632957635,123.69448244982422,145.7514179518029,109.41568892968651,108.43444410807238,121.26332696057328,86.31396545778244,39.34063515429767,17.15290355419785,0.005826979875564575,-0.06310361623764038,0.04889094829559326,-0.11545917391777039
3,5,70.04194823773088,61.80590189063219,29.028501472800027,44.86209391201637,125.76198407613138,144.99248309520934,111.88950873248184,107.41292641104911,120.41899651548452,87.10597587058624,41.01344676493085,16.943807978615823,0.006682246923446655,-0.059270262718200684,0.0510273277759552,-0.1316436231136322
3,6,70.11870026076089,70.267457342952,26.122755423386856,52.60738203738658,127.1850144095884,145.15542157894868,109.15930712785676,104.09836475735462,118.34499971416662,87.39227170701818,43.99594483737403,17.66007530556542,0.0071836113929748535,-0.054038941860198975,0.044407010078430176,-0.14661362767219543
3,7,71.72924450133148,77.9805499733719,25.813870239507366,67.06211157854918,128.41512140452176,148.91397237259116,104.45795685469196,109.41381906019348,118.48849678871163,86.45022299079226,45.91537426182411,10.918438394822715,0.007015049457550049,-0.035647064447402954,0.02768191695213318,-0.17767518758773804
3,8,70.78999630673482,82.6449677698027,26.455928597767617,71.55816708444792,131.77967876484735,149.60058737353384,97.1433990952588,118.06517180236762,118.1702871712265,87.40563117138718,44.334067708967204,11.086800685354788,0.006217539310455322,-0.024432584643363953,0.00500902533531189,-0.18704697489738464
3,9,71.16188936610793,81.09052279979713,36.64923696969388,78.84911847349743,134.5447737936052,144.38373095354117,96.46326594160631,113.33142711785545,122.04349979946154,87.38160519037991,34.51265239641405,2.241404326299701,0.0038221776485443115,-0.01549646258354187,-0.02134549617767334,-0.19485187530517578
3,10,63.34157912941181,83.01732291295008,42.33169738995237,83.47128343990083,138.1887950649115,148.88724613714294,94.78634127614903,114.32495594238017,122.33505725744511,87.63258508486449,21.009881739459445,0.45396052695075184,-0.003773212432861328,-0.003689795732498169,-0.05383121967315674,-0.19908678531646729
3,11,50.31721277848277,89.50015903605144,64.25398421747269,90.03562802647046,139.98072018692,147.95977664545129,99.47409910552176,113.19732107039435,124.28752562739038,89.69499127219008,13.936771438989922,0.5354689904190195,-0.007344186305999756,0.008989483118057251,-0.08567965030670166,-0.19850292801856995
3,12,44.09315605713012,89.3189295290051,68.6954918932002,95.16105811381307,141.71043841578236,144.41102596207273,112.32999415087563,122.80635495705226,122.20534449928762,89.69547257897327,24.602335836070075,5.842128584807966,-0.008183538913726807,0.012831166386604309,-0.11766111850738525,-0.19625252485275269
3,13,35.31478466291394,90.35741983937274,70.08585080469625,94.45708040431883,142.2235567811151,134.68156923946535,114.93062324883074,147.73555435183957,116.24646392600184,88.362954766337,34.77106614178231,4.099660564946092,-0.008638381958007812,0.010008126497268677,-0.14342111349105835,-0.19278600811958313
3,14,42.19300121829481,92.39778260485404,74.77931855665456,95.14690915225039,139.3350376272445,121.93648147961608,113.3757384044757,158.11825756161718,112.24690816469702,88.566810048658,32.58631733835975,2.7491265473963438,0.0026944875717163086,0.032338038086891174,-0.15392634272575378,-0.18621620535850525
3,15,59.21531306526619,106.14899860565714,79.36204807258179,96.32212018529864,133.48864989492196,146.17051286464707,109.92060328197847,170.94742382950662,109.04140514632111,89.42969465063655,20.1467350073156,9.826878420358497,0.009918212890625,0.05033399164676666,-0.170111745595932,-0.17956840991973877
3,16,61.53510067988826,120.36204846680884,95.76343923474988,87.8484130926583,137.39774914888486,142.22677565920367,102.74392104055174,168.4434228470837,106.32717112961868,90.12923281656909,34.22833855486162,32.51363537415054,0.008583366870880127,0.0463251918554306,-0.17187246680259705,-0.16640597581863403
3,17,83.52987127159702,119.28849703006695,96.05948744987465,91.74199336676863,144.45420857369297,142.78195052283252,109.80786336652369,173.7489243332849,104.06256539148534,90.96723123959421,12.529616178277635,27.546503663298324,0.03566791117191315,0.0634821206331253,-0.16761541366577148,-0.1570509672164917
3,18,98.00492027081481,119.46730011235562,92.32765614605424,92.28458685529544,150.18027412889134,152.49861598604514,165.8382505522856,175.8662772643108,100.68359532886377,92.08327983383921,5.677264124760569,27.182713257060172,0.040433645248413086,0.098849818110466,-0.16166207194328308,-0.14933991432189941
3,19,104.6972486383086,123.0353846276585,93.86380022062376,91.50578055703626,158.36057630749315,157.66196798669617,168.38213394605117,176.08876417638075,99.44699988399455,92.6546674167041,10.833448417684835,31.52960407062224,0.06438803672790527,0.12122510373592377,-0.15324756503105164,-0.1360548436641693
3,20,104.69355522312088,123.42854441110094,98.69487964804757,90.56678404747187,147.5792239358614,162.3911155293387,170.36079928391354,177.28434363894496,99.34404601806682,92.98546674174514,5.998675575073307,32.861760363629074,0.07930691540241241,0.13288931548595428,-0.144812673330307,-0.12901997566223145
3,21,104.99445287050702,126.0789917928016,101.01678825071245,89.70904436706576,154.98168331928142,164.70946399535526,173.00608861919164,177.66684906150454,97.90107769603715,93.19637609673237,3.9776646197945666,36.369947425735845,0.1118897795677185,0.14523277431726456,-0.11960527300834656,-0.12277847528457642
3,22,109.3894570282885,124.90604424648747,100.24932382274896,89.7970808090584,159.49968419395333,165.59106775936428,176.52028276311515,177.58126689404978,97.43760584228255,93.663571569214,9.140133205539541,35.10896343742907,0.14238104224205017,0.1560182124376297,-0.09781947731971741,-0.1164376437664032
3,23,111.78693150840192,128.15601768220805,99.87045736288054,87.1711990930327,162.03005231058262,166.6862079429562,175.8386217489079,178.19977001738837,97.87606632113196,93.3383582040876,11.916474145521377,40.98481858917535,0.17163782566785812,0.15574267506599426,-0.07197186350822449,-0.11591458320617676
3,24,111.38496665308479,122.26220928307846,100.8213602811015,88.66574187582114,163.82498164111294,163.02545514781417,162.6748998112032,177.86916767844932,98.19983392550843,93.3282551377023,10.563606371983283,33.59646740725732,0.1895487904548645,0.1523280367255211,-0.04674211144447327,-0.11690253019332886
3,25,111.92604097812143,124.46031609110761,65.0800492857413,87.71910591600344,163.0143300153024,164.55465159833847,168.5258091022126,177.0659744418519,98.35928525778478,93.23575627920879,46.84599169238014,36.74121017510417,0.19558943808078766,0.14996126294136047,0.04385250806808472,-0.11866956949234009
3,26,112.47970856525015,127.86723862200967,61.10242244347922,82.99207569926516,162.684287697892,166.41573904526882,170.95401745166876,177.09517696275776,98.76737184825889,93.03206090566395,51.37728612177093,44.87516292274451,0.1978876292705536,0.14704250544309616,0.05877852439880371,-0.12083843350410461
3,27,112.30606788296662,124.26395290389459,57.24222531517746,81.45419537171394,163.55010654849946,168.1153054030508,170.35522425632624,174.90005857924123,98.70172989673898,92.89617384065097,55.06384256778916,42.809757532180654,0.20252257585525513,0.13020598143339157,0.06494247913360596,-0.12867778539657593
3,28,114.08968337651639,119.70595826035604,95.51693549499055,82.80233243624855,162.02283602011465,165.96012307568677,169.5352657101983,174.0177866557388,98.78542482940773,92.38809036345266,18.572747881525842,36.90362582410749,0.1853049322962761,0.11599466949701309,-0.0031138956546783447,-0.13657712936401367
3,29,116.815937551876,110.40316183595469,91.23310479971404,89.17579702686606,160.79636239346027,161.73652645106873,174.44328280113814,173.219199707808,98.51596738107945,91.56807528069866,25.582832752161963,21.227364809088627,0.1832023411989212,0.10889966785907745,-0.0515914261341095,-0.14283022284507751
3,30,118.12009991064676,108.59898447027874,88.05104218989884,94.26328258974948,156.20703959780795,158.56167091260147,177.51999776803166,171.2935855343039,98.85868646293827,90.70347074165565,30.06905772074792,14.335701880529257,0.15079016983509064,0.08674430847167969,-0.0854712724685669,-0.1507357358932495
3,31,116.88455942734224,100.67474279253138,85.38140610350627,90.50058198268569,147.01672454061304,143.1224707043324,176.9343009469536,169.57833482380443,98.8895988295836,89.56000860154073,31.503153323835974,10.174160809845688,0.10667003691196442,0.08071167767047882,-0.10205093026161194,-0.16320377588272095
3,32,119.79138202406517,87.86028681995191,82.3906765679423,96.09923126083471,160.42568876465913,137.6099130743922,169.6807409587611,145.8584363941931,98.13899772143988,89.41363633820418,37.40070545612288,8.238944440882804,0.085640549659729,0.0732155442237854,-0.11955609917640686,-0.16643813252449036
3,33,105.51972673984514,94.26940034572483,84.37191972907148,93.12813746018958,145.62147203309078,156.06558437035417,161.7366148061783,128.72786669130969,99.20895637963571,89.27598815414919,21.14780701077366,1.1412628855352551,0.0702814906835556,0.06671969592571259,-0.13334956765174866,-0.17018765211105347
3,34,95.02915259523365,93.45487376781915,94.49210240072685,89.60016214454117,145.56623347185285,155.94978783929326,159.67505916301351,129.46928975974348,100.36940654041396,89.1219582679302,0.5370501945068042,3.8547116232779786,0.06550393998622894,0.06499888002872467,-0.14640763401985168,-0.17491096258163452
3,35,95.55143546553633,83.58268451885945,93.75621155783666,93.02708499661061,139.74000779301093,150.4360084856699,126.28798832619867,135.96663523211373,101.54124240529084,88.58322690548293,1.7952239076996648,9.44440047775116,0.028180167078971863,0.04608072340488434,-0.14996501803398132,-0.1804700791835785
3,36,93.57619774671868,75.09145405370603,88.46428345779277,96.11695317231595,143.35616217315376,152.16385016257038,101.8375060179626,122.84263629690984,103.04437033877528,88.67978518282736,5.111914288925902,21.025499118609915,0.016346365213394165,0.03655751049518585,-0.1571504771709442,-0.1820785105228424
3,37,91.19152300978469,73.18427811522784,84.353957634856,90.99212083178898,142.39434496661246,152.76190323851785,105.49149125920131,106.22011195062704,103.34186540218525,88.81065607891975,6.837565374928687,17.80784271656114,0.002181500196456909,0.032649874687194824,-0.1635270118713379,-0.18227940797805786
3,38,84.72620360505229,81.14695832623761,83.88971635429526,83.97086628513003,137.02840424683762,153.64324142697347,101.5072707379343,111.88480418506005,103.40199570623139,89.00384887373149,0.8364872507570311,2.82390795889242,-0.01550021767616272,0.025594055652618408,-0.17068734765052795,-0.1832229495048523
3,39,58.85706759183349,70.92709239499372,82.28941419514989,79.9512085016957,130.69840376423528,148.73217900418913,109.68736116209303,108.7465607386839,104.33435704051504,89.2283206462135,23.432346603316397,9.024116106701982,-0.028465986251831055,0.02210274338722229,-0.17532244324684143,-0.17679166793823242
3,40,52.17525889730144,70.90096804681602,79.20933239582352,70.95046222793388,136.3200823550405,150.163881235517,107.88436351040238,107.92609248047579,105.84001682846097,89.31796324677198,27.034073498522083,0.049494181117864855,-0.03074917197227478,0.019081979990005493,-0.17335939407348633,-0.17124789953231812
3,41,45.65750880518548,67.80284297334396,70.6135068826333,68.25021021172518,136.30865856842303,148.6120532836738,114.43433819798686,103.76680955516002,107.0563612733027,89.09037583949757,24.955998077447823,0.4473672383812186,-0.034147441387176514,0.011688336730003357,-0.16677603125572205,-0.1651548445224762
3,42,52.71030976087504,59.85634901265064,71.67478732261432,68.50024504819466,138.21502781172228,145.90792006268524,116.83561994959926,96.93865195310684,107.9631778321748,89.02553021458259,18.96447756173928,8.643896035544017,-0.03769281506538391,0.008012428879737854,-0.166340172290802,-0.1584567129611969
3,43,51.852804769426754,56.453232510762774,70.5445932036684,62.62638523465844,139.77362852041986,145.08012624739897,111.52193734932482,95.6566234893367,109.19239263641207,89.84125456794692,18.691788434241644,6.173152723895669,-0.038555026054382324,-0.010327205061912537,-0.14839395880699158,-0.14380651712417603
3,44,49.810518919426784,58.94597561643975,66.74314217294392,51.23390156279977,138.40374639261333,142.14230952871156,103.62800998955595,98.45864359901698,110.49280746171274,89.97633076078388,16.932623253517136,7.712074053639981,-0.03549662232398987,-0.016643956303596497,-0.1278311014175415,-0.13334918022155762
3,45,50.497341165271614,62.19752640975224,55.585164293021805,50.27526297755703,134.03931981670422,145.9429659429894,103.61204871764447,95.40534420519697,111.78775282443789,90.23730693492155,5.087823127750191,11.922263432195216,-0.035482048988342285,-0.02258165180683136,-0.10619655251502991,-0.12477704882621765
3,46,51.25804581951111,55.298875765400666,54.177999492131995,47.24013299397997,133.74562588431385,143.261355994643,97.96788214350858,99.4679631276991,113.21570049854803,90.2093690756595,2.919953672620885,8.058742771420697,-0.03393837809562683,-0.029183655977249146,-0.08778530359268188,-0.11852625012397766
3,47,51.015458241939825,57.822442884267495,46.56543881158191,43.929741036644245,133.2601141648464,146.18340216897064,99.54920434473,98.77686099151279,113.80450299914747,90.55220050688955,4.450019430357912,13.89270184762325,-0.03196707367897034,-0.03622841835021973,-0.0670570433139801,-0.10788443684577942
3,48,69.37360897216232,55.90618383302897,32.666774377657134,44.54472130678437,134.53079556493861,147.6666640259984,95.03371208885245,98.13413880334933,111.34382426848593,90.57446603717099,36.70683459450518,11.361462526244601,-0.027385562658309937,-0.043184444308280945,-0.049933046102523804,-0.10054263472557068
3,49,72.50736567276226,53.127415342803445,22.808144600583116,43.37719495471205,135.593529455179,147.52695451555076,90.98160312587001,98.7708411626781,109.01086440908344,90.26952344972965,49.69922107217914,9.750220388091392,-0.025229036808013916,-0.05018581449985504,-0.03236845135688782,-0.08919113874435425
3,50,71.21352918572585,54.984618865385244,25.136615950292065,41.31673553670754,138.27904342630433,149.9633128134715,98.93651199827126,99.35216445394117,112.50241995253336,90.34071906729179,46.07691323543378,13.667883328677704,-0.02419564127922058,-0.05408132076263428,-0.020642787218093872,-0.08201587200164795
3,51,72.23461606421999,53.316239466342175,19.602354615772317,36.58188027227227,136.87925512900495,148.03713641695518,98.76323000986494,101.60443869281185,110.4243890541677,90.31812378219509,52.63226144844768,16.734359194069903,-0.023932546377182007,-0.06044912338256836,-0.00514945387840271,-0.06892481446266174
3,52,74.11181021482759,48.46202846437,19.844085519982233,36.87744026514992,138.88068640762265,145.88571217000282,104.67446815624054,100.8715360528238,112.7615606705521,90.36034340381427,54.267724694845356,11.584588199220079,-0.020871102809906006,-0.062033191323280334,0.006619960069656372,-0.06179073452949524
3,53,72.55116295323661,45.30094150716814,19.614240611704506,36.49599350724286,138.26319245213477,144.83932581838258,101.3470105122966,104.46929417550751,112.6228276132668,90.5035010110854,52.93692234153211,8.804947999925282,-0.018420368432998657,-0.06450338661670685,0.014825105667114258,-0.05892336368560791
3,54,74.13231778412596,47.39585314982187,20.972657882006597,36.49269183235908,138.47039141301644,145.61136630630568,99.76890158050597,102.79862428648148,113.17522164106664,90.6125481557232,53.15965990211936,10.90316131746279,-0.01577165722846985,-0.06521032750606537,0.01997971534729004,-0.05459800362586975
3,55,74.15058417209542,37.12897194143414,22.277052303682872,33.82301312354125,140.28679862335164,146.00286328008414,96.99644774603959,110.59217901340831,113.43755455297423,90.96293771873704,51.87353186841255,3.3059588178928863,-0.01169133186340332,-0.06591233611106873,0.02375209331512451,-0.045264631509780884
3,56,72.0790109120379,41.81294319899182,22.536592755864195,35.46090960743702,139.6308802803917,146.21826456101815,98.88150119101702,107.5598938612284,114.31671824989034,90.94868441756587,49.54241815617371,6.3520335915548,-0.007216095924377441,-0.06663820147514343,0.0257645845413208,-0.04500719904899597
3,57,69.41636425182766,38.986657949885426,22.235106637502813,36.608587869334336,139.9107328299455,144.30424888675412,101.23180188379328,106.31017768154832,114.95368206074562,90.98937944539671,47.18125761432485,2.3780700805510904,-0.004550158977508545,-0.0677071362733841,0.026764720678329468,-0.04364416003227234
3,58,71.28552441152283,38.70163183417988,20.357411771257745,36.45245904693803,139.763108557914,143.67904130906123,105.6727217002565,106.49505785307987,115.02452245874561,91.28920194396191,50.928112640265084,2.2491727872418465,-0.002903968095779419,-0.06846681237220764,0.029338091611862183,-0.041991084814071655
3,59,72.28823488945987,45.81582313936668,19.004511659407484,32.75010537822445,140.79078024411686,142.75861631242861,106.81158337776648,104.45120969844615,114.81250168229253,91.56145410868874,53.28372323005239,13.065717761142231,-0.0006724894046783447,-0.06914736330509186,0.03172919154167175,-0.03919294476509094
3,60,71.3777419469175,45.17931275689251,17.97492563001397,34.13980092017882,142.24663956990597,144.15788700371155,107.57489950148668,107.3478367672237,114.29330921248425,91.14828218194769,53.402816316903525,11.039511836713686,0.001154094934463501,-0.06929831206798553,0.035243064165115356,-0.03725773096084595
3,61,70.44599041512672,38.62445280616401,18.21414757110011,38.38369210823663,141.47402598383752,142.36510722198253,103.70816799080606,105.61039878984559,114.67022500054873,90.90432307512884,52.2318428440266,0.24076069792737798,0.001194685697555542,-0.06907700002193451,0.035992592573165894,-0.037497520446777344
3,62,69.41472974568217,39.90728824243652,18.660929863816666,40.99339773462311,141.77728503515175,142.83498043522135,106.21772039303632,103.1713533939874,115.58104328520457,90.94662612589971,50.753799881865504,1.086109492186587,0.002332925796508789,-0.06855924427509308,0.037031978368759155,-0.03868773579597473
3,63,68.93939758734851,34.47891135288203,17.957411652418134,46.47048714657351,141.4814751097544,141.59651509585785,107.68009774640267,99.728057296104,115.12652236631736,91.25680797332576,50.98198593493038,11.991575793691482,0.002577483654022217,-0.0678505003452301,0.03759464621543884,-0.03978842496871948
3,64,69.4027237949822,39.624518314864154,18.003732310705267,44.76510101147366,141.78262710119836,141.32926046885078,106.83639477667228,95.50397023983118,115.60672023913574,91.21439832346852,51.39899148427693,5.140582696609506,0.0024493932723999023,-0.0677223950624466,0.038800567388534546,-0.039879024028778076
3,65,73.57368745491799,45.37097441276897,19.188806107402637,36.768663076151256,141.04948051012562,141.67987453960626,105.1120680366597,100.50166189507722,112.60792914567146,90.97781800916486,54.384881347515346,8.602311336617717,0.0017958283424377441,-0.06709328293800354,0.03868216276168823,-0.04009762406349182
3,66,71.63093556590157,43.56769592181596,19.02035875786715,37.79655768197094,140.22421865679112,141.5246860120494,105.4624823358479,100.93795840599437,112.77113527177414,90.97226122219837,52.610576808034416,5.771138239845023,0.0012826323509216309,-0.0669107586145401,0.03897768259048462,-0.04059171676635742
3,67,72.55572704771706,46.61515891740155,17.96723332105784,40.00091509605272,139.85976273759542,141.4644850907348,105.27524406401787,97.49007235613237,113.35640918231788,90.8025673042648,54.588493726659216,6.614243821348829,0.0006977617740631104,-0.06565658748149872,0.03881886601448059,-0.04081818461418152
3,68,71.9329096538786,46.9097951367032,18.058092657668787,39.05984391514187,139.98683513074147,140.89432254499164,106.0382953344488,97.36243284837704,113.70016599529309,90.84191101082293,53.87481699620981,7.849951221561334,0.0006543397903442383,-0.0655784010887146,0.0385415256023407,-0.04089975357055664
3,69,71.6657539294225,46.493673184727434,19.018836848171027,38.623239885466056,140.38234095432247,140.96036286552567,107.15861023928102,98.50566966245019,113.3672970715604,90.83365505006111,52.646917081251466,7.870433299261379,0.00042942166328430176,-0.0654737651348114,0.038282930850982666,-0.04093587398529053
4,0,71.67616155827807,55.76533013244456,29.20379501288455,40.57426767202044,134.19562930899664,145.7811945503907,114.47790014540423,118.46201421082368,118.04362630506257,88.41480139538149,42.47236654539351,15.19106246042412,-0.013626247644424438,-0.06180691719055176,0.02696850895881653,-0.11119166016578674
4,1,67.57630067968736,64.72630121060739,28.294713352193835,46.899097757922,135.4321934628966,146.52068770608957,111.86196413414153,103.836764666251,118.59553201460973,88.39239751580948,39.281587327493526,17.82720345268539,-0.012528210878372192,-0.05913080275058746,0.02932220697402954,-0.11753571033477783
4,2,66.86823055146938,64.9397557552174,29.532571558183715,50.86157413443746,133.39982096734988,145.80008777258496,112.24379917329006,100.18772793483262,120.30130591016983,88.37025673157348,37.33565899328566,14.078181620779944,-0.011788100004196167,-0.05751030147075653,0.03153267502784729,-0.12815538048744202
4,3,66.89382714520983,71.49302544271087,27.96324604182067,52.663939420256526,132.97285770046886,146.29400973250418,111.78657753448074,103.57970153749287,120.5287331606678,88.50925499464938,38.93058110338916,18.829086022454348,-0.011973321437835693,-0.053775086998939514,0.03471788763999939,-0.14079201221466064
4,4,69.96545760579346,70.8671199687526,27.145160120928555,61.635578362590785,131.97192417780127,143.83159992858089,114.31309073045963,99.74578694046306,119.64900052017636,88.49697580122253,42.82029748486491,9.23154160616182,-0.010295391082763672,-0.04894280433654785,0.036179035902023315,-0.14822012186050415
4,5,68.4726811318572,69.85257882574207,26.612389141588285,69.94559289926521,133.0270143824007,142.47318841428813,112.37053926455138,98.94095898924785,119.33599157024112,88.53042646709044,41.86029199026892,0.09301407352313618,-0.009514570236206055,-0.04188123345375061,0.0382743775844574,-0.15827789902687073
4,6,69.75678338162822,70.35867696604467,25.769415545922723,74.88101579617526,131.99953073653487,145.4334598517761,108.75388031815457,105.17544355967314,118.45507817645549,88.2983993134078,43.9873678357055,4.522338830130593,-0.006858646869659424,-0.02396966516971588,0.040098488330841064,-0.17217200994491577
4,7,70.35597766308929,71.55865825464645,25.79275090811272,81.5016670972881,132.01684169652063,146.44851140178588,107.93566516325724,102.09649825246288,119.65866341683481,88.36031647360049,44.56322675497657,9.94300884264166,-0.005626291036605835,-0.016040459275245667,0.04321905970573425,-0.1791839599609375
4,8,69.55091494723996,66.86372761601469,25.213376417173926,87.59419813567979,130.92900687754073,144.12282993835848,106.20299143819804,105.14111908853054,120.28528273255753,88.62883026914506,44.337538530066034,20.730470519665104,-0.0035651326179504395,-0.010912492871284485,0.0470367968082428,-0.184777170419693
4,9,70.27116935930582,71.28939724209593,24.454673743340994,83.87266395392642,132.6466046375679,139.60586745894904,101.73638947969408,113.66322435398745,120.31006726810776,88.56222232412811,45.816495615964826,12.58326671183049,-0.0026848018169403076,-0.007490500807762146,0.04953873157501221,-0.18684035539627075
4,10,71.371080123573,77.45547893361615,22.47375707839178,84.35099027354504,132.69172550264602,144.98841873478887,102.56576722106553,119.12070178104278,119.07466314450824,88.65610839296147,48.89732304518121,6.895511339928888,-0.0025203824043273926,0.0011846721172332764,0.049931615591049194,-0.18880727887153625
4,11,72.92183150591777,84.60891903518754,22.871297910302406,83.53596094675112,131.1385367850146,148.98642228833336,105.1865007040157,116.38232611097372,118.57233735646744,88.70544657076609,50.05053359561536,1.0729580884364225,-0.0013609528541564941,0.004797875881195068,0.04976114630699158,-0.19048058986663818
4,12,69.93645263682235,87.02626764625502,23.877420916448674,85.80917214233318,131.12544122987276,146.54143854343013,107.62854432734017,116.71482842359696,118.90364062537641,88.90833492631238,46.05903172037368,1.2170955039218398,0.0012762844562530518,0.00927366316318512,0.04517349600791931,-0.18893751502037048
4,13,70.40875187152218,90.53681614918125,24.14173560052761,87.51213483559116,131.26204159050516,148.37289703148537,102.38167498764342,121.69558383688008,118.95606165648519,88.92402661952838,46.267016270994574,3.0246813135900936,-0.0004819631576538086,0.011338770389556885,0.03296354413032532,-0.18884649872779846
4,14,68.51149341817008,96.03342577577422,25.873377045254284,90.6083998344094,132.13139822103105,150.73405830765927,97.48517843414729,119.7405298843723,119.07807672416037,88.53304041974009,42.63811637291579,5.425025941364822,-0.001544564962387085,0.01002444326877594,0.017114847898483276,-0.18843957781791687
4,15,69.35496907747594,98.5294666642318,30.030708648152004,92.07459613661622,133.7479793596843,148.96860428420013,94.23101662431402,124.77701339580346,117.36480395193202,88.50690953188813,39.32426042932394,6.454870527615583,-0.005363523960113525,0.021895527839660645,-0.007363796234130859,-0.188630610704422
4,16,62.15597381269997,83.94829106443157,50.0436905408118,98.68123554861157,137.4499395160649,126.38339049736422,98.35582131065897,147.58921385126055,123.34826247505646,86.91429617697558,12.112283271888167,14.732944484179995,-0.01000240445137024,0.01833982765674591,-0.047586590051651,-0.18704655766487122
4,17,52.81465889041321,83.92511755419301,59.88309661342198,95.42680039283421,139.43399151821845,115.82227077394698,100.66470702080686,135.35414305800384,124.08837785760467,87.08006947426684,7.0684377230087705,11.501682838641202,-0.01366281509399414,0.03334501385688782,-0.07957407832145691,-0.1833902895450592
4,18,43.39707150597956,88.76512185759374,66.06518032498248,96.72446168252486,143.26418620982437,121.09072424089538,109.27508633715694,163.34760417993184,122.5766512999063,87.14735627909143,22.668108819002917,7.959339824931121,-0.015821903944015503,0.05118474364280701,-0.11119568347930908,-0.18257802724838257
4,19,31.658549557385882,84.79350829809616,73.31839707651986,99.70232265791059,142.81500851463161,115.48886273554571,111.13073854285226,162.84733457628656,117.68102312134766,87.08673900444839,41.659847519133976,14.908814359814428,-0.01853656768798828,0.04733602702617645,-0.1403414011001587,-0.18148291110992432
4,20,29.608945034529945,93.49945761771225,77.65221749703375,102.61869765938796,143.32757873373106,128.09966803480754,114.46239119963658,169.98499888243828,111.08020657556021,87.75504315439514,48.0432724625038,9.11924004167571,-0.010110527276992798,0.04982022941112518,-0.15856614708900452,-0.16962328553199768
4,21,55.68015633272144,109.1774705257313,77.82461515382491,98.79615169432098,147.1871079963294,135.67585620179094,122.35991167763697,172.36546794090728,107.57301993263285,88.45448398061868,22.14445882110347,10.381318831410312,0.0014074444770812988,0.05107472836971283,-0.17583325505256653,-0.16120335459709167
4,22,76.53056920086965,115.84695914380856,82.29199871018487,89.00628543118367,149.14903651091626,142.1145693799995,118.10275531498627,172.87965696112212,104.54699067757376,89.27460665540694,5.761429509315221,26.84067371262489,0.011966496706008911,0.06185820698738098,-0.18456193804740906,-0.15301084518432617
4,23,79.5603333425533,120.81465020665337,93.0152023871125,89.63128459031053,151.11318625477233,143.6666136023773,119.13637305678688,174.8251695032243,101.95610807193796,89.80404250312809,13.454869044559189,31.18336561634284,0.02618984878063202,0.0647287517786026,-0.18336328864097595,-0.14846310019493103
4,24,80.54419126100355,119.60112654820861,101.6376969781188,89.63387497770125,146.73673186083752,146.24195818738482,140.740991097702,174.69763417067432,97.82843060015666,90.35824338187366,21.09350571711525,29.967251570507358,0.04551875591278076,0.07906928658485413,-0.17788782715797424,-0.14399275183677673
4,25,100.11832117326473,120.72184085870518,103.82060067434362,91.86706251094303,157.20346364532284,151.38428509931984,167.1420521499986,177.15062928531145,95.55486627797258,90.64919420920425,3.702279501078891,28.85477834776215,0.02478662133216858,0.08791747689247131,-0.17075112462043762,-0.13957282900810242
4,26,107.89274562673455,123.04056485487106,93.15295976756202,88.91757745774743,159.25253262921595,155.26027308261104,167.53863982632555,175.97283176554237,94.29803130437251,91.24966411491222,14.739785859172528,34.12298739712364,0.056655943393707275,0.10777468979358673,-0.1628638207912445,-0.13019955158233643
4,27,112.48858107483434,121.25608832540915,92.28340233585755,90.39933674858155,150.37612518373075,159.05493402826022,170.3808594198757,177.2105233807454,94.74185723711466,91.51431725382504,20.205178738976798,30.856751576827605,0.07152216136455536,0.12757311016321182,-0.15809765458106995,-0.12675133347511292
4,28,114.44957343533254,122.30220993771813,91.65512958039336,90.33649097859023,149.78869030649943,160.1387382522106,172.73878186346738,175.5808396521279,95.181701890665,91.43756010139586,22.794443854939175,31.965718959127898,0.10436023771762848,0.12921491265296936,-0.13768407702445984,-0.1196463406085968
4,29,106.65850055426176,127.75484481722705,99.06725583785789,86.38950406651902,153.17801140159608,164.5603421618656,172.28461250071211,176.11886411404566,95.58341143641549,91.67302776020301,7.591244716403878,41.36534075070803,0.13275011628866196,0.1403452381491661,-0.11560535430908203,-0.11629718542098999
4,30,108.60932004658046,126.45200368826697,101.47155462475108,86.36688578682754,158.61169003769186,165.42695721836554,174.90250144493712,172.2045042004669,95.38718359663578,91.54033531635764,7.137765421829386,40.08511790143943,0.1627998650074005,0.14452414214611053,-0.10052776336669922,-0.11468079686164856
4,31,110.31577088798198,131.04036487212176,100.49098539381168,83.55519621994159,164.0209114956303,168.25556756859459,176.67157913104035,173.7600175486623,96.29043759111589,91.45721879593712,9.8247854941703,47.485168652180164,0.18973840028047562,0.14525014907121658,-0.07953426241874695,-0.11651837825775146
4,32,107.6624209577425,126.80096901981517,103.11282602959224,83.5353772055136,162.4683083405838,166.4467465548362,177.08501540736836,172.12914513482065,96.67855656521925,91.44854509769753,4.549594928150256,43.26559181430157,0.20227932184934616,0.14670608192682266,-0.07346838712692261,-0.11815762519836426
4,33,116.1708347546315,127.37463243518549,95.6975957091844,83.66519470087715,164.2760695600368,167.32469585243163,176.4703561610111,175.60837974386573,96.44287017420446,91.39585857017337,20.4732390454471,43.70943773430834,0.20743324980139732,0.14145536720752716,-0.06805872917175293,-0.11828428506851196
4,34,118.81865455138659,128.55985090136366,90.98937452655744,78.06333077513565,166.3435866471383,167.15923039307586,176.3592175118822,175.81914043961962,96.32735035537884,91.46039682209779,27.829280024829146,50.496520126228006,0.20819111913442612,0.1334296017885208,-0.07005554437637329,-0.12095358967781067
4,35,115.25916445425842,122.12978973297787,93.2289772125598,87.5425818453056,163.64338996061866,167.41637816268664,177.72384698901394,177.74784477359336,96.63328292751706,91.23909809794938,22.030187241698627,34.587207887672264,0.19747334718704224,0.1199684590101242,-0.0765935480594635,-0.12373208999633789
4,36,113.16618453499902,117.13534423383352,94.16957917980835,85.66788437352986,163.40651167912412,166.1429117509717,178.183811460549,175.69221572356602,96.8381396140704,90.44162966988787,18.996605355190667,31.467459860303663,0.18844611942768097,0.11007733643054962,-0.0764809250831604,-0.13745826482772827
4,37,114.96438341569814,109.52111010116401,90.61178152940994,94.00207575607331,158.2855338406357,150.93492769541248,171.2661610001798,171.4054558634719,96.84575213869148,89.16637347014098,24.3526018862882,15.519034345090702,0.15394090116024017,0.0932711511850357,-0.08681201934814453,-0.1442452073097229
4,38,113.85738879729412,109.82113576692404,88.92770329311585,89.12445248864455,150.26786615397003,147.82116784163188,166.76110263455456,170.68964513426596,96.72012345997396,88.59389723614606,24.929685504178266,20.696683278279494,0.11747750639915466,0.08948172628879547,-0.11029359698295593,-0.15059348940849304
4,39,110.44576716876637,103.55139093040215,89.49433326013923,82.56961655730554,149.12605504531356,132.49928320477215,166.63078355680943,165.33745072394711,97.22179845805076,88.3220835686405,20.951433908627138,20.981774373096613,0.08242954313755035,0.08263443410396576,-0.12924441695213318,-0.15540507435798645
4,40,109.6637421391276,101.0475387254696,87.5285577691898,84.58339512611978,153.62226945212308,133.52001063458752,165.97574623589512,161.31786116916206,95.82521415062894,88.6276707111578,22.135184369937804,16.46414359934981,0.06557957828044891,0.08103743195533752,-0.15033480525016785,-0.15759485960006714
4,41,100.39086975175653,103.77728638110429,85.77388558812207,85.63595163476309,149.28352706236657,146.5527560628265,152.20436880006818,159.84014369773624,96.24961560520973,88.72806033320515,14.616984163634456,18.1413347463412,0.05989159643650055,0.0727464109659195,-0.16069746017456055,-0.16021287441253662
4,42,90.07636270679625,104.36780744122859,86.95902868846291,84.36729839744991,142.09263512546218,151.6320526829497,96.54970389532296,138.75996074083605,97.37187298555945,88.84346688302901,3.117334018333338,20.000509043778678,0.03042006492614746,0.06940770149230957,-0.170175701379776,-0.16618341207504272
4,43,85.92141105165999,102.07655487994211,82.27277655912292,84.27792032146778,144.242935762539,154.06503989053667,101.90006608158728,126.62958381714141,99.53890897064072,88.71717521569155,3.64863449253707,17.798634558474333,0.017207786440849304,0.06854930520057678,-0.17702645063400269,-0.17012619972229004
4,44,82.4363811046485,98.67248200617543,82.93405542758791,81.16835373282264,143.4678281109593,148.48973091538062,106.12884707397431,150.33014372753578,100.44083473948747,88.7532107497907,0.49767432293940317,17.50412827335279,-0.003034919500350952,0.06137992441654205,-0.1803801953792572,-0.1707654595375061
4,45,80.8227834155618,98.62166759753383,81.32793899962628,81.91670521589074,140.47046995332258,149.66669631020696,104.1225647388621,130.53678440111415,100.84826746522127,88.6159953525717,0.5051555840644824,16.704962381643085,-0.018334239721298218,0.059167876839637756,-0.18101438879966736,-0.17368179559707642
4,46,49.521382437324,92.73693978715107,85.49037236833475,83.93193652907807,131.7691362242972,146.3730797516783,111.70511462246124,129.3972039921173,102.54082256476174,88.60459347447991,35.968989931010746,8.805003258073,-0.025756865739822388,0.05112680792808533,-0.17905426025390625,-0.17675065994262695
4,47,54.150234525180316,73.84962706414568,80.94960050855751,89.77652221242694,136.03894151327367,145.5090188580666,104.6591269861146,109.62871051834658,104.57297526381187,89.16771197981016,26.799365983377193,15.926895148281261,-0.028461366891860962,0.043108344078063965,-0.1743624210357666,-0.17801162600517273
4,48,45.96369525467522,77.20114670340323,71.92933651880998,87.80284308892703,137.04822763402288,150.23474852037316,112.11839581401325,105.78455139882428,107.59800810377259,89.39377587150639,25.965641264134753,10.601696385523809,-0.03037428855895996,0.04250207543373108,-0.17073142528533936,-0.17880642414093018
4,49,40.98542392551332,75.67869423207938,77.75218134485955,85.16664626576501,136.60784823266417,152.79724879154,108.94072417483832,105.8488268454343,109.83942063492239,89.62611383521835,36.766757419346234,9.48795203368563,-0.026763945817947388,0.043406516313552856,-0.15385213494300842,-0.17907509207725525
4,50,41.982260540092014,77.21824517814562,76.87679636142978,83.75899202615552,132.90134065313083,154.36675383051576,103.69591644793651,112.47924008625571,112.01814146785011,89.60506954912333,34.89453582133777,6.540746848009903,-0.02608761191368103,0.04136280715465546,-0.13602831959724426,-0.17599129676818848
4,51,44.92562843020645,75.62091437163902,75.42694964676664,82.97214846132347,125.94154457775774,152.82069186077348,99.09069434675982,114.45664274113179,114.32515436046737,89.48332632224471,30.501321216560193,7.3512340896844535,-0.022882431745529175,0.037889569997787476,-0.11780926585197449,-0.1716715395450592
4,52,58.1813099961729,67.83070148949085,48.94732028128767,82.51196108204232,126.84026780849892,148.62316375916063,92.9009581866781,106.47298295897907,113.6640519219688,89.54901391079098,9.233989714885226,14.68125959255147,-0.020115941762924194,0.031869903206825256,-0.09421935677528381,-0.1687265932559967
4,53,62.85545275354567,65.39007848401822,54.95321404847927,80.17456429080791,124.02600050803095,144.62496694513908,91.62754398902129,99.95523178194746,117.5754376574142,89.41120757112066,7.902238705066402,14.78448580678969,-0.019634515047073364,0.023679673671722412,-0.07638072967529297,-0.16707897186279297
4,54,64.51276547857525,67.84851047902453,36.423601277212,78.97130421698394,118.35990876663345,145.7556675180154,91.7582137993249,101.23762631935287,113.68748573297725,89.21604578252558,28.089164201363246,11.122793737959412,-0.01889866590499878,0.020281970500946045,-0.05469384789466858,-0.16377821564674377
4,55,67.47883809244149,63.55734647904998,42.38861250851677,70.33176826627104,126.927066006928,145.80324911440997,91.77955338032237,97.08810932611853,118.39784988525216,89.00920222912241,25.09022558392472,6.774421787221058,-0.014014124870300293,0.016063645482063293,-0.0349157452583313,-0.16122809052467346
4,56,68.49612521724023,64.09630570265193,38.14874839956019,68.00479070584417,130.25775855770473,145.3798520129304,94.5152072488119,96.01498613915129,120.22452879952854,88.68355653337122,30.347376817680043,3.90848500319224,-0.01239389181137085,0.0111294686794281,-0.018424570560455322,-0.15531587600708008
4,57,67.25195997926828,61.97971413536229,38.275648002842715,59.49470661398675,131.39459585035453,145.26518690404842,94.67120358665922,95.83629129814679,122.25076890592743,88.66696966755137,28.976311976425563,2.485007521375543,-0.008435666561126709,-0.004334673285484314,-0.00746491551399231,-0.1435513198375702
4,58,69.96353710554634,61.10873475859186,28.872561222703652,53.20341958626084,130.56828120915208,143.51049562572132,91.73825370077785,95.6233694303955,118.23242345816828,88.67385593215809,41.090975882842685,7.905315172331015,-0.00665593147277832,-0.011964619159698486,0.0018051564693450928,-0.13585594296455383
4,59,69.65375101054089,65.50234608291898,33.485788539452294,49.51302155221535,134.10468739095225,147.33982745657232,96.4169507567727,95.76300518063225,121.14866243203528,87.91045820948607,36.16796247108859,15.989324530703627,-0.006764441728591919,-0.019196927547454834,0.007413953542709351,-0.1319756805896759
4,60,69.70131781268307,61.7452871425466,35.47513704267027,48.77036849303033,135.5477612624344,147.35886074825493,95.6287371155016,96.6326651787622,122.88254857448445,88.14347211487534,34.2261807700128,12.974918649516269,-0.0049894750118255615,-0.025958016514778137,0.014354050159454346,-0.12676939368247986
4,61,71.06958362420743,53.968484878612074,25.58801277627038,47.52382287691334,134.2436822609649,145.20540185170583,93.02164354493878,99.6974256800572,118.64922070017008,88.20902470257396,45.48157084793705,6.444662001698731,-0.0017082691192626953,-0.0298776775598526,0.022767990827560425,-0.12247282266616821
4,62,72.3778974639276,56.83356758114062,22.693105270344617,45.49960723126759,132.58332321961083,145.991129080323,91.70361911110518,100.94666181319853,117.36443384274865,88.3092823653463,49.68479219358298,11.333960349873031,0.0016398131847381592,-0.032594844698905945,0.028994739055633545,-0.12048748135566711
4,63,70.56587417538839,56.536469145805256,21.54243088663852,45.44153368856718,132.87031088096188,147.0055314733661,94.89418468921234,99.3614389369387,118.72201635803941,88.37712636553508,49.02344328874987,11.094935457238073,0.0016196668148040771,-0.03575485944747925,0.034193962812423706,-0.11476197838783264
4,64,72.92513481575038,55.81618675915589,20.36221299117109,46.21932144883852,133.97309904219793,146.98490809307833,94.82910952296965,95.82369294577072,118.46549461550954,88.75277310438545,52.56292182457929,9.59686531031737,0.0036827027797698975,-0.0418882817029953,0.040087997913360596,-0.10965728759765625
4,65,72.89154862411718,55.05341539351271,21.834250515546046,46.365725984582674,134.64331335390065,146.73348921938083,91.92951544392349,98.29290943446976,119.0747699099783,88.70153800529859,51.05729810857113,8.687689408930034,0.006039232015609741,-0.04715937376022339,0.041488319635391235,-0.10435867309570312
4,66,74.58202821898684,55.796352207240616,20.22999453541132,45.24562089525552,134.0773704430849,147.34941558047575,90.30339421695945,99.25049545715162,117.05279200934261,89.03773186801796,54.35203368357551,10.550731311985096,0.008056282997131348,-0.049621909856796265,0.04222729802131653,-0.10159596800804138
4,67,74.08098777202306,57.274576803868705,21.368256040108733,38.0501331018826,134.24827341532279,148.1880348121106,91.92481649098374,105.33341136828794,118.2692173256927,88.9684307189766,52.71273173191433,19.224443701986104,0.009859740734100342,-0.05857211351394653,0.04318326711654663,-0.09373739361763
4,68,74.16558753669231,53.319252573704404,20.18261521778119,35.510068450098025,134.37260159354565,146.84049187665394,93.55887053533586,106.3741116072505,117.6631094691401,88.45157248780829,53.98297231891112,17.80918412360638,0.011052429676055908,-0.06473344564437866,0.04408523440361023,-0.08736777305603027
4,69,74.61499641275768,49.42820497218683,19.81420963599118,39.18899498571223,134.8426591025087,145.7584567446189,92.57178649397733,102.00242616778878,117.31363313976364,88.52836961758015,54.8007867767665,10.239209986474606,0.011288732290267944,-0.06700640916824341,0.04588481783866882,-0.08233770728111267
4,70,75.63427047680989,40.40100197929125,19.75692340209441,42.05483080249917,134.9201551736373,145.14226584946218,93.65978794144733,106.08406329992054,115.97897754134507,88.50504711529875,55.87734707471547,1.6538288232079168,0.011540114879608154,-0.0688709020614624,0.0461735725402832,-0.07845652103424072
4,71,74.4218679130737,40.355975270601796,21.718047556856494,43.20422255313099,135.32604965582144,145.31246814550298,101.83652599892905,106.07649066359903,117.1888970349849,88.54280255743505,52.70382035621721,2.8482472825291936,0.011467337608337402,-0.07067663967609406,0.047326117753982544,-0.07547542452812195
4,72,74.6670804075879,38.54097897647972,19.674382429820707,45.9596351432424,135.51889112949598,145.35111327039826,94.03639833880497,103.47605748367377,117.5095519828391,88.4507518502224,54.99269797776719,7.4186561667626805,0.011491835117340088,-0.071163609623909,0.04781082272529602,-0.07332521677017212
4,73,74.3996521586419,43.23556121902261,19.598447810899252,45.15031485292017,135.56887653828963,146.03743198450783,92.79311152054807,103.71127887094585,117.80395644791906,88.34593846172145,54.80120434774265,1.9147536338975613,0.01148340106010437,-0.07095970213413239,0.048606306314468384,-0.07055914402008057
4,74,74.42171909888276,42.0070885474347,19.189947775968424,42.14006378912712,135.4404735232348,145.03595710991587,93.62295953861357,107.45481170394501,117.09398071658893,88.23755703885278,55.23177132291434,0.1329752416924208,0.011480838060379028,-0.06925278902053833,0.049476802349090576,-0.06609714031219482
4,75,75.29311103827897,39.65810753790582,18.932163585948086,42.520453579207995,135.5601264496668,142.2694511775461,93.11534680741029,104.04214644772432,116.6991307835461,88.25556244387323,56.360947452330876,2.8623460413021746,0.011464357376098633,-0.0685981959104538,0.05051898956298828,-0.06515654921531677
4,76,75.35577075751549,39.669815770493585,18.858433698835878,42.236888427247465,135.79817452516153,142.6288863330816,93.52807113918503,102.24801349669583,116.70581833217484,88.1341028834279,56.497337058679605,2.5670726567538793,0.011110424995422363,-0.06762953102588654,0.05176365375518799,-0.06249278783798218
4,77,74.90430036502455,38.561807076297235,19.073283878005654,44.13584713608851,135.23198748280294,142.49794673375771,93.8934039004761,101.40669342656966,116.88488175496495,87.78777888792627,55.8310164870189,5.5740400597912725,0.011099964380264282,-0.06691944599151611,0.052224695682525635,-0.060237884521484375
4,78,74.61156897600168,37.98185082976257,19.460427076892035,44.468935960323094,135.53413533388564,142.6376420346136,94.32326932325343,102.37297809334295,116.95798877964951,87.81354160090139,55.151141899109646,6.487085130560523,0.010884702205657959,-0.06663529574871063,0.05388501286506653,-0.05721959471702576
4,79,75.81755042615157,43.61443184076956,20.035183106043984,42.54255636738074,136.18581137907705,143.91541462744212,96.37198607759179,101.2432936977946,116.76440449749249,87.84585593587435,55.78236732010758,1.0718754733888218,0.010675400495529175,-0.06640613079071045,0.05550742149353027,-0.055913686752319336
4,80,75.86216192573177,41.479555067994056,20.43732749967048,39.60126987554256,136.45079276748748,143.06904298383702,96.15383569265407,102.98687322179957,116.84877378931041,87.83434953649838,55.42483442606129,1.878285192451493,0.011021792888641357,-0.06625154614448547,0.056803375482559204,-0.05324852466583252
4,81,74.89490295889567,39.53064570815584,19.567769612437893,43.52376031525761,135.6876935392953,143.42084357085616,92.05390936376662,101.73331482606585,117.33116800226873,88.1176220176786,55.32713334645778,3.9931146071017736,0.011370062828063965,-0.065956711769104,0.05640143156051636,-0.05183151364326477
4,82,74.63696010431212,35.680265496991645,19.05192536376638,47.532424110875,134.42131271954122,143.07094750324265,92.14422562976478,100.43177479297778,116.6876152385058,88.077178043121,55.585034740545744,11.852158613883354,0.011101633310317993,-0.06562860310077667,0.05609890818595886,-0.05104106664657593
4,83,75.57090682241206,36.79142408543651,19.28667674231914,45.471941715371514,134.561605480394,143.31091035380888,91.97369290164097,102.72007485626492,116.50986779666609,88.18989163426534,56.28423008009291,8.680517629935004,0.010800004005432129,-0.06579539179801941,0.05620130896568298,-0.051588207483291626
4,84,73.33753653668674,37.54920023567077,19.186267356906757,45.05516971148746,133.78827977157442,143.43298350011648,90.72144616621559,101.94717092280827,117.10889982020925,88.11705185508286,54.15126917977999,7.505969475816691,0.010389208793640137,-0.06545649468898773,0.05591210722923279,-0.052210867404937744
4,85,73.49113470001764,44.67836250566845,19.36188208950645,45.218682542619746,133.93834797806767,144.19736133878513,91.68694820283183,98.05192149468832,116.88651963632023,88.14019861990504,54.12925261051119,0.540320036951293,0.00960192084312439,-0.06514260172843933,0.05554714798927307,-0.052164822816848755
4,86,74.86134410182783,45.52311753900134,19.249990843213606,42.26081447849359,134.4831599446338,144.20888690006421,91.18665760565924,100.02959564273999,116.66788303796869,88.06449538825095,55.611353258614216,3.2623030605077474,0.009036242961883545,-0.06500941514968872,0.055318206548690796,-0.052415430545806885
4,87,72.96443701932752,38.00478614447764,19.040905952952446,44.010574390768404,134.07055149222165,142.44124616831326,92.25183760893458,99.37623052575002,117.05874167351477,88.31790071962807,53.92353106637508,6.005788246290763,0.008690685033798218,-0.06402525305747986,0.05523601174354553,-0.051434606313705444
4,88,72.75689697368719,44.49720610877762,19.384028511013746,42.95688646158356,134.3102096291704,143.59331378745804,93.49660634915892,98.70235637278392,117.48773908724034,88.24600823592874,53.372868462673445,1.5403196471940603,0.008427947759628296,-0.06378951668739319,0.0543057918548584,-0.05182993412017822
4,89,73.03293289663605,44.24508485704984,19.096539297624453,42.728071631183475,134.4068119210103,142.96186010697159,93.30222916263556,98.85496987202903,117.19050502865987,88.23279338498091,53.9363935990116,1.5170132258663642,0.008184105157852173,-0.0633556991815567,0.0536961555480957,-0.0521504282951355
4,90,70.19654576952773,43.735241229685975,19.14270869576366,40.933823104613516,133.47021663729797,142.59242275061155,95.66268867591812,101.38043700299973,117.32571633813409,88.20618952689387,51.05383707376407,2.801418125072459,0.007686614990234375,-0.06273104250431061,0.05321952700614929,-0.05191725492477417
4,91,71.30662629090682,41.905281663520675,19.151196451313236,41.55258142273279,133.81724163548185,142.0886608728457,95.53683550570913,101.12889826506706,117.09656233612507,88.23081324531412,52.15542983959358,0.35270024078788254,0.007467120885848999,-0.06260794401168823,0.05232301354408264,-0.05124083161354065
4,92,71.06823573397136,43.09556333941003,19.092209379937465,36.799181474288865,133.97304533329992,142.02315963058186,95.8482138599895,102.80351201073219,116.57917700161633,88.24955631446926,51.9760263540339,6.2963818651211625,0.007210373878479004,-0.0625113695859909,0.05201306939125061,-0.050502508878707886
5,0,67.4810090860775,45.50325050760111,33.47047834365857,31.000447892867953,124.18162433105829,142.9143600022253,125.62183230673179,128.84596477848456,120.79394266088678,87.46389871129067,34.010530742418936,14.502802614733156,0.01199406385421753,-0.061001330614089966,0.0364513099193573,-0.06852442026138306
5,1,69.40799595730282,52.1143529143546,29.732226662321924,33.283406026346015,127.56803504548152,142.20198436578477,116.16063998592338,114.63281210198603,119.876260051967,87.26031452446625,39.675769294980896,18.830946888008583,0.009464949369430542,-0.059932827949523926,0.04262959957122803,-0.07283931970596313
5,2,70.21366208371131,54.49572467095713,29.343178795864038,34.92702406228694,127.39954169070704,143.75277375769204,113.63322132972812,113.22275122683132,119.6488000478465,87.41134593788978,40.87048328784728,19.56870060867019,0.009961962699890137,-0.056238576769828796,0.0458407998085022,-0.09046313166618347
5,3,71.10979060513581,65.60328983746143,28.865101541876417,42.54493067083737,127.50043750233597,145.6205232496707,113.64146531909132,105.6099698620975,120.21775590850339,87.87038491006665,42.2446890632594,23.058359166624065,0.010723203420639038,-0.04669065773487091,0.048732250928878784,-0.11211124062538147
5,4,69.90051241656609,72.16627295790512,30.81078306166521,45.63571534717939,129.1739339608243,147.99646350952125,108.92745557538503,105.87211002923246,120.87398726470701,88.13964182818876,39.08972935490088,26.53055761072573,0.012427657842636108,-0.038200363516807556,0.05063068866729736,-0.12699565291404724
5,5,72.37984051397055,71.98963353253937,29.177043021997026,53.659649142321854,129.89555563358508,148.5026805550867,111.06677974538493,104.67768670354744,120.40894183860672,88.50208505446378,43.20279749197353,18.32998439021752,0.013483822345733643,-0.028520017862319946,0.05012047290802002,-0.1457330286502838
5,6,71.86619116927199,70.03432185455407,28.373825132609632,58.32218928314527,132.17916565400935,147.02542057356362,98.2578502641119,107.3366915642533,120.06999762786882,88.46516767354157,43.492366036662354,11.712132571408794,0.013907968997955322,-0.018610626459121704,0.038801610469818115,-0.1551947295665741
5,7,70.84270248309714,76.88621443420817,27.706381753046028,64.11170129464766,134.86479048130997,149.65168257734024,94.46508329066407,107.79658528728709,119.16831975308187,88.2796009034479,43.13632073005111,12.774513139560511,0.01243409514427185,-0.004556730389595032,0.021232694387435913,-0.1657353937625885
5,8,66.34052598020074,83.28363264135093,36.686868462626315,69.5949134093389,133.78069586104743,151.1506427455268,86.63258449213689,111.62239975182374,119.45881903305336,88.51561260000305,29.653657517574423,13.688719232012033,0.012550681829452515,0.002891451120376587,-0.003802388906478882,-0.17774108052253723
5,9,59.05182252069139,80.53941355130168,45.50286415951213,81.00792605184657,134.38764232735576,148.24375302872934,90.07020409153239,110.43803449424973,122.38963914143933,88.72298219003129,13.54895836117926,0.4685125005448896,0.013310611248016357,0.017096087336540222,-0.03591379523277283,-0.1882704496383667
5,10,63.74108056730368,88.93766281886634,46.1261077238059,84.5026880127927,134.4359533095766,153.72821147082868,95.69683555333577,125.90668367260942,121.68941247425391,88.70780212237997,17.61497284349778,4.43497480607364,0.011889100074768066,0.03231316804885864,-0.06287062168121338,-0.19079405069351196
5,11,58.56131755993603,89.12559657475431,56.93533283011428,86.27791352733324,142.040778484683,150.76106609065684,102.68643895865618,121.99583022415496,123.4239942249122,88.70464890975549,1.6259847298217522,2.8476830474210715,0.014136344194412231,0.02821233868598938,-0.09032019972801208,-0.18899661302566528
5,12,46.48500252090142,88.56547001406467,73.69179786264922,91.00443435015461,142.7133068197591,151.6184995828697,104.62128684396957,114.01407941495154,122.29790742236345,88.55710861662718,27.206795341747807,2.4389643360899385,0.018202602863311768,0.026155173778533936,-0.12349551916122437,-0.1930420994758606
5,13,48.62204031840124,94.23661641626524,78.191237643254,90.41007887723389,148.35443936562183,150.49645308535366,107.23106563982488,116.10330777395737,116.96106197728086,88.09033627901461,29.56919732485276,3.8265375390313494,0.028594762086868286,0.025124698877334595,-0.14162296056747437,-0.1932048499584198
5,14,56.72071110904745,96.17957068261732,80.61107105860472,93.65756466564015,146.05715811176026,144.3159734196599,113.49744364467483,140.89063243681494,112.78094203771012,86.80414728214804,23.890359949557272,2.5220060169771727,0.04402971267700195,0.03182306885719299,-0.15778657793998718,-0.19213780760765076
5,15,72.41146042039215,87.2187958503116,83.27768492333406,97.29647219845137,147.86663342428213,116.84928309819182,111.06989230264962,166.51871517379342,109.97498421696872,85.9559647082336,10.866224502941918,10.077676348139775,0.056343257427215576,0.04519332945346832,-0.16925019025802612,-0.18472355604171753
5,16,68.38780462488361,90.20033329679826,95.83095870963233,99.4228647264074,134.81840148184264,117.42833788027885,102.83854138378977,167.4613151691381,108.30101163738954,85.98449702013717,27.443154084748713,9.222531429609134,0.042662397027015686,0.04193784296512604,-0.1698388159275055,-0.18317916989326477
5,17,79.86563423458199,103.3202273357145,103.70020537154026,92.03469238119749,138.39810644934022,133.6326239280313,151.67105711282335,171.2579929067093,106.42507614648241,86.82476166677301,23.834571136958274,11.285534954517018,0.04367862641811371,0.0450553297996521,-0.17027461528778076,-0.17221668362617493
5,18,92.39567311071052,106.08083186647778,97.43481220206019,91.27343067357353,144.27439955410898,137.69047936200604,166.9217276849512,167.84671095251113,103.5824721626003,87.48323735519324,5.039139091349668,14.807401192904251,0.06850084662437439,0.05389156937599182,-0.1607438027858734,-0.16651493310928345
5,19,104.71970512790364,116.19389751525463,92.50027894589272,88.11850168139577,156.1283509267261,145.8778433919447,170.10425326466245,172.97391553825702,101.19878290919202,88.13163680576264,12.21942618201092,28.075395833858863,0.0796148031949997,0.05818846821784973,-0.15117424726486206,-0.15929922461509705
5,20,111.62320444771915,116.27899557098237,95.2218734919958,94.52066312632148,158.4078183782573,137.38671423453565,174.05114512346717,176.96443177264754,100.58763784011202,89.50323682715792,16.401330955723353,21.758332444660894,0.096803218126297,0.06058913469314575,-0.1459050178527832,-0.14733463525772095
5,21,118.37609015876403,119.58225011621315,91.24272990635387,92.89542794419701,162.65389427366887,141.6146165498644,176.5199864819519,176.0484637151961,100.24232329152115,90.00966447517361,27.133360252410156,26.686822172016136,0.10707764327526093,0.062147706747055054,-0.13358891010284424,-0.14384117722511292
5,22,100.77462840865529,122.81710994364911,111.79595649153147,92.93488084387484,156.01650103185438,147.5130124817804,177.43274168448033,176.27413302346505,100.44772958526562,90.52316040811512,11.021328082876181,29.88222909977428,0.12723995745182037,0.07400830090045929,-0.1123591959476471,-0.1395215392112732
5,23,102.41650565649351,123.61261635400447,110.5024203177879,91.65168705203568,154.67714407995393,153.47439070571832,172.84415623678063,176.7750310654039,100.23177799649602,90.69996087971495,8.085914661294382,31.96092930196879,0.143489807844162,0.0857570618391037,-0.0981762707233429,-0.132057785987854
5,24,113.6492165627856,122.25656852397076,98.86698983617802,90.87338928910543,162.15895405918195,154.1757698578795,178.23112959191673,177.10474459152942,100.03484399440467,90.61565118974784,14.782226726607576,31.383179234865324,0.1701602265238762,0.0947655737400055,-0.07909497618675232,-0.12932658195495605
5,25,112.61654423897096,121.33746748930139,101.65101910474321,89.86989114828047,164.47870139726712,154.8721367210959,175.72837753126248,177.04061664286232,100.37382221753717,90.65115551763152,10.965525134227747,31.467576341020916,0.18410968035459518,0.10140258073806763,-0.07497692108154297,-0.12949919700622559
5,26,113.60363869951935,121.4775295584554,94.83015462854722,86.8521116072995,165.67911025438198,155.79957346296615,172.99379521863057,178.2112022121332,100.58219123211765,90.81344823116028,18.77348407097213,34.625417951155896,0.1915912702679634,0.10031843185424805,-0.06889796257019043,-0.12836840748786926
5,27,112.85028803957253,120.53350473682447,96.5643070173884,89.41011065694615,163.316442737888,161.02645831969846,173.56789545497622,177.6005207533503,100.7030993135527,90.77888969164027,16.28598102218413,31.123394079878324,0.18917976319789886,0.09764190018177032,-0.07206252217292786,-0.12919539213180542
5,28,114.82218506823104,120.85863583939233,97.18690626425715,87.70046292252047,165.2722961231063,161.43112313096674,178.33203937634408,176.44725223403674,100.28809718962286,90.5613511520625,17.63527880397389,33.15817291687186,0.1861630156636238,0.0948873907327652,-0.06922757625579834,-0.12994572520256042
5,29,117.27073234443412,119.39831521547724,92.99416057205238,86.75907366970279,163.77284221952965,163.0583496916873,178.03396770769155,177.57768247967024,100.29042425302747,90.47596743688582,24.276571772381743,32.63924154577445,0.17492929846048355,0.09338997304439545,-0.07506409287452698,-0.1302349865436554
5,30,118.1321275750081,113.17720082836397,89.93739532657753,90.61469886852726,159.68925279202458,163.37632515280097,177.119885312545,176.6494686072135,100.0267019105964,90.30703435052835,28.19473224843057,22.56250195983671,0.1519770845770836,0.0914720892906189,-0.08321866393089294,-0.1323355734348297
5,31,118.38933072491974,103.92910125702747,87.02506874385267,92.92131014301314,157.79510018201503,144.7377458566805,173.02744258329662,174.3703235542448,99.85800668742138,88.24488153273927,31.364261981067074,11.007791114014324,0.11954464018344879,0.0769197940826416,-0.10276639461517334,-0.14599081873893738
5,32,117.97253890664133,99.72858557411527,78.22580259474692,89.58075446948247,159.61935390703528,135.6580697819903,171.17545386795373,172.18876231916434,99.0977840462516,87.96247706699447,39.74673631189441,10.1478311046328,0.09516340494155884,0.0719107836484909,-0.12125939130783081,-0.15125486254692078
5,33,108.34220293324547,96.92523995994287,80.93312091338366,86.23902369823526,148.8813487065362,133.82371511273075,172.44850597083396,156.25173105177691,98.4377967675044,87.60846734761843,27.409082019861813,10.686216261707614,0.08254541456699371,0.06652769446372986,-0.1363334357738495,-0.15793102979660034
5,34,90.0148235296691,92.41123202796757,100.00691197205363,87.48877168540277,144.31762227548128,130.6281914064327,161.28940538651997,141.39550713103054,98.97399494338846,87.31348328389875,9.992088442384528,4.922460342564804,0.06943643093109131,0.05479666590690613,-0.15633773803710938,-0.15973111987113953
5,35,92.11668907332609,96.75870918202473,96.15587095623982,85.62353223924833,143.71689478654682,147.17491986448167,126.69055668645204,143.6399074693505,99.97467622412358,87.70343446358336,4.039181882913738,11.135176942776397,0.035921186208724976,0.057132184505462646,-0.158284991979599,-0.16595187783241272
5,36,85.42452784738043,96.99797815343942,94.3337764435132,83.73427012749244,142.95827299772228,155.7555726367348,140.45957942917292,123.89077273259441,101.63403184700431,87.52694797311466,8.90924859613277,13.263708025946983,0.029077306389808655,0.055063679814338684,-0.16413307189941406,-0.1688224971294403
5,37,91.4927832594726,86.18494310226392,89.99151049639157,83.10097438215084,143.1462752705476,145.8397131423337,119.68447682755782,123.2530529393022,102.29869846384764,87.36524250664358,1.5012727630810332,3.083968720113077,0.011563360691070557,0.03449679911136627,-0.16761812567710876,-0.17035996913909912
5,38,73.81411962628042,83.41427583684153,92.37539353241866,85.22852768787423,133.67627121385672,145.3641618730868,104.82019969733835,122.74109818751562,104.60364722689212,87.20120355029403,18.56127390613824,1.814251851032708,0.0020296871662139893,0.023962587118148804,-0.17421340942382812,-0.1714097559452057
5,39,56.421324583449234,81.10097103286537,95.74990410074986,92.19397909484964,134.53951007673882,151.41990509844842,108.13014235817005,124.34167030991958,106.01040951151163,86.98690074471574,39.328579517300625,11.093008061984264,-0.010438293218612671,0.023726806044578552,-0.17338991165161133,-0.1739027500152588
5,40,51.15376221378939,80.83136000148359,92.95574593242198,84.85702123253623,137.75744737999693,151.75195448654884,98.17909242911409,108.66003817252601,107.34887276487122,87.44007443931947,41.801983718632584,4.025661231052638,-0.0158100426197052,0.018594488501548767,-0.1705906093120575,-0.17528581619262695
5,41,45.226359513518446,81.39334563601052,90.76393130583786,80.83926495422413,132.76046780578503,152.57327746911736,104.66912520377782,104.60274414174884,108.84318430258469,87.62552798450557,45.53757179231941,0.5540806817863881,-0.022663921117782593,0.018890991806983948,-0.16746577620506287,-0.17615652084350586
5,42,43.54810243151173,82.37304688300037,92.74345873584161,75.27953531628557,140.4034370744003,154.89823943630117,100.90147756903485,112.52883567241959,110.31192018032951,87.7558693543734,49.195356304329884,7.093511566714795,-0.02406492829322815,0.015995800495147705,-0.15483549237251282,-0.17545032501220703
5,43,51.29315782340165,76.95549894489093,84.7954682430393,71.30800297412043,137.25441225089799,156.30481626156765,100.14309457869321,107.3744472965828,112.75513561405023,87.29608357004913,33.502310419637645,5.647495970770507,-0.025476068258285522,0.007982239127159119,-0.13923555612564087,-0.16726329922676086
5,44,50.672952816347944,67.62307544218596,78.56793932209528,68.86960323409956,136.92515831846094,152.32254139132363,96.68957143127157,105.94799472431357,114.54810649064777,86.91494065285195,27.89498650574734,1.2465277919135929,-0.024515300989151,0.0036572664976119995,-0.12166085839271545,-0.1648162305355072
5,45,45.66189685966602,59.87797290505927,60.92679088937878,67.01968993802927,133.4559811584512,149.81967750046655,98.47627442545331,108.99397673433668,114.54842533558597,86.93920812984675,15.264894029712757,7.14171703297,-0.02554374933242798,2.1889805793762207e-05,-0.1083221435546875,-0.16035708785057068
5,46,52.96165703420817,63.62988869927851,61.60864979674723,66.36446078717255,134.89440085843378,152.94651494794675,94.4865370841299,103.59018007882521,116.4666644662485,87.06890955307334,8.646992762539057,2.734572087894037,-0.028836458921432495,-0.0013860911130905151,-0.09083467721939087,-0.15597864985466003
5,47,56.006759902133375,62.17256003050374,63.75056110053235,60.5134380565396,135.4972438868687,151.5385863292249,89.18019445234954,101.9873405915616,118.72117125636748,87.23913825244293,7.743801198398977,1.6591219739641403,-0.02465987205505371,-0.005717769265174866,-0.07189497351646423,-0.15206769108772278
5,48,59.09526766647457,61.84140166892537,58.63835214413662,47.5581933161764,134.60837457294474,149.76636368226067,90.26526381132695,105.58608506772732,118.4824121376349,87.69066437209186,0.4569155223379511,14.283208352748971,-0.022871822118759155,-0.021140888333320618,-0.05388897657394409,-0.1394297182559967
5,49,68.30973853279117,59.87766717186233,42.83039991797642,47.75246765302317,133.71148866095672,148.63261383898364,88.94044229577544,102.30730591992229,116.06092887978345,87.91293384637913,25.47933861481475,12.12519951883916,-0.02007022500038147,-0.026272818446159363,-0.03697854280471802,-0.13515079021453857
5,50,67.41794459495894,57.08425404719039,40.82801867320393,46.21170698703447,136.0049207906255,148.24931143774157,91.35998735321306,102.90903557969908,116.36381277523535,88.08496950479267,26.58992592175501,10.872547060155924,-0.017930597066879272,-0.0302114337682724,-0.023376941680908203,-0.13040021061897278
5,51,67.18091786330885,51.27927117952398,43.11612439942882,47.26068033947878,137.3199968172755,147.51363057408366,88.95632790236301,104.24554100609006,117.15277811427777,88.28290646417697,24.06479346388003,4.018590840045199,-0.015759259462356567,-0.034299418330192566,-0.015717357397079468,-0.1257626712322235
5,52,74.16658180234853,54.365608745901284,36.58064484809069,45.03027669874106,137.09318685992676,148.27981492163292,88.89147732839055,104.86141552229807,115.35190227034833,88.34151153320357,37.58593695425784,9.335332047160222,-0.012919038534164429,-0.0383024662733078,-0.004515528678894043,-0.1205398440361023
5,53,68.80068278964835,52.16744801962687,33.42193837426106,45.03277462153658,138.79128744899194,149.0943565988214,89.41413852646846,104.1972274864351,117.15332165744886,88.31880873587716,35.37874441538729,7.1346733980902854,-0.01044553518295288,-0.040489524602890015,0.003490358591079712,-0.11506026983261108
5,54,69.60760728113625,51.242123812830236,34.89893090514974,42.91550888915757,138.68578625069733,148.65527089787741,89.88743622878994,103.99665415488917,117.35420373091854,88.05641328079166,34.708676375986514,8.326614923672665,-0.009343951940536499,-0.04945753514766693,0.007481634616851807,-0.10817888379096985
5,55,69.95496907747986,45.08616535389902,31.048811156200617,43.29822205023358,137.783030466816,147.8874015404644,91.9656358294019,103.34799531218678,117.19717391034116,87.96837088222202,38.906157921279245,1.7879433036654362,-0.008911103010177612,-0.05505599081516266,0.015239745378494263,-0.10162487626075745
5,56,69.13217253790442,47.23553314168699,29.97760947210043,42.006828196076164,137.01908778506458,148.25348007827526,91.4932822022698,102.74474082406176,117.70236371479825,87.8933698605057,39.154563065804,5.228704945610829,-0.00880134105682373,-0.05938868224620819,0.01831880211830139,-0.09870994091033936
5,57,63.525112585217265,49.069334220977844,32.496979782907694,37.87333329911883,138.16039133294478,150.79259096060863,87.10486393657342,105.82411576889491,118.87387773999158,87.41495533915348,31.02813280230957,11.19600092185901,-0.0077453553676605225,-0.06423823535442352,0.022255539894104004,-0.09195557236671448
5,58,63.62030760659785,49.302433352934194,28.33752194105295,37.32015568818418,138.62567155385335,152.42772334029303,91.43506945351326,106.09412137584704,119.15257562558195,87.27604029943738,35.28278566554489,11.982277664750015,-0.006665676832199097,-0.0676850825548172,0.02819010615348816,-0.08652621507644653
5,59,61.5619390424984,40.19488366275716,27.310415556047623,38.043274388663974,139.717274591156,151.6089050536981,92.81903872025157,109.06796301292222,121.11154036982047,87.0635571373817,34.25152348645078,2.1516092740931825,-0.00567588210105896,-0.07312051951885223,0.033184200525283813,-0.07847929000854492
5,60,57.732659493135706,40.57888364305754,28.30604118040381,37.02599687966188,138.40851757313564,150.54320170759243,94.99235722271241,111.11345651343144,120.94426414999822,86.97425341349414,29.426618312731897,3.552886763395655,-0.005082637071609497,-0.07517987489700317,0.03706291317939758,-0.07561784982681274
5,61,53.280229957264694,40.148848449752705,26.63228068294037,35.1677487419381,135.7226977602437,149.98182655789023,93.91750800250946,109.07782429407492,119.84378789365779,86.95801161128374,26.647949274324326,4.981099707814607,-0.004076957702636719,-0.07761101424694061,0.042514652013778687,-0.07269448041915894
5,62,54.68565523734799,31.751274913636085,23.23625853543893,40.692910737424995,134.54895092231163,148.94417336530967,94.67344555486257,105.39869033269467,119.75785448517422,87.15303175292671,31.449396701909055,8.94163582378891,-0.003971755504608154,-0.07911370694637299,0.04454392194747925,-0.07069933414459229
5,63,61.87512764532204,35.58730445816551,19.7217578634744,41.214091438036604,137.0279423940862,150.14606640353696,96.60463466222815,105.46292619793829,118.66911811915777,87.51864035492949,42.15336978184764,5.626786979871092,-0.0035643279552459717,-0.0794840157032013,0.045030832290649414,-0.0682639479637146
5,64,65.85247967047374,29.101733010040665,20.509692333252836,41.810833315107274,137.64020303292472,149.24779015910536,96.1771865619554,104.36508673364109,118.74189807418912,87.7079677149993,45.342787337220905,12.70910030506661,-0.0034112930297851562,-0.08059854805469513,0.04726073145866394,-0.06433922052383423
5,65,63.60864747104338,27.065863028674478,20.66416210038202,39.66061587472545,136.34485154159037,149.0198665093877,99.45636614522874,109.71094319297923,118.86821381946731,87.87190524084707,42.94448537066137,12.594752846050973,-0.0033515095710754395,-0.08277633786201477,0.04762008786201477,-0.058337390422821045
5,66,64.84991222752583,28.189016589977324,21.916126459962364,39.01257407578203,136.2719850563935,149.47926352427632,96.13310068124528,109.8508680610333,119.02840005093589,87.97066585824987,42.93378576756347,10.823557485804702,-0.0027182400226593018,-0.08311563730239868,0.04712945222854614,-0.05574330687522888
5,67,63.2111516604453,26.3642927375873,24.63473739404113,41.745035646908654,135.85340294777168,149.90664724959007,98.27377910785316,109.56260997962995,120.83564955051624,88.1630758706669,38.57641426640417,15.380742909321356,-0.0025529861450195312,-0.08351698517799377,0.04774254560470581,-0.05335244536399841
5,68,60.10406679312045,27.08470673987403,27.578308635094725,40.69307696847475,135.0232749834805,148.68713713961873,96.37335934072898,110.5955841218379,121.15664324725724,88.34031303071004,32.525758158025724,13.60837022860072,-0.0020441412925720215,-0.0846642255783081,0.047043830156326294,-0.051758646965026855
5,69,59.989454526071405,25.189066693959866,27.364053240423758,40.3102442946632,134.6421953745851,148.4732334842548,95.84549045859484,112.52038619752406,120.7714910005091,88.2701337150672,32.62540128564765,15.121177600703334,-0.0021755099296569824,-0.08555153012275696,0.04731738567352295,-0.04987555742263794
5,70,60.1968954927886,23.197783275680006,23.452349050507276,41.20924799128427,134.61015622088803,148.28082382834248,99.50783017364805,112.07398571637142,120.56694024908516,88.26607310377575,36.74454644228132,18.011464715604266,-0.002491772174835205,-0.0850050151348114,0.04885461926460266,-0.04811534285545349
5,71,60.49810293042139,33.64025470867629,23.083298651358685,34.94696476508981,134.63073188095152,150.59973810047512,100.05623517727942,117.44869131204217,120.60845403927199,88.22560022329236,37.41480427906271,1.3067100564135217,-0.003004133701324463,-0.08507467806339264,0.0496658980846405,-0.046738237142562866
5,72,60.43870238335054,33.446088768670926,22.483044329770017,34.72455615057408,135.66749207513286,150.65226675844525,106.0264254361336,117.24829905582015,122.04602643729754,88.30320076076731,37.95565805358052,1.2784673819031553,-0.0037116408348083496,-0.08516794443130493,0.05103626847267151,-0.04573163390159607
5,73,61.313991859043476,26.09681130408895,23.593404199865716,35.07593654914378,135.50459302519926,148.53165959914767,105.05286348589397,117.06634954792536,122.11470822782168,88.15269508779892,37.72058765917776,8.979125245054835,-0.0039497315883636475,-0.08525875210762024,0.051441490650177,-0.04505804181098938
6,0,76.27943752670075,44.72389926043709,28.072310399727762,43.06849410820514,138.09128660911315,151.9715862296767,105.11507380492637,116.52379936698938,117.70043514745794,89.4619092960577,48.207127126972985,1.6554051522319568,-0.03294995427131653,-0.03796820342540741,0.01646047830581665,-0.11880657076835632
6,1,69.45113940527077,58.88003028944202,31.654778554455632,48.31828244085213,135.60015005140798,152.15063650177737,98.6413266646442,104.80866927555027,119.38073289500414,89.56397363265913,37.796360850815134,10.561747848589889,-0.0329841673374176,-0.03715318441390991,0.014867335557937622,-0.12190127372741699
6,2,65.9058275808934,71.3220960040207,30.74176717592995,51.832501346829225,135.2449956891673,155.16102930069522,92.93895057993612,103.4639880140437,119.58997422623541,89.86649963945905,35.16406040496345,19.489594657191468,-0.03152430057525635,-0.03478650748729706,0.010224789381027222,-0.13366833329200745
6,3,65.42516359338894,68.60909674445247,30.39378558469284,58.463679099500645,134.44577658831983,154.01756820170365,92.39068705297261,101.98005409668993,119.41185555713696,89.86157479906247,35.03137800869611,10.145417644951827,-0.029624372720718384,-0.03281833231449127,-0.001498878002166748,-0.1452358365058899
6,4,71.5354826933621,70.89073044559503,33.02461519349135,63.72787216653606,133.04032889004046,153.52872757858498,91.29836778972421,97.7297965105819,118.59936598890354,90.18000144175184,38.51086749987075,7.162858279058966,-0.025245577096939087,-0.030864834785461426,-0.01226547360420227,-0.15365314483642578
6,5,67.16140458106912,76.99763976566533,37.2485325486535,71.10546121394107,132.08040705178777,157.2908362693068,90.12443633020148,103.73300754033401,119.40143910756763,90.25118402992386,29.91287203241562,5.892178551724257,-0.015370786190032959,-0.016762763261795044,-0.023680508136749268,-0.1776597797870636
6,6,69.01640437756467,76.49210990155707,37.628139676383356,78.29416498211586,134.78436848989867,158.36655655048088,90.25931946504546,112.89883135528083,119.23525187967665,89.45031856536046,31.388264701181313,1.8020550805587874,-0.002329230308532715,-0.013043105602264404,-0.0452897846698761,-0.1907120943069458
6,7,65.10961527808065,81.18362115092565,44.81906231415902,81.11860214618939,133.6436574118514,157.94765877452994,88.23227181747143,111.56253440247922,121.62374095229413,89.47196177672116,20.290552963921634,0.0650190047362571,0.012092918157577515,-0.008870691061019897,-0.058378010988235474,-0.19396540522575378
6,8,62.682600442070445,87.36383212052559,57.11268111383496,82.90322403694677,136.01186492085228,158.51931109350264,86.98850030432278,109.79835953595295,124.56108185295908,89.44962903558812,5.5699193282354855,4.460608083578819,0.03015807271003723,-0.002892538905143738,-0.07166817784309387,-0.19470974802970886
6,9,61.241752866360464,83.72171142446791,66.31200872537345,84.61887320234999,139.94012087152757,157.81097520925334,89.04835511412345,116.70327773291274,125.58849751677639,89.6074363688056,5.070255859012981,0.8971617778820757,0.05487927794456482,-3.388524055480957e-05,-0.08979642391204834,-0.19450867176055908
6,10,65.22612094936471,84.10819280205932,74.67237031386898,88.94506016603806,147.22581623655415,156.7779059442594,88.63574063722007,121.27789223110027,124.19077151898317,89.76282501393803,9.446249364504268,4.83686736397874,0.08053866028785706,0.003077208995819092,-0.09415853023529053,-0.19415447115898132
6,11,59.88761434843213,84.59370147271677,85.22147890532192,95.17515966016644,148.16465002080963,152.90201740223418,98.17411382620615,119.88221905720873,121.4205099212834,89.13954851621153,25.333864556889786,10.58145818744967,0.1075277179479599,-0.0014626681804656982,-0.1073419451713562,-0.19407638907432556
6,12,57.467196544926956,93.72671755240395,86.0806228135312,95.84103059959564,152.90364879141177,156.1945483967395,100.60528180152467,107.58175208276171,117.56407859339528,89.19158957441543,28.61342626860425,2.1143130471916862,0.13565437495708466,0.0036965012550354004,-0.11202886700630188,-0.19361600279808044
6,13,57.760556577840674,85.68277271685618,91.13928840767849,99.47675463927037,156.67705765306872,139.8373017572116,119.1724573833963,127.48648535667255,117.23749592275357,88.98422836369859,33.37873182983782,13.79398192241419,0.1610875427722931,-5.297362804412842e-05,-0.11007681488990784,-0.19137999415397644
6,14,76.36377245355527,87.59854043108946,91.62967720337573,102.80531973425549,158.6933160308499,128.26837730712703,146.8517710826151,163.36989559712285,117.33970257405973,88.84040365154755,15.265904749820464,15.20677930316603,0.18014489114284515,0.03841903805732727,-0.11033442616462708,-0.18903851509094238
6,15,82.34962469799426,92.64789735712162,93.19891961540193,100.38013631535387,164.98586308051634,130.56081831442827,158.21241440353612,144.65184647029918,117.80941838094914,89.20610614061317,10.849294917407676,7.732238958232244,0.20694378018379211,0.03432971239089966,-0.11470982432365417,-0.18694347143173218
6,16,99.53299094301852,95.76724093865616,78.4220246622344,99.18092344064462,165.51215964358678,130.41088781978453,169.089822329641,165.38989249354947,114.94906635781453,89.8593092380945,21.110966280784112,3.413682501988461,0.21508783847093582,0.04487714171409607,-0.11515390872955322,-0.1827252209186554
6,17,99.50305046914406,108.23209401170877,80.38551874839511,96.19061458903424,166.20612349742174,146.02018464215166,171.0338246104042,168.47184683780597,115.17271406831516,90.27743924326495,19.117531720748943,12.041479422674527,0.22625695168972015,0.052227556705474854,-0.11348506808280945,-0.1769818663597107
6,18,104.0726572018955,120.09217886134444,79.00930665388087,92.21748028276376,168.95030131559193,149.50764041148147,173.7162325893446,164.59754900442942,114.98398581768397,90.94330923242357,25.063350548014625,27.874698578580677,0.23289111256599426,0.05056256055831909,-0.10127529501914978,-0.1709994077682495
6,19,105.13022242586727,121.10648579683637,79.08523670959725,90.9676982722055,173.24803823724733,142.04231888338953,175.70663049876285,167.75764077706117,115.00459636667422,91.43602188307223,26.04498571627002,30.13878752463087,0.2511124536395073,0.04991564154624939,-0.08740639686584473,-0.1667047142982483
6,20,105.64579237739709,120.91699472971284,72.41952938199384,95.20829499185253,171.36378695688703,139.725680558438,165.53330105881653,170.2357804058762,115.5133382828438,92.2883639690998,33.226262995403246,25.708699737860314,0.2595352828502655,0.05176553130149841,-0.05826672911643982,-0.16034847497940063
6,21,110.39748303834642,111.53461641381003,58.52144057900438,104.9681040312376,171.94382866528315,106.36036767587947,172.76857635988685,167.55346936339555,114.47527149224689,92.6495298575153,51.876042459342045,6.5665123825724265,0.26628632098436356,0.045386433601379395,0.08878031373023987,-0.15799090266227722
6,22,103.47601954495914,119.65261048919396,59.98372316694907,100.39122463801151,168.74280207680508,138.22381067307364,168.80302840778663,172.60565370097444,115.91050299189594,93.0318018504328,43.492296378010074,19.261385851182453,0.2751530185341835,0.056342050433158875,0.11745840311050415,-0.15260756015777588
6,23,110.17076012708105,121.01156761633413,49.86572190894401,99.35357286313202,169.93145380992715,137.58890790368383,168.9599548946173,166.06528665757472,113.89589232440402,93.56806410972575,60.30503821813704,21.657994753202118,0.2913397252559662,0.07015994191169739,0.1154097318649292,-0.14640375971794128
6,24,108.14541057706903,122.42358558420499,47.57359600248568,101.05855994854059,168.8586238429774,145.08746176152331,169.84348306923064,167.90022931614868,113.9961990812261,93.49680880962744,60.57181457458335,21.365025635664395,0.2969517335295677,0.07985667884349823,0.10040518641471863,-0.14450111985206604
6,25,106.5177789921084,123.22472254317397,51.28283247486821,101.31296830432447,167.98703694892916,148.85513013945243,171.06002128607116,166.9244776711268,114.73415972610218,93.35113251595664,55.234946517240196,21.911754238849497,0.2988498620688915,0.08925274014472961,0.09950786828994751,-0.14468929171562195
6,26,106.1529695632702,122.27565639063127,51.97498359142997,99.7729109614424,167.13349387928224,151.1544562621206,167.80975324739592,166.7581783994915,115.0732116458779,93.23850812614727,54.177985971840236,22.502745429188863,0.2980671785771847,0.0919254869222641,0.10100394487380981,-0.14509546756744385
6,27,105.37125771126527,123.65385542928873,52.42638184094384,98.14763889934835,168.76670128250421,153.10830902698885,167.87191475956826,165.77061208721076,115.22207701992834,93.2845490169882,52.94487587032143,25.506216529940374,0.305808674544096,0.09021016955375671,0.10078245401382446,-0.1448032259941101
6,28,105.68838287360838,123.08091727400564,52.952791634469015,97.88310335424572,170.2165665003937,152.48282746492595,169.12382485634103,171.52510209793192,115.13980398337891,93.27254630429934,52.73559123913936,25.197813919759923,0.3047895282506943,0.08863119781017303,0.10655438899993896,-0.14488226175308228
6,29,101.2397885178165,117.49196134405743,54.664985926252,100.83143061083042,170.3878515967205,133.12822002492214,167.2864853040299,160.04804607008305,115.95343542541502,93.18149119638413,46.574802591564506,16.660530733227006,0.30187108367681503,0.07810276746749878,0.10909700393676758,-0.14490196108818054
6,30,99.9432484280267,119.98175526508616,55.91110060531598,94.24030185619262,170.08795539023856,139.8644577035752,165.86662073214853,174.76619093526318,116.44988038608051,92.93836688537637,44.032147822710726,25.74145340889355,0.2996969372034073,0.07464194297790527,0.11110737919807434,-0.1450946033000946
6,31,97.86286595956253,117.62443320882777,60.11470936832828,91.21097360175342,170.23165977493798,142.15232523333495,167.982443017788,174.47643024290343,117.92855202449701,93.06113338057172,37.74815659123425,26.413459607074344,0.28077293187379837,0.07347586750984192,0.12337827682495117,-0.145693838596344
6,32,97.66546587969488,107.41523862046307,57.62128832728219,87.10994929182715,171.44086344332237,139.1100920818243,165.20903657826116,170.1522785458336,118.8725619570992,92.53040659080695,40.04417755241269,20.305289328635922,0.27721793204545975,0.07368490099906921,0.12178182601928711,-0.15032684803009033
6,33,98.70931990165154,100.29408887535381,88.20785510705632,91.03249803918084,173.83886455456678,135.1558028048225,177.39240097142593,168.50990842306143,119.47762835414363,91.04109936985947,10.501464794595222,9.26159083617297,0.26119019091129303,0.06193026900291443,-0.053778380155563354,-0.15825146436691284
6,34,100.82539272807026,96.01337226520374,80.32893712842095,89.95364113203036,170.6868265086843,129.9672293301821,174.7193092160452,165.14366734414043,117.19080764029412,90.60917047430759,20.49645559964931,6.059731133173386,0.23817182332277298,0.05908651649951935,-0.07327002286911011,-0.16362497210502625
6,35,104.34456705666125,93.56025338637961,70.1263086517811,87.87233000560674,166.49002544922297,127.41720154952921,167.20405742598285,163.1421894979403,114.3210456016824,89.87153628022574,34.218258404880146,5.687923380772872,0.22648728638887405,0.0416177362203598,-0.08900430798530579,-0.17106541991233826
6,36,94.40802926031259,89.40586713965342,71.49531538195336,91.28150941307554,159.01833703554107,131.31892262629458,163.55209177611746,140.02926598961224,114.27492963583354,89.7702948673138,22.912713878359227,1.875642273422116,0.2154838666319847,0.03222121298313141,-0.10203778743743896,-0.1728130280971527
6,37,85.25489811353498,94.22379791418489,84.34969297916348,93.8440709342745,154.93636378557267,149.72985760500526,158.80571415767932,100.74401305848961,115.84245964204698,89.23698267416077,0.9052051343714993,0.3797269799103873,0.19346055388450623,0.017717555165290833,-0.112254798412323,-0.17594963312149048
6,38,72.21864636162135,86.80463228289811,97.88249810080275,94.71951449001646,155.41223141880897,150.92327153236468,159.86529780903373,102.12904842727829,117.38511385839402,89.10331014484174,25.663851739181396,7.914882207118353,0.17686456441879272,0.01592579483985901,-0.12507614493370056,-0.1792014241218567
6,39,71.14046179848397,86.31155932606268,98.93014236519346,90.89625272582353,151.59746068175122,150.8632708466518,154.59570190784092,106.77978018803164,116.66111469964768,88.96166879323168,27.789680566709492,4.584693399760852,0.1581907719373703,0.009916722774505615,-0.1322016716003418,-0.1847958266735077
6,40,66.06342646364122,83.26251147115327,98.50302248172565,91.64762620620292,145.79137746596479,154.21214200052952,133.77168116291315,115.60205659931601,117.83981108249732,88.88262591173574,32.43959601808443,8.38511473504964,0.13889043033123016,0.011730313301086426,-0.13149625062942505,-0.1865106225013733
6,41,54.47088774147735,76.69470991379728,102.13687658661826,93.48779566800393,138.7282318430123,155.08273789796135,128.0628687481309,117.28811297882666,118.97597878144548,89.12676524635302,47.66598884514091,16.793085754206643,0.11453902721405029,0.014478519558906555,-0.1326758861541748,-0.18804693222045898
6,42,57.8273419208594,73.1824824502148,95.19103210178073,94.65745981961608,134.5862242838944,155.26470600735325,98.18017882653291,110.07160368268143,119.61958808420303,89.65619577357626,37.36369018092133,21.474977369401273,0.0908806174993515,0.003060758113861084,-0.1299610733985901,-0.1921224296092987
6,43,50.64506930326395,75.12771258672274,88.39810409003718,89.9499505694919,126.08017599538944,151.84038323476472,87.3992606756135,92.31010393974864,123.94658939820197,89.17666079314907,37.75303478677323,14.822237982769167,0.07004621624946594,0.0012845993041992188,-0.12511032819747925,-0.19266238808631897
6,44,41.732731720584376,76.63377016041504,95.38335288513132,85.59217790402863,125.39486215043182,152.399785457614,111.40622730599898,97.01972981846141,126.19221347063302,88.91345869664606,53.65062116454694,8.958407743613591,0.05411067605018616,0.005979061126708984,-0.1212807297706604,-0.19181519746780396
6,45,40.0913617352753,71.94527011639786,92.3931900855421,83.24553059042162,125.08425157379341,152.0009206293185,88.7122342225734,97.5712955940936,127.91011785461173,88.95128751477976,52.3018283502668,11.300260474023759,0.040463030338287354,0.006685957312583923,-0.11524352431297302,-0.19096580147743225
6,46,43.03182885962249,71.6589073457895,90.15495528273222,79.97307800984653,124.46302484254309,154.95109603998762,90.96264718951282,102.73645865682546,128.91800179498793,88.78507440237506,47.123126423109724,8.31417066405703,0.027769923210144043,0.0054104626178741455,-0.11137035489082336,-0.18516016006469727
6,47,50.54083633362196,62.63241894788294,76.59090850929555,80.00396257908525,126.29292438368458,150.91012172669957,95.26881190159162,104.45699784587977,128.81486865718438,88.6333565731264,26.050072175673584,17.371543631202314,0.01556462049484253,-0.003002464771270752,-0.10919851064682007,-0.18089666962623596
6,48,49.26154932785686,56.78214924566121,75.06785368481266,77.56737951179656,126.26435189707269,148.84760539246258,89.95845863417044,99.72191819431198,128.5553258396652,88.71227895239127,25.8063043569558,20.78523026613535,0.008972078561782837,-0.011567160487174988,-0.10140818357467651,-0.1736447513103485
6,49,49.35584372445631,57.33936465143924,69.77097962730915,70.71790592462938,126.53449392037295,145.480071429848,85.98427844147355,98.8352038208289,127.97852482380091,88.64696229276727,20.41513590285284,13.378541273190137,0.002590358257293701,-0.01628004014492035,-0.0889502465724945,-0.16342908143997192
6,50,55.552321582760904,58.65910627483261,63.94607007185913,68.34567363362696,124.43226683551693,150.3200311007706,84.4158175982929,100.53516369055448,127.40902688138927,88.40654216474304,8.393748489098229,9.686567358794349,-0.004097312688827515,-0.0226028710603714,-0.08110758662223816,-0.15909641981124878
6,51,57.56909142628748,55.84045628304036,62.96546892938447,59.32687480582629,122.5726835003983,148.81881866103632,82.50758691457554,102.64193253441982,128.10731590980512,88.38668572690922,5.396377503096993,3.4864185227859323,-0.009984999895095825,-0.027833029627799988,-0.07344934344291687,-0.1539154350757599
6,52,58.886735806871464,58.711230850339604,57.61434824866799,56.4970343027345,121.78274570620927,150.63010964433536,84.63801945623658,102.29363972230965,127.36495383022864,88.33164146116734,1.2723875582034765,2.2141965476051055,-0.012019246816635132,-0.03102549910545349,-0.06394162774085999,-0.15146642923355103
6,53,58.863833078972554,59.47159093956471,56.32738858335324,52.74185794365371,123.49514619414474,152.96227387210553,83.14760682504324,104.53270460159968,127.71166267066641,88.22174187763979,2.536444495619314,6.729732995911,-0.013295501470565796,-0.03318895399570465,-0.054230451583862305,-0.14306944608688354
6,54,62.94915366636987,57.14215643272997,45.464086480928785,51.20750488098706,123.68540842555504,152.9981230442716,85.34606751150986,103.42253834287159,124.60477713311282,88.12590520399193,17.485067185441082,5.93465155174291,-0.016300290822982788,-0.03734801709651947,-0.044722288846969604,-0.13792747259140015
6,55,61.17565852000572,63.77696211647181,44.5105737461604,50.7033455591429,125.37559319841833,153.27367721166672,85.30101662006123,98.49634445926284,125.23920372304491,88.21595676787483,16.665084773845322,13.073616557328904,-0.01725912094116211,-0.041192278265953064,-0.036289870738983154,-0.13286444544792175
6,56,60.858617642891566,63.04514991129719,44.44329603660182,47.9461002993108,124.41394962604045,153.98177876386293,88.65720815447165,101.3684921889238,125.88939847158653,88.54593272344844,16.415321606289744,15.099049611986388,-0.019251227378845215,-0.044982314109802246,-0.02980157732963562,-0.12938857078552246
6,57,59.873988732930314,52.689111809194074,40.90005672410488,47.435911404380505,123.88946701491157,149.9837507576234,89.24735507826114,102.35434384403901,125.26117071954474,88.82880948086502,18.973932008825436,5.253200404813569,-0.01993611454963684,-0.048665016889572144,-0.021317660808563232,-0.12344968318939209
6,58,60.094947701982406,50.945082281481525,39.377315834278,47.96998658946297,123.21212848582654,150.15099176296903,88.6737638443027,102.22700900918971,124.70897292458987,89.15410267544388,20.717631867704405,2.975095692018556,-0.019431501626968384,-0.05129058659076691,-0.016432583332061768,-0.11819323897361755
6,59,60.39664026779856,52.168797388622316,38.97412339009731,46.27492659647562,122.57343102061621,151.73732585297807,89.06619177175847,102.28271971275471,124.63531762636357,89.06856839777979,21.42251687770125,5.893870792146693,-0.019229739904403687,-0.05357648432254791,-0.012018561363220215,-0.11498263478279114
6,60,61.037657706083884,54.87802671768598,38.521982854122285,39.89110714418549,122.35697902244407,153.84043080590138,95.00045931222321,104.24708495985908,125.78841524687402,88.92352754954442,22.5156748519616,14.986919573500487,-0.01977214217185974,-0.057956159114837646,-0.006628125905990601,-0.10663437843322754
6,61,61.45542025481472,48.22453793586548,36.093165004730494,40.98503015684162,122.4152851582588,152.9670269725468,89.24109513441026,104.13280497689232,123.83935802627748,88.7638269059901,25.362255250084225,7.23950777902386,-0.018847405910491943,-0.059220895171165466,-0.0015541017055511475,-0.10194811224937439
6,62,62.545302056967095,45.09648000153157,32.53662898950304,41.56038998623368,122.33232137983984,152.57194316267868,90.91382954669113,101.92662503975824,124.1563087296071,88.52317372051749,30.008673067464052,3.536090015297887,-0.01891028881072998,-0.059604525566101074,0.002143770456314087,-0.09472060203552246
6,63,63.427199151033555,46.65343982862805,35.49074363606052,39.81114756149965,122.25888711933938,153.66836426457635,91.73379977519389,102.71533112415698,124.89284674699009,88.20935667071971,27.936455514973034,6.8422922671284,-0.018663138151168823,-0.06063556671142578,0.0028308331966400146,-0.08911386132240295
6,64,63.826413298866164,49.67731932165052,34.013046394947786,36.98926923685917,122.76727752663608,154.01820654992832,93.17625539997535,101.4322046619555,124.62355195333552,88.12836931293683,29.81336690391838,12.68805008479135,-0.01874104142189026,-0.06102195382118225,0.005549430847167969,-0.08231350779533386
6,65,65.7234896496825,43.64765112729534,32.43473678609917,37.654885844605836,122.89489000876468,152.76382499331874,93.98491088171903,99.35522902100462,123.70403439976582,88.12676182754538,33.28875286358333,5.992765282689504,-0.019202232360839844,-0.061434611678123474,0.0066262781620025635,-0.07619935274124146
6,66,64.48867122555185,44.5502003799464,34.178257345557704,36.872629921016234,121.94180916097945,152.72510831327094,92.93717617776524,99.92788072390357,123.58666249073445,88.13938987328258,30.31041387999415,7.67757045893017,-0.01949980854988098,-0.061511069536209106,0.0063127875328063965,-0.06836733222007751
6,67,65.30611752305171,44.047233593574354,33.18751898175736,36.036951575285954,121.80089576127718,152.9599365985424,92.29718072581255,101.05689624679299,123.45202328527056,88.05378751782649,32.118598541294354,8.0102820182884,-0.018640786409378052,-0.062137171626091,0.005896806716918945,-0.06265783309936523
6,68,62.22051715913804,38.165952922922735,33.733006517327816,37.00278592118815,124.07436021892758,151.80903854616386,92.24784265784994,102.42355590151763,123.30787419909802,87.9048414071926,28.487510641810225,1.1631670017345854,-0.019875049591064453,-0.06244651973247528,0.006523221731185913,-0.05688425898551941
6,69,64.7048992106003,40.011081415997,30.788840447741705,33.82429951621567,124.8025174995566,152.27982261474259,92.29939893975526,102.99387572934684,121.85320379937916,87.45293291157355,33.9160587628586,6.18678189978133,-0.019160538911819458,-0.06212015450000763,0.006498515605926514,-0.048460155725479126
6,70,65.03363130446714,37.340937909647124,28.785192365063583,33.718287464740506,125.08258334368536,148.42199654188397,93.97809041123512,103.16090534607555,121.41252014855249,87.26864315224347,36.248438939403556,3.6226504449066184,-0.019773393869400024,-0.06213298439979553,0.008466660976409912,-0.04716399312019348
6,71,64.29508232542322,38.27745734417946,28.614648129411908,34.62968126535932,124.72499944122977,150.6850556986196,94.02600986880668,100.99219722274336,121.24176473362921,87.20444222712666,35.68043419601132,3.6477760788201437,-0.019141733646392822,-0.062470510601997375,0.009161323308944702,-0.045884132385253906
6,72,61.41964737230121,33.7267727802243,30.005813998600736,34.98029833248342,124.74416309961876,150.34413860374107,93.17360323684093,101.85741824910701,121.4748825406618,87.33955360986648,31.413833373700477,1.25352555225912,-0.018642455339431763,-0.06287205219268799,0.008833438158035278,-0.04392912983894348
6,73,61.860648508875876,30.7422483637268,29.710402300127846,34.70415655800198,125.14266108623102,151.14610227906581,95.13707182454347,103.62735532535298,121.56804229121497,87.20646243741568,32.15024620874803,3.961908194275182,-0.017738521099090576,-0.06313551962375641,0.009247511625289917,-0.044718146324157715
7,0,71.08531712744282,47.18437950888101,34.99399581363704,38.65662633737503,121.46684003076855,139.82012979123218,111.91493610053452,123.75006449575586,119.95939279642779,97.0548548701097,36.09132131380578,8.527753171505978,-0.025163203477859497,-0.05865047872066498,0.017639130353927612,-0.011407226324081421
7,1,72.66264271006871,42.47728442064074,36.478324695298134,24.382284139661078,122.54922292569606,141.2285412037196,108.10060865975936,127.04550179651459,121.34442390602592,95.93719801633999,36.184318014770575,18.095000280979665,-0.025302112102508545,-0.05679744482040405,0.01838505268096924,-0.0127391517162323
7,2,69.90700743801364,41.062754911451414,37.35962509519012,23.239108074009422,122.34825952681554,141.32484295777633,107.52055076880696,126.84673034288389,121.32134210323103,95.65093809864935,32.54738234282352,17.82364683744199,-0.023839086294174194,-0.05519281327724457,0.01856103539466858,-0.014968931674957275
7,3,68.75696671869767,49.275958579129096,35.04173484096816,20.96504802058946,123.0339809763398,141.90416750427283,107.3497591714017,127.26612306168616,120.56443370826788,95.16896674357193,33.71523187772951,28.310910558539636,-0.02387946844100952,-0.05428481101989746,0.019057929515838623,-0.015291184186935425
7,4,69.96803810597851,52.5690886468566,32.34901043041932,21.11035095912337,122.58122931965706,142.6354269463186,103.25906784808798,121.49001251563786,119.88350953126749,95.55063442540559,37.61902767555919,31.45873768773323,-0.02374514937400818,-0.053378671407699585,0.021253496408462524,-0.015793293714523315
7,5,73.80613055305783,52.03317067279996,29.243598315682302,22.44543341683375,125.67039588407681,143.10581015845563,100.0683382150368,122.7962206057878,118.6095822375376,95.63322418280148,44.56253223737552,29.58773725596621,-0.023352324962615967,-0.052500203251838684,0.023126959800720215,-0.01912480592727661
7,6,72.06642476218266,51.33068130851708,28.70566473400176,22.514186210058902,124.797918230101,143.30013421476727,102.58246034651356,119.03587560723756,119.23737590707208,95.56883010936843,43.360760028180906,28.816495098458176,-0.023597806692123413,-0.052206724882125854,0.020873069763183594,-0.02462354302406311
7,7,70.5480479798685,49.97181195886792,29.186556733754436,26.16545462783149,124.62614102604248,143.8213188933332,100.62104527404054,115.14512929795268,118.19365326151214,95.33530718199778,41.36149124611406,23.806357331036427,-0.023174017667770386,-0.052762940526008606,0.01725110411643982,-0.034272998571395874
7,8,71.87294209959508,47.65642576608053,30.393203924535808,26.23896364010181,124.86444361591307,144.37070962815005,100.3316837620328,114.11477604446964,118.38546162658098,94.96971590152481,41.47973817505927,21.41746212597872,-0.02039167284965515,-0.053423330187797546,0.009198486804962158,-0.04426467418670654
7,9,75.02263513714689,47.65642576608053,30.349558614298328,26.23896364010181,127.4830347462573,144.37070962815005,95.61457029271185,114.11477604446964,117.75960660562188,94.96971590152481,44.67307652284856,21.41746212597872,-0.01578119397163391,-0.053423330187797546,-0.002458035945892334,-0.04426467418670654
7,10,67.04478970773455,49.67071549871324,35.07300722612157,27.53151075741476,127.19505244373191,146.47676933425245,91.32759508492067,114.6364252210706,119.10554284738882,94.63669000523069,31.971782481612983,22.13920474129848,-0.011007547378540039,-0.054342299699783325,-0.014104247093200684,-0.05962875485420227
7,11,67.49763999612769,48.30782266185098,39.58766258025038,31.7734021536585,129.45782927570224,147.98357398965294,90.67839712971538,114.96585754201863,120.00685950838819,94.07671549037023,27.909977415877307,16.53442050819248,3.400444984436035e-05,-0.05549977719783783,-0.03143879771232605,-0.0815078616142273
7,12,67.38551305317839,52.12113811593335,44.498967036373685,40.61168834412159,130.82636213376705,149.0927373775073,89.28165000334533,107.11968615733078,120.57183280965597,93.83410901389657,22.8865460168047,11.50944977181176,0.012355953454971313,-0.055834561586380005,-0.04963761568069458,-0.09917119145393372
7,13,63.229365603002066,56.95678143730084,47.525228572677314,44.50230625707236,133.49834788112054,150.32624940596483,90.20963113226279,111.04906009044801,121.05554600823875,93.09985589641498,15.704137030324752,12.454475180228478,0.025852888822555542,-0.05718374252319336,-0.06382158398628235,-0.11970165371894836
7,14,63.60514476640673,59.30277312014756,59.832889553042115,46.875300145165184,133.67429953004864,148.74984513758605,88.70199097831527,115.51258131614122,123.84109551365198,92.36748643641405,3.772255213364616,12.42747297498238,0.037548571825027466,-0.057817667722702026,-0.07383522391319275,-0.1383715569972992
7,15,49.82702361362412,64.828447922058,82.67720561542939,52.86107417696034,137.164711942933,148.73024870845015,88.3200781328681,114.8485494955826,127.14442360100642,91.98030362277332,32.850182001805265,11.967373745097667,0.05661867558956146,-0.0572616308927536,-0.08934777975082397,-0.15462148189544678
7,16,60.56622505821725,68.89922693549623,77.47694772482096,58.972554960182876,145.40207077880052,149.6299510625522,92.87618524514615,117.79798772370096,125.49845921957866,91.60277006878957,16.91072266660371,9.926671975313354,0.07862229645252228,-0.05527418851852417,-0.09702146053314209,-0.1731792688369751
7,17,63.67236629162878,72.17886580274396,82.35467713712576,68.91950517654551,147.64083942991374,150.00164889136386,108.05649654544328,113.56343937397448,123.32229497733789,90.42335893882161,18.682310845496986,3.2593606261984434,0.09378612041473389,-0.05215896666049957,-0.10412350296974182,-0.180495023727417
7,18,63.739061429841186,81.92014891544406,92.25831212780085,71.33679026850837,151.59914968960672,152.78963468078334,109.88130277392435,110.87510118407705,121.78085258674864,90.16437154701225,28.519250697959663,10.583358646935693,0.12302672863006592,-0.04965732991695404,-0.12137526273727417,-0.19079789519309998
7,19,63.9218783788319,83.7886959025942,95.74409898189779,77.34828652435407,155.20478489488656,151.9209215820206,137.86614332811772,115.62207477567132,117.81728819140763,89.04197225641265,31.822220603065894,6.440409378240133,0.1416277289390564,-0.04278212785720825,-0.12430107593536377,-0.19513201713562012
7,20,60.27794800841593,82.4994667127592,99.86674591494744,84.52601711682009,153.97467264395232,154.05620594261157,138.3033265559648,117.89301615202872,117.95474920310889,89.1788894886597,39.58879790653151,2.0265504040608846,0.1613299697637558,-0.03316520154476166,-0.129047691822052,-0.19814494252204895
7,21,63.30590994439837,86.10100890237473,99.59476451398886,86.53603968093272,155.02697817445127,155.15645196210053,155.60895927365914,123.01836962727413,117.71457892889543,89.27229259288838,36.28885456959049,0.4350307785579872,0.17698165774345398,-0.027840495109558105,-0.1275615394115448,-0.19902360439300537
7,22,73.46950867165388,87.33444647114861,99.74353472201959,88.29672172014176,153.86502274352304,154.40066826630354,167.75008684736187,127.20081494310809,118.19430711980422,89.22696839353395,26.274026050365705,0.9622752489931514,0.189666248857975,-0.02650107443332672,-0.1257021427154541,-0.19857850670814514
7,23,85.46355517808075,93.00257304971058,96.40066369637181,91.78845502148992,164.4344585643165,159.84936217309047,173.78535222800684,125.44835770776973,118.63686269886456,89.65451860603216,10.937108518291055,1.2141180282206534,0.20992112159729004,-0.011000648140907288,-0.12131109833717346,-0.19826555252075195
7,24,94.69479597425875,93.81776513534454,82.34760148655191,94.70868406258447,165.19615076932706,161.6295974809995,168.49089873929887,126.39855297302687,116.79458278032841,89.49625311066262,12.347194487706844,0.8909189272399232,0.22440984845161438,-0.0014911442995071411,-0.11734649538993835,-0.19569173455238342
7,25,101.30217411176042,104.83387468826432,82.00765124991382,99.91474561918584,167.06854803136767,162.15941804010777,170.25231713000352,155.75144183441304,115.59589849459259,88.9233258868913,19.294522861846602,4.91912906907848,0.22412505000829697,-0.0028087198734283447,-0.11637482047080994,-0.1926586627960205
7,26,102.07709685219297,104.83387468826432,85.54777842575226,99.91474561918584,166.16216176845882,162.15941804010777,173.911684541901,155.75144183441304,116.0016742883768,88.9233258868913,16.52931842644071,4.91912906907848,0.22100111842155457,-0.0028087198734283447,-0.11486110091209412,-0.1926586627960205
7,27,102.26022970028744,98.0961294199525,88.3625991297201,101.64262121031632,168.28494821558897,152.32392333234435,174.32837572081044,157.44243961886806,116.62715342082707,88.37417507012621,13.897630570567344,3.5464917903638167,0.23364635556936264,0.0049930959939956665,-0.11250820755958557,-0.1915583610534668
7,28,109.44636494534352,107.46034511682306,86.69429777778944,94.19933541569912,174.49967619293045,149.2841391768102,177.499002345123,167.01724859353132,116.51571250847296,88.22907477769313,22.752067167554074,13.261009701123939,0.2559359297156334,0.024431034922599792,-0.10042035579681396,-0.18831142783164978
7,29,111.92684501403696,108.94193503603594,87.82829677801068,95.0467829026749,173.4243466570621,145.68273200802253,179.36371337132326,162.15264028749803,116.35342919553148,88.22477118455724,24.098548236026275,13.895152133361037,0.24322964251041412,0.014545485377311707,-0.09101301431655884,-0.18698358535766602
7,30,110.28413658938196,107.11901742216722,76.59982931873711,97.15696980435227,171.62701712699965,134.10925034986005,170.71949708517167,167.0464278704515,114.84392404397784,88.3113923957708,33.68430727064485,9.962047617814946,0.24934113025665283,0.03760550916194916,-0.061897486448287964,-0.18656650185585022
7,31,110.50265180621483,107.11370343505754,57.630520878589486,98.16392777814796,169.37901090520415,134.54197362670612,169.85372869668447,167.88179547933635,113.81749649875812,88.53957965785278,52.87213092762534,8.94977565690958,0.2670968845486641,0.03800709545612335,0.09234416484832764,-0.1804782748222351
7,32,110.65571145896538,111.00827519507175,55.96111343053064,95.11475318507206,168.82107754592502,145.51720384918406,166.60964400400567,165.5586561830551,114.22561240950499,88.9649249694124,54.69459802843475,15.893522009999685,0.27168525382876396,0.045323446393013,0.10512539744377136,-0.16650718450546265
7,33,111.5664559779066,121.68289832760341,56.0123762706772,87.29592670562542,170.7467301058583,146.81728584163838,167.57493247544,170.52594488990405,113.88326677435465,89.4674991787651,55.5540797072294,34.38697162197799,0.27901357039809227,0.050067007541656494,0.11089262366294861,-0.16235113143920898
7,34,107.14855508558361,112.9734586585486,59.099781448697804,91.47826019449452,169.94638417207028,81.8122009909514,166.40979961397989,166.388254499461,115.32329439316918,89.72572071241864,48.048773636885805,21.49519846405407,0.28716036677360535,0.04310475289821625,0.09215271472930908,-0.15577179193496704
7,35,113.14121481370559,108.86479162656074,54.32139166703555,105.73607770140772,173.2745081930835,29.641667709918618,168.0324010153543,167.77732288079022,113.89797962175729,90.18019712828442,58.81982314667004,3.128713925153022,0.2960923779755831,0.0333373099565506,0.08999601006507874,-0.1476755142211914
7,36,111.29841786917729,109.79169730046453,54.89653037271803,107.59393620911776,173.23535114178344,48.230650056211836,168.79462027990306,169.01105936788395,114.20976819197675,90.18919461493266,56.40188749645925,2.197761091346777,0.300262276083231,0.03158941864967346,0.108297199010849,-0.14488112926483154
7,37,106.65016237556141,120.66383906649727,60.67884285048254,100.58149769752005,174.12446426175416,150.26848181335288,167.68036450785075,175.98809068689798,115.79617437846531,90.74226220848159,45.97131952507887,20.082341368977225,0.3065317217260599,0.08030226826667786,0.1165550947189331,-0.13876861333847046
7,38,104.96096850423761,121.73842557991472,60.61775039466562,98.0399250595536,174.81877594932308,154.82185222649622,168.30465242432166,176.83434048589947,116.04408412164523,91.03644539236471,44.34321810957199,23.698500520361122,0.3095997180789709,0.09458667039871216,0.11748471856117249,-0.13628405332565308
7,39,106.20124228076808,125.09488115249556,56.21572610247137,94.87537900024678,172.99423273160684,157.66232357412622,168.39951620714427,176.8865818828073,115.31398956761181,91.0991279572857,49.98551617829671,30.21950215224878,0.3075497094541788,0.10401085019111633,0.11385485529899597,-0.13228169083595276
7,40,109.63443514210358,126.73234110685416,55.69714342179717,91.89448923785473,174.47541543096514,158.21383636975594,169.41912453499714,177.27149500844288,114.49307285541103,91.47548788351399,53.93729172030641,34.83785186899944,0.30428498797118664,0.11753606796264648,0.12359598278999329,-0.12493926286697388
7,41,111.28653505402987,128.41198139550252,54.69162254121106,89.26253748386041,174.21788939584673,159.2910988826372,169.44130613662742,178.0116298772026,113.9947606965929,91.45743972508262,56.59491251281881,39.14944391164211,0.30285467207431793,0.11994090676307678,0.13086262345314026,-0.11491125822067261
7,42,110.21876219856276,128.8082561178511,53.94730051044444,87.23793845524477,172.9178451161547,162.8925910885337,166.90212332611182,178.66922054138772,114.33573110707614,91.68489993922162,56.271461688118315,41.57031766260633,0.2873719371855259,0.1292218714952469,0.12637019157409668,-0.11144450306892395
7,43,109.30957995678355,125.49900696993592,53.503405136234434,87.28858028642313,172.95131580309715,161.12230545849567,166.1320596453098,176.03508158045426,115.03059574631311,91.82306507236017,55.80617482054912,38.21042668351279,0.2816203832626343,0.12893660366535187,0.12341153621673584,-0.1101672351360321
7,44,105.11421821337483,125.49900696993592,80.24457919020138,87.28858028642313,171.77110616485623,161.12230545849567,178.73194321040555,176.03508158045426,116.30323889050084,91.82306507236017,24.86963902317345,38.21042668351279,0.2757519669830799,0.12893660366535187,-0.06798544526100159,-0.1101672351360321
7,45,103.0840533061108,124.5365630909096,80.65743778333055,89.4738249689769,170.94677035776934,159.60501390720538,173.75421757781422,174.95243344372054,116.7074470148256,91.84754523790771,22.426615522780253,35.062738121932696,0.25315117835998535,0.12403962016105652,-0.08491465449333191,-0.11025682091712952
7,46,102.8849455547655,124.52873016876168,79.36612129829855,88.92058132549008,169.09917974247435,160.76398828241182,169.60907841373438,175.80063111340098,116.17594196057732,91.87711907164207,23.518824256466942,35.60814884327161,0.24253462255001068,0.1285247579216957,-0.09526944160461426,-0.10991385579109192
7,47,102.9951192400019,124.04543720960625,77.12694895847777,88.87504940226222,169.39918052179078,161.25094843174986,170.54355982340348,176.1262633784736,114.84026036757682,91.90156489068679,25.86817028152413,35.17038780734403,0.24172309041023254,0.1318858414888382,-0.10927432775497437,-0.11072975397109985
7,48,99.25492604346937,124.63789251986458,80.9147598465599,90.71920877914555,167.1770189799258,162.67875313614775,172.47914016334929,175.51707387263508,115.21047700260554,91.70336355541605,18.340166196909465,33.91868374071903,0.23024732619524002,0.12953586876392365,-0.11696410179138184,-0.11199083924293518
7,49,92.62424399188318,124.87808196868728,85.19203516788625,90.08581436495643,162.19013975249908,162.2480900765291,167.11642349875228,174.5408241030116,115.69382376600518,91.67560248617869,7.43220882399693,34.79226760373085,0.21276091039180756,0.12907694280147552,-0.1210334300994873,-0.11540761590003967
7,50,66.90939849609407,116.54371605658966,102.6957087704265,96.0660038220485,156.44903908784786,145.00597548729124,165.31490217581793,174.15964179330115,117.5958977123428,91.38583005366912,35.786310274332436,20.47771223454116,0.19644153863191605,0.09268184006214142,-0.1297888159751892,-0.12179946899414062
7,51,60.88067979538147,122.68626456692346,102.7061034243004,86.09711497864492,157.28217103364295,149.13388327763604,163.4028004513491,176.29088051834427,117.23194679582366,90.75859140683899,41.82542362891893,36.58914958827853,0.18450018763542175,0.08457012474536896,-0.12642237544059753,-0.12862947583198547
7,52,64.71815595035866,122.09776627266527,97.1805272850971,85.04599143553926,154.44074572396937,154.57879121926487,153.91730448519255,177.19708879754953,117.36199496956161,90.89088374179175,32.462371334738435,37.051774837126004,0.17225009202957153,0.07840830087661743,-0.12490710616111755,-0.13690587878227234
7,53,51.93577174206971,117.13664125917215,103.06988816893907,83.22632618074886,151.6883620366285,150.35978635854158,153.9853069399104,174.193569303675,117.07474944721571,90.60758914940305,51.13411642686936,33.910315078423295,0.16096076369285583,0.07766290009021759,-0.1314505636692047,-0.14229154586791992
7,54,64.6344614887604,110.54973283062427,94.81609861866623,84.63511909428206,150.8979894444875,138.2365283282564,115.43393785501121,175.14975403234928,117.15059295516471,90.42610775228509,30.181637129905837,25.914613736342204,0.14250706136226654,0.07118344306945801,-0.12881019711494446,-0.14925655722618103
7,55,61.41602582968217,101.10805397595884,94.1107113525305,83.79508177764944,147.70528042725311,125.43604994635771,115.18479617846407,172.25804114732256,117.1347144422801,89.04782164242982,32.69468552284833,17.312972198309396,0.12952102720737457,0.06100355088710785,-0.12700602412223816,-0.15686967968940735
7,56,58.455403505066265,89.17606263457569,92.53747596524312,95.10864458737893,142.13162631126232,122.41952420722025,107.76716986030425,167.56603268652475,117.41630417740812,88.63766515018989,34.08207246017685,5.932581952803247,0.11224639415740967,0.049255505204200745,-0.12247055768966675,-0.16538292169570923
7,57,54.52964356990567,89.97347663203008,94.79500845171637,101.67465262267405,139.2709413112291,138.81031104918895,117.06018925985242,146.3203190337613,118.02828773130703,88.94626273606707,40.2653648818107,11.70117599064396,0.10099811851978302,0.04317997395992279,-0.11959001421928406,-0.16865769028663635
7,58,53.232374863340276,102.06729652966158,90.58457211455972,92.95392219100235,132.2990490293909,150.78250114118038,90.38815849618751,141.41668218760495,119.51041638586926,88.89026469960696,37.352197251219444,9.113374338659227,0.07950566709041595,0.030175641179084778,-0.11845332384109497,-0.16914796829223633
7,59,45.510745841388456,93.40185391428106,90.71258402703745,92.37435281309298,132.77948478240103,143.8020236444402,90.50726680314717,120.68864028436565,123.76505720360467,88.67584047557861,45.201838185648995,1.0275011011880792,0.06870630383491516,0.024011850357055664,-0.11563995480537415,-0.17181581258773804
7,60,50.55515955358299,89.00868507491423,85.19467159413209,95.88324080991438,135.98616146774302,143.51394084061252,90.10735007596394,124.97744123259976,124.95643372683018,88.29814276943632,34.6395120405491,6.874555735000158,0.05994051694869995,0.019371673464775085,-0.11210653185844421,-0.17775610089302063
7,61,45.73852660922778,89.00868507491423,67.53657042931435,95.88324080991438,131.78923818726267,143.51394084061252,85.00943967551518,124.97744123259976,124.30777314705257,88.29814276943632,21.79804382008657,6.874555735000158,0.05200204253196716,0.019371673464775085,-0.09949219226837158,-0.17775610089302063
7,62,47.95013305562599,86.6421142832458,64.86221795667444,95.63445150830489,132.01894190207673,151.55623182588425,87.07706345939992,121.797833499277,124.05485594846476,88.2430325257826,16.912084901048452,8.992337225059089,0.04229411482810974,0.020786970853805542,-0.08743700385093689,-0.18145886063575745
7,63,51.93271296595074,85.3311440849604,57.438660711610964,92.66257432638504,131.7095706331209,152.32232578817613,85.92175562246996,116.00947650880475,123.39270257625252,88.36421112693051,5.505947745660222,7.331430241424641,0.029078930616378784,0.01622043550014496,-0.07755956053733826,-0.18384748697280884
7,64,54.42017550916456,86.91856194139842,55.491781289633906,87.87380795592948,131.42816185023935,152.14681757038213,82.54565883823162,111.01450225086788,124.20536104720583,88.54480249164604,1.0716057804693477,0.9552460145310562,0.021380901336669922,0.008844926953315735,-0.07061472535133362,-0.18527492880821228
7,65,61.20970367773383,79.72021955441204,45.13086905219058,90.9978933628278,130.73813214724387,148.43315270099902,81.3671263204644,113.96832351505539,120.87413101940801,88.62190514988417,16.078834625543244,11.277673808415756,0.014775842428207397,0.0070511698722839355,-0.06699448823928833,-0.18602952361106873
7,66,61.477824012544595,69.98729611344261,46.433612322284745,89.18664491605928,129.70968315392193,148.0134901316099,83.07339552525772,100.77493921953062,122.32369665901943,88.71871799703712,15.04421169025985,19.19934880261667,0.008653044700622559,0.003290995955467224,-0.05579841136932373,-0.1860666573047638
7,67,60.889458253388746,75.4966801546505,41.751685627087845,81.18571832396033,127.91495842360938,153.17130519625815,82.80420902399884,106.44659978496755,120.89447940517546,88.50481912897145,19.1377726263009,5.689038169309825,0.0025075972080230713,0.005300357937812805,-0.04685860872268677,-0.1860920786857605
7,68,62.95195524831742,70.60764280080407,46.07353664626912,79.99108043149509,127.42358942549374,151.90836913319234,83.85836019130177,110.48193583787092,123.2995362500392,88.43870520148592,16.8784186020483,9.38343763069102,-0.0011009275913238525,0.0032063573598861694,-0.043601781129837036,-0.1825568974018097
7,69,63.014126456587775,66.56950696982227,44.6231172320549,77.59988630891364,126.06716107830904,150.52946682374844,86.59092677382849,105.56251909459002,123.13878385833883,88.41122728500065,18.391009224532873,11.030379339091368,-0.004345506429672241,-0.0037890970706939697,-0.03748735785484314,-0.17625322937965393
7,70,64.090440445391,61.381122073508315,45.02793992621329,75.47417961518497,124.68537343729011,146.91611356610954,88.0570012367779,100.84995074917344,123.28194095273928,88.36651643283294,19.062500519177703,14.09305754167665,-0.005471646785736084,-0.01238936185836792,-0.03170713782310486,-0.1717924177646637
7,71,64.19683616881761,61.323731182632216,40.42794770873573,69.92775603965369,125.24735389632505,146.61289897105942,86.98763477067953,100.54057490238586,122.93803139241578,88.37330912474961,23.768888460081882,8.604024857021471,-0.008564919233322144,-0.017611652612686157,-0.0260353684425354,-0.16368508338928223
7,72,65.4706050178695,54.96217531187252,40.39179778048713,65.30752150278539,122.16067083530143,143.59172725561058,86.58996668454955,102.8667378816896,123.02588145713345,88.31973649030547,25.07880723738237,10.34534619091287,-0.010899513959884644,-0.0232115238904953,-0.021205782890319824,-0.15902376174926758
7,73,65.32519900931739,64.92212252913497,38.109926777964624,60.06657279886823,121.68407019480121,145.20897319063826,84.1442902987287,97.5634425537171,122.71649346637051,88.44083018003256,27.215272231352763,4.855549730266738,-0.01456490159034729,-0.025673985481262207,-0.016750842332839966,-0.15381118655204773
7,74,66.75939030252437,59.02705912896323,34.444461428167266,58.72594146362346,123.99007749581921,143.5564629613732,85.79775250746587,99.12995984969993,122.288324710902,88.4181534297496,32.3149288743571,0.301117665339774,-0.018957942724227905,-0.03058624267578125,-0.014253616333007812,-0.1490550935268402
7,75,67.85233739277217,58.65095795027133,32.87877683329242,57.156839252827645,124.20459184731394,143.2332819639949,83.95344807207348,98.62536685956331,120.94298640060677,88.23204420609264,34.97356055947975,1.4941186974436818,-0.019349277019500732,-0.03533138334751129,-0.010555803775787354,-0.14402613043785095
7,76,67.06718003428757,58.52499578912697,34.24355069650532,49.42344427094177,123.60891366214575,142.32367917866497,85.8661270309257,102.24074377480372,121.54065494582558,88.4171977990794,32.82362933778226,9.101551518185197,-0.020600855350494385,-0.039885953068733215,-0.007839858531951904,-0.13584965467453003
7,77,67.42177721306173,58.98244501610499,34.823699347635475,47.61827412054881,123.19529491066051,142.8304002607804,84.08991751060279,102.66018573070531,121.63767083203058,88.45582798134278,32.598077865426255,11.364170895556178,-0.02168184518814087,-0.04551881551742554,-0.0034824013710021973,-0.1307072937488556
7,78,66.36548394185193,59.056811107845206,34.98863432108299,47.439294532926034,123.00842078401904,143.38468350442477,84.12391366167995,101.30604915734266,122.0425261729748,88.35049018356551,31.376849620768944,11.617516574919172,-0.022517353296279907,-0.0485856831073761,-8.07344913482666e-05,-0.12196266651153564
7,79,65.88444387454236,59.056811107845206,33.26909360027816,47.439294532926034,122.83947019116178,143.38468350442477,84.27104424412848,101.30604915734266,121.94945474771737,88.35049018356551,32.615350274264195,11.617516574919172,-0.023880839347839355,-0.0485856831073761,0.003550320863723755,-0.12196266651153564
7,80,67.11160716647484,60.03396430164769,33.101777962141185,39.71898080595995,122.90803595478474,143.48690418932676,86.36887681917288,106.72469974923796,122.39462965605208,88.27543104741672,34.009829204333656,20.31498349568774,-0.02420938014984131,-0.05189421772956848,0.005552411079406738,-0.11662200093269348
7,81,68.88940854189453,56.10878663590127,30.101926409681337,43.7413762022754,123.58415381854125,143.9130926150159,91.0896479227482,100.5705282094249,123.08024729205275,88.40995508845309,38.787482132213185,12.36741043362587,-0.024638861417770386,-0.05826573073863983,0.010237514972686768,-0.11348125338554382
7,82,68.59443729492162,55.29563887445548,28.904523847085404,41.985052895301436,123.66198325124338,145.44057415056875,91.70903550625299,104.29735807321994,122.71397496247683,88.16747362646258,39.68991344783622,13.310585979154041,-0.024824827909469604,-0.0617859810590744,0.011605411767959595,-0.11099058389663696
7,83,66.33656001906262,52.97307364014836,29.88059771570844,41.51925480375439,123.06568764296034,145.35147477880915,94.2844129961823,103.46202672436418,123.55495306823292,88.0148013950889,36.45596230335418,11.453818836393964,-0.024926751852035522,-0.06443046033382416,0.0136965811252594,-0.10336178541183472
7,84,68.6662982246974,53.98697383214638,26.937330354648648,30.12153139323579,123.91262978429755,144.4469080279234,94.19717004768253,110.57978008876519,122.01033453047089,87.97076408151382,41.72896787004875,23.86544243891059,-0.02568623423576355,-0.06694911420345306,0.018492847681045532,-0.09901782870292664
7,85,70.66423604920371,55.80014054483773,26.955277641802514,31.788357064140083,124.92297052963187,145.41694916602103,92.27055495918097,105.86804638084105,121.20020054618037,87.94856574920885,43.7089584074012,24.01178348069765,-0.02686801552772522,-0.0689350962638855,0.01927545666694641,-0.09249970316886902
7,86,70.71471366084484,52.08324179457719,25.577667021697014,33.05904514349358,125.09876719190878,146.04179364180243,93.65083207803784,104.43677096992083,121.05827215876317,87.90307463561436,45.137046639147826,19.024196651083614,-0.026939690113067627,-0.07046829164028168,0.02150273323059082,-0.08732178807258606
7,87,69.56573399851489,48.24609858148019,26.88999537744231,29.507164726927734,126.79727841417517,144.9364520678984,103.58176875619178,107.66756938168865,124.85511469384407,87.90726635342939,42.675738621072576,18.738933854552457,-0.027076900005340576,-0.07179689407348633,0.02349400520324707,-0.08315274119377136
7,88,68.39648332006918,49.690420604277875,29.885800552539827,29.484490780980988,126.0599637697048,145.12982853309117,100.31501073242757,108.43700437645394,125.44869560743784,87.84879400612459,38.51068276752935,20.205929823296888,-0.026949912309646606,-0.0731155127286911,0.023945122957229614,-0.07946166396141052
7,89,66.84169939963608,50.03798478782373,26.7554230523566,27.562738926072342,125.41465654436247,145.70057996639474,96.87494927630159,114.46786395768403,122.33022121603025,87.91404410895902,40.08627634727948,22.47524586175139,-0.027515888214111328,-0.07485201954841614,0.023627012968063354,-0.07357627153396606
7,90,73.35422958537393,43.94893695943748,23.713852133728896,26.0338997947183,125.88637078186966,145.55912862069252,92.93365772163921,116.0122277452128,119.0501431434042,88.22333374161185,49.64037745164504,17.91503716471918,-0.02808558940887451,-0.07558146119117737,0.02332484722137451,-0.07036775350570679
7,91,71.92633500576811,43.98126565253987,25.009271263641203,26.134502145645264,125.80745832597076,145.25102713965117,93.70455387304051,114.06959979255981,119.93925708542235,88.20960080847068,46.917063742126906,17.846763506894604,-0.028274893760681152,-0.07651562988758087,0.024214714765548706,-0.06737565994262695
7,92,71.65971290265435,45.99031255293888,25.61479072772939,27.133287054904642,125.69012817382212,145.84349043645545,92.54325660063638,111.87930553317798,120.0832954231422,88.3238250186772,46.04492217492496,18.85702549803424,-0.027592003345489502,-0.07726533710956573,0.024604827165603638,-0.062285661697387695
7,93,69.88748476111513,38.33305201554158,26.793396607377826,32.75825831933458,126.06306656059137,144.36268302802776,90.36320279466307,109.28623352426122,120.1587888351645,88.30176053723505,43.0940881537373,5.574793696207003,-0.026562988758087158,-0.07718901336193085,0.02414482831954956,-0.059214115142822266
7,94,69.93038123599148,33.556480685952366,26.587244323119318,31.271063194047976,126.3777079398291,143.28152381210484,91.17700100165297,111.10783154447057,120.21199467015639,88.33832177818914,43.343136912872154,2.28541749190439,-0.026045143604278564,-0.07748998701572418,0.023758351802825928,-0.055091261863708496
7,95,69.9461790112435,32.35296773186266,26.115702378506647,28.11152074067398,126.45430623262116,142.95675069206249,89.36397355075034,116.44917218396677,119.56749161878082,88.25409010492206,43.830476632736854,4.241446991188681,-0.025797516107559204,-0.0776919275522232,0.02360767126083374,-0.05136784911155701
7,96,69.16701548512896,32.35296773186266,26.611831326179427,28.11152074067398,126.9762756835989,142.95675069206249,90.9881679611647,116.44917218396677,119.59555524928317,88.25409010492206,42.55518415894953,4.241446991188681,-0.025461316108703613,-0.0776919275522232,0.023686587810516357,-0.05136784911155701
7,97,72.95676870974755,28.428165799419553,24.689256708124077,36.10173390065425,127.4486841872724,140.53450040267288,88.30647507334359,107.33066795346971,118.13253473606717,88.28125158338428,48.26751200162347,7.6735681012347,-0.025334298610687256,-0.0786532610654831,0.023576349020004272,-0.04990437626838684
7,98,71.65760172472544,30.555532732013265,25.137425754233252,31.446218261429422,127.2134009131544,140.17172264225658,93.4427430695812,108.58188370912352,118.55838195196038,88.31592902848888,46.52017597049219,0.8906855294161566,-0.025116264820098877,-0.07914063334465027,0.022935956716537476,-0.04802808165550232
7,99,71.66914327227343,34.848123785242215,27.625395724431808,32.01841230826839,126.99632870912589,140.7288081214334,89.92280270571743,108.42051730646345,118.91423606628669,87.92002126504546,44.04374754784162,2.829711476973827,-0.02471715211868286,-0.07964886724948883,0.022799134254455566,-0.04955333471298218
7,100,71.52186734075515,39.3320076703444,31.929756987171924,30.415614234652622,127.24592275036389,141.3437560587164,94.40818267836816,107.1191968172568,122.29510092094081,87.44454564677967,39.59211035358322,8.91639343569178,-0.024604588747024536,-0.07971473038196564,0.020520955324172974,-0.05033761262893677
7,101,73.26040897021414,38.55618286384152,27.30029901315008,31.125906361702345,128.4920740577723,140.752703418455,91.07624181371452,108.47884129882542,120.06269039003324,87.30005097659769,45.96010995706406,7.430276502139176,-0.024185121059417725,-0.07977025210857391,0.020832329988479614,-0.05114981532096863
7,102,74.52691624307553,39.982922728993195,26.33223702191198,29.121639071701274,128.0328838147323,141.64529977551385,93.05331711702306,108.91027514225294,119.18786843985461,87.27455821008952,48.194679221163554,10.86128365729192,-0.024804413318634033,-0.08011199533939362,0.020771503448486328,-0.051372915506362915
7,103,72.72896274870266,37.58715170459752,26.648045680656587,31.724027207595192,127.5006435919213,141.30867077029146,91.93848831573192,108.11067732977482,118.78452074032853,87.26902111789148,46.08091706804607,5.863124497002325,-0.02450352907180786,-0.08007791638374329,0.020345836877822876,-0.05145782232284546
7,104,71.02070218110391,28.83216895606128,28.549023860371047,32.38370997870937,126.10863464039087,138.21884102026291,90.7121839779357,109.28064481721188,118.884273470568,87.14881533282205,42.47167832073286,3.551541022648088,-0.024171382188796997,-0.08012260496616364,0.01958945393562317,-0.05087399482727051
8,0,66.64065002070048,56.82621676517612,40.35069836414245,53.182570202877436,133.7891089771533,138.8105269082224,93.89729826854956,102.80571587835799,119.37360594212971,87.22174095651714,26.289951656558024,3.6436465622986844,0.01984497904777527,-0.012535810470581055,-0.04600119590759277,-0.12629175186157227
8,1,51.89738823755399,70.59151148885769,52.04189011725695,52.71356760895306,134.9277613351177,145.7121246538828,92.26358056670922,101.05778402189137,122.96850553227334,87.42960789519768,0.14450187970295758,17.877943879904628,0.025884181261062622,-0.005785316228866577,-0.05096819996833801,-0.12996798753738403
8,2,49.51865898808353,73.82933557172777,58.83527832531827,55.01231673816758,141.1072987339138,146.4105572796102,90.809560757013,100.92413608765509,122.4428823187634,87.27368448274673,9.31661933723474,18.81701883356019,0.046170562505722046,0.0022298693656921387,-0.05890899896621704,-0.1391724944114685
8,3,42.60174978264188,74.83497425164765,67.46923772888637,58.53109369214122,145.19913525783772,145.37712485364204,84.82444652075483,103.312548682125,121.04787502811426,87.10198982966865,24.867487946244488,16.303880559506432,0.06724143028259277,0.008510395884513855,-0.06972524523735046,-0.1472327709197998
8,4,51.313279909354385,77.05709414186911,72.39979082904443,63.25744260627924,148.36426483417355,145.28226614248337,86.34683882291716,101.77734047430836,120.02592568733795,87.29008350138938,21.08651091969005,13.799651535589874,0.08285105228424072,0.016665473580360413,-0.0792575478553772,-0.15614482760429382
8,5,52.778455809507456,79.00806153410936,79.07211369469519,69.37072113873813,151.81819652935303,144.97277071904224,90.97911514242593,102.47822248908618,118.48024288609933,87.7711706751549,26.293657885187734,9.637340395371226,0.1041957288980484,0.026563510298728943,-0.08937522768974304,-0.16222572326660156
8,6,54.36123625247152,82.79791373206622,85.02361961927973,76.28838711159355,156.27103496649337,147.6562589560495,102.67801755947279,113.46569072016324,116.95662257030415,87.8118313297184,30.662383366808207,6.50952662047267,0.12563197314739227,0.03954547643661499,-0.09476366639137268,-0.180372416973114
8,7,57.452602621232465,88.06227358191933,86.98056429941512,79.87119767416473,151.68618382691156,149.3957744516199,120.97986565173296,123.43860047719342,116.39780731910015,87.86115151142509,29.527961678182656,8.191075907754595,0.14436905086040497,0.04325196146965027,-0.10009756684303284,-0.18469655513763428
8,8,57.32573594335323,92.8920037235705,88.79088348862997,79.07125440753384,150.51232395773667,148.81811358368955,131.3353608244001,131.0338489385181,116.56811460705555,87.84545973293704,31.465147545276743,13.820749316036654,0.1616697907447815,0.04960314929485321,-0.1053524911403656,-0.18607750535011292
8,9,60.33745541754541,93.2203363578178,90.32585048976148,82.71994878013028,154.77033503178805,144.6110190435452,138.54692085131572,128.87702212220455,116.16397290828867,87.84964927472899,29.988395072216072,10.500387577687519,0.176853746175766,0.05025877058506012,-0.10764056444168091,-0.18457752466201782
8,10,64.2658463781243,96.61087620809369,96.1633703538975,89.7168074920414,159.93397547642923,146.10236197996682,158.81964301208265,137.69343796613683,115.13909632488865,87.96266123156248,31.89752397577321,6.894068716052288,0.18597307801246643,0.05331979691982269,-0.11409682035446167,-0.18630793690681458
8,11,78.23195886562654,89.4713677086873,98.11866666769168,95.255930889818,162.4272407511174,139.3038574552739,170.6824511678024,136.41200396129972,115.83712704957496,88.41199242947667,19.886707802065146,5.784563181130707,0.20312974601984024,0.047985807061195374,-0.11461126804351807,-0.18309175968170166
8,12,84.13038889787857,93.22375620703238,103.05957439959695,92.09152906348649,167.99876152970256,134.93219638622594,172.27671772631948,139.76969407747856,116.2589972000461,87.93603989770851,18.92918550171838,1.1322271435458902,0.22224950790405273,0.057251617312431335,-0.11848184466362,-0.1841961145401001
8,13,90.72533473222427,92.4118712748151,94.26701895575762,91.80669133443743,170.58669541006293,120.66137122059526,172.52816316075632,146.49616968008857,115.56388681076838,87.61076388329231,3.541684223533352,0.605179940377667,0.2385711893439293,0.059821516275405884,-0.1156337559223175,-0.1820838451385498
8,14,98.86416587119231,94.99823088715802,87.03533829205696,95.05960015678798,171.6100702580437,116.5855580670085,170.9842783343167,162.50512787075021,114.47255637129132,87.7667787439504,11.82882757913535,0.061369269629963696,0.24252110719680786,0.05843362212181091,-0.11456137895584106,-0.17977145314216614
8,15,103.90411335359944,97.84709427641116,80.1348226607317,95.9177392415112,172.05665177187956,117.13696159544087,170.9562102198096,163.71593033816407,113.59417515892594,88.27341943970026,23.76929069286774,1.929355034899956,0.24457518011331558,0.06134761869907379,-0.11355212330818176,-0.17541557550430298
8,16,104.74836984839702,107.4986774148748,78.07215453266791,91.78318076076458,171.5298703314131,132.39252186989944,172.35678829715653,164.9602581169648,112.8401139632688,88.62472620450082,26.67621531572911,15.715496654110225,0.2496240772306919,0.07098992168903351,-0.10538652539253235,-0.1713791787624359
8,17,112.10948017830592,112.93452758987932,72.11194198007799,94.49893952982119,173.84000804107265,145.81193226639672,174.02181137780042,173.45690197963603,112.23693612996553,89.62424746614887,39.99753819822793,18.435588060058137,0.25861981138587,0.07308289408683777,-0.09580788016319275,-0.16536453366279602
8,18,110.27359657456583,117.18440209655789,71.71059894351306,95.46473089524153,172.28985924693328,143.89479101553724,173.81345573139293,175.74310770338275,112.16974298687127,89.83778450773193,38.56299763105277,21.71967120131636,0.2748347073793411,0.07105986773967743,-0.0845085084438324,-0.15104711055755615
8,19,115.24549083125605,119.04710063143452,76.07111723834468,97.30053126009736,173.85183616365882,145.5539554457543,177.77045028098044,178.7964138713244,112.2664793544367,90.20671202158876,39.174373592911365,21.74656937133716,0.2777906022965908,0.0722937285900116,-0.07473459839820862,-0.14608561992645264
8,20,111.52205425034012,120.59906681533626,74.2832455176945,96.72294619662402,173.1675923637285,149.45652281400336,166.97102779392443,176.83408650087472,111.84488132433323,91.24169675907359,37.23880873264562,23.876120618712235,0.28756031207740307,0.09378057718276978,-0.05569183826446533,-0.14102399349212646
8,21,116.44429200957819,123.92309935158184,55.54890830884061,91.27190670321173,173.95639956304657,158.39549082040932,173.2681426777521,176.93739405061092,110.91515173686747,91.22805154628568,60.89538370073758,32.65119264837011,0.2850063107907772,0.11064267158508301,0.07941123843193054,-0.1347009241580963
8,22,116.24139459035135,126.14180695643557,56.65479941746905,90.47352264389099,174.97343960715068,160.8172592787336,172.69142529799933,175.33084454002739,111.21998610141127,91.22430182348539,59.5865951728823,35.668284312544586,0.2934935428202152,0.12207793444395065,0.09424260258674622,-0.13165393471717834
8,23,114.05890534169238,126.38437574003592,55.31132225255454,92.01191928115546,174.23399753692317,164.9844462024113,172.42783563142763,175.91491340967397,111.58185493673132,91.33110574108439,58.74758308913784,34.372456458880464,0.29938270431011915,0.1413629725575447,0.11710429191589355,-0.12720194458961487
8,24,111.95673597009292,126.71341065796778,60.674970133267784,90.39901267114938,175.18761530618983,165.02231786168977,173.7261275952446,176.4862683539293,112.41785516663825,91.24791431617462,51.28176583682514,36.314397986818406,0.3017213186249137,0.14042805135250092,0.10490420460700989,-0.1231134831905365
8,25,111.09908249413101,129.02986684199814,59.68217315294104,88.25529118361268,175.41303304883613,165.8159975099296,172.884666948492,177.37803068077645,112.6215338887655,91.31676565286182,51.41690934118997,40.77457565838546,0.3026275020092726,0.14478247612714767,0.09971219301223755,-0.11806577444076538
8,26,110.97125622323574,123.9091708234111,56.34954844579069,93.24832670304403,173.39519976856354,159.70915950344187,171.14324818644283,177.17492661563648,112.18077502755315,91.4158443511289,54.62170777744505,30.660844120367074,0.2989992033690214,0.13797764480113983,0.08829519152641296,-0.11492833495140076
8,27,110.52507673156018,127.51985605372221,57.375544868733904,91.3058189354011,173.6478201331561,163.16073349462596,172.23413611738,176.19156014364142,112.23447575474945,91.406070258786,53.14953186282627,36.2140371183211,0.30173510033637285,0.1464722752571106,0.10654395818710327,-0.11174988746643066
8,28,110.06437341712648,126.9195990684237,59.95860293805195,90.12820842294983,173.87637447191835,163.53312844855907,170.96562153257412,175.27596515710934,112.37247620764585,91.44653019766706,50.10577047907452,36.79139064547387,0.2994434516876936,0.14468196779489517,0.0867796540260315,-0.11246433854103088
8,29,112.94663397447155,127.75315843925196,56.98137976963841,86.08958101502262,173.6188085855343,162.9154078396766,172.96752468114278,176.6348467101699,111.7798060168141,91.4294408435298,55.965254204833144,41.663577424229345,0.29855360742658377,0.14191556721925735,0.0963660478591919,-0.11461058259010315
8,30,114.84429175774105,127.08482056568056,57.09093720498334,82.95414000619955,174.1988250680507,163.9705221067955,170.79781353927646,175.82868102876193,111.5772554904242,91.44866750494354,57.753354552757706,44.13068055948101,0.29722651839256287,0.13862793147563934,0.08623817563056946,-0.1182030439376831
8,31,118.08422433105095,126.63661163815567,61.970724380826844,80.40728984722824,175.03515387895717,160.31614400554776,159.54612664145318,175.1669205078253,110.70268325157849,91.42978197241574,56.1134999502241,46.22932179092743,0.2961195083335042,0.1326989233493805,-0.01879313588142395,-0.12417906522750854
8,32,115.47511602192313,125.2084008106852,74.73097197242932,79.76149117046644,175.570475287247,163.79021586507406,167.10671044958428,175.8801717920415,111.72557930804038,91.30314304184435,40.74414404949381,45.44690964021876,0.2817927151918411,0.12681611627340317,-0.05719399452209473,-0.12662535905838013
8,33,114.0295825349957,122.26263614957486,79.16040849450309,84.36371990958837,173.797504287491,162.69376565511683,178.3444737418379,174.45730897410732,112.2075885563027,91.28351062705815,34.86917404049261,37.89891623998649,0.27179979532957077,0.11752527952194214,-0.07354587316513062,-0.1326974332332611
8,34,111.95226381211678,109.12776525660617,75.31786265030424,90.37142477221214,175.45346650261416,160.0635512664795,178.2525722725042,173.02936391285454,112.57467988052318,90.63696332373996,36.63440116181255,18.75634048439403,0.27120181173086166,0.1093028336763382,-0.07789376378059387,-0.13661152124404907
8,35,108.65906935834764,111.99515912863127,75.40489149805467,90.04900939639363,173.34588709680463,161.8103805335009,176.89888736447205,173.84959717740037,113.35114848020105,89.97022633444284,33.25417786029297,21.946149732237643,0.2617170475423336,0.10092368721961975,-0.08893248438835144,-0.14442169666290283
8,36,108.15380794001197,110.62642052997445,75.55996691635507,90.85719309012683,172.185515231414,142.9398705221108,174.82925772827204,172.0513544292869,113.9880085438198,87.98995894583248,32.59384102365691,19.769227439847626,0.24140605330467224,0.08904469013214111,-0.10209885239601135,-0.14924326539039612
8,37,102.72417465965415,108.34994716089365,78.82150323616047,88.66704766981562,170.19283295777075,144.46105053384764,176.66955359825633,167.32555257946717,114.38044059909285,87.70416385141667,23.902671423493686,19.682899491078032,0.23519005626440048,0.0892307460308075,-0.10696247220039368,-0.1526346504688263
8,38,105.77003068542676,104.37300939436338,77.30122481268101,85.37495330302177,171.60915019482593,141.37081816456768,176.21163152325065,158.21477580821838,113.2864147757011,87.64059019462464,28.468805872745747,18.99805609134161,0.227984219789505,0.08908970654010773,-0.10975977778434753,-0.15902459621429443
8,39,97.87194267337782,102.22911129885564,79.99489506325709,82.64453981513975,169.2249260361806,142.80533713059967,173.4378761029183,150.04960680226563,113.88211189045538,87.56443971255314,17.877047610120727,19.58457148371589,0.22343406081199646,0.0842808336019516,-0.10839402675628662,-0.16278082132339478
8,40,89.16577738939085,97.36211582764932,93.0776702777578,85.4504718719965,167.30740730195785,150.9831415171519,170.17309595419337,137.95678998698037,115.86687515905115,87.51979112684232,3.9118928883669497,11.91164395565282,0.21389490365982056,0.07506951689720154,-0.11407262086868286,-0.16888168454170227
8,41,85.82039330625123,99.11406427204324,91.86975308091495,83.95403488176947,161.97197264935215,157.62336811861906,166.97575910021996,133.1652667839575,115.58513395574057,87.15174460753444,6.0493597746637136,15.160029390273763,0.1969195455312729,0.06817880272865295,-0.11698049306869507,-0.17192110419273376
8,42,76.20319760755501,81.96259919947614,100.33532811306716,91.5556699173393,155.39164999594036,145.8463985131997,160.485893823744,130.58280375776124,115.43092768637794,87.0288529711076,24.13213050551215,9.593070717863156,0.18187621235847473,0.056176528334617615,-0.1157173216342926,-0.17514285445213318
8,43,58.99489749848095,85.68878684925504,102.48904128915564,87.49978588211063,155.9125322143782,151.02643294229975,164.14858029113518,122.53537959978833,115.53303653448357,87.04671404820226,43.494143790674684,1.810999032855591,0.1789742112159729,0.04622012376785278,-0.11625418066978455,-0.1761392056941986
8,44,59.01180008989822,85.3866831949092,102.44663635641689,85.6018788464606,154.80720001223358,152.03747598688196,158.04587786916736,127.90463599906037,115.26748674359507,87.11799946214131,43.434836266518666,0.2151956515513973,0.17206548154354095,0.04083341360092163,-0.11660557985305786,-0.17779982089996338
8,45,67.59334052399723,82.08056466365544,95.89054850366955,83.79917799117821,158.20829888910282,151.88974821672247,144.55481391162863,116.72142599066841,115.23500896475876,87.0672192003652,28.297207979672322,1.7186133275227746,0.16841207444667816,0.04327744245529175,-0.11498361825942993,-0.17917776107788086
8,46,61.08224505667345,82.3422503141439,98.06381001555579,80.7595194873668,155.3987221690439,152.99631178370052,146.36312293358722,114.82471860460981,115.26142907450173,87.10257992109626,36.98156495888234,1.5827308267770945,0.16134315729141235,0.04003670811653137,-0.1131274402141571,-0.17664584517478943
8,47,58.08736819529577,77.77344741524797,98.92300347045528,78.3779552464927,152.2293148996482,151.4615220475058,141.37437918013694,104.41588363880653,115.13098039617475,87.3439859341488,40.83563527515952,0.6045078312447316,0.15243545174598694,0.039676323533058167,-0.11186286807060242,-0.17519456148147583
8,48,57.80102207932189,69.7127263071318,96.39942072324733,77.66415418136351,146.54092965442902,146.90840136407996,125.21925471851185,106.84218308336833,115.31543452389818,87.0988943733177,38.59839864392544,7.951427874231712,0.1380959153175354,0.033733829855918884,-0.11044725775718689,-0.16930869221687317
8,49,56.47688932797261,60.57452096231349,91.65137292343707,79.19212302977499,144.35980635649284,144.7368644595647,104.61414814691501,100.94704718972979,115.99041243777634,87.01177018266286,35.17448359546446,18.617602067461497,0.12796542048454285,0.02476373314857483,-0.10772228240966797,-0.1654239296913147
8,50,58.34305796446272,59.41258348349268,89.57095348755148,77.77050221772603,144.18830106073648,144.27245851208502,102.2102902238272,97.56651152652134,115.83986014440039,86.40571663970648,31.227895523088755,18.35791873423335,0.12328372895717621,0.01628391444683075,-0.10525065660476685,-0.16209182143211365
8,51,56.14191107360301,55.86674292726784,83.6773401025659,74.74980301333787,135.3545531463689,144.6885772866427,101.7407133385536,89.25307677873661,115.95525515528367,86.51871825177858,27.535429028962895,18.883060086070024,0.11087307333946228,0.012411609292030334,-0.09810853004455566,-0.15713763236999512
8,52,57.21750520864487,53.10353000811803,77.46626938292748,67.926221737037,133.37081233672228,143.16441793931457,78.6490126127592,94.97455913474538,116.49580266498714,86.49602684230459,20.248764174282606,14.822691728918969,0.09421096742153168,0.007658854126930237,-0.09141838550567627,-0.14984899759292603
8,53,54.91455329195522,57.01214663660779,76.09821735396723,52.67901291907882,135.69723316656547,142.3308479673785,76.10058473481371,98.50202845592682,117.27276939164545,86.61875013560481,21.183664062012006,4.333133717528966,0.08869999647140503,-0.009942382574081421,-0.08615812659263611,-0.13516658544540405
8,54,56.36804493298907,54.262122617002866,74.67884334941931,54.01783528229001,135.92079740422048,138.68810785876875,71.53369356981682,95.4372454958154,117.50710906910356,86.95811186839687,18.310798416430238,0.24428733471285824,0.08059932291507721,-0.0180293470621109,-0.08578649163246155,-0.13211363554000854
8,55,55.294125294337555,59.966765901742995,77.50210643476599,50.63327759121186,134.54178221010477,140.23210884924174,72.69096432149564,93.53089525257175,119.19554688396533,87.02109377013664,22.207981140428437,9.333488310531138,0.06767970323562622,-0.024351418018341064,-0.08201661705970764,-0.13036149740219116
8,56,51.73393540138227,60.201431345951676,75.55928908997615,47.97401179765388,134.61541039717133,143.27424498039824,75.88495983139022,94.47339591257041,121.62615228855202,87.19564966936998,23.82535368859388,12.227419548297796,0.05934742093086243,-0.027321860194206238,-0.07736974954605103,-0.12446534633636475
8,57,51.992388526767485,51.73406041319311,68.34497454793957,48.658224035559314,137.48615950201858,140.1780744579432,79.63490583151608,99.63384059792138,123.59528617483235,87.55681113862943,16.352586021172087,3.0758363776337987,0.05146273970603943,-0.030849888920783997,-0.07012519240379333,-0.12108111381530762
8,58,53.27984749351695,53.38001913725685,63.894780185189184,47.388595585195766,137.67741061939688,142.06906677879465,80.07441943952709,98.54725298735698,122.70009697391032,87.59317501203729,10.614932691672237,5.991423552061086,0.041508257389068604,-0.03477463126182556,-0.0645926296710968,-0.11597231030464172
8,59,53.483066212151186,54.11946177756481,61.72844009538777,45.27662061494501,136.77548930146455,142.2572490269247,78.93539324541008,98.37165043038658,123.70702196772719,87.60760933196539,8.245373883236581,8.842841162619798,0.03324165940284729,-0.03749503195285797,-0.058563411235809326,-0.10912647843360901
8,60,49.84596925644714,54.40492237640932,62.40570165165469,46.11475207278491,134.7986409773622,142.8795754067534,78.43985896505814,97.63002827287818,125.00976753283416,87.81809387216855,12.559732395207547,8.290170303624407,0.023817837238311768,-0.041535764932632446,-0.05438068509101868,-0.10683175921440125
8,61,49.8249739772825,46.20601450301837,65.61199424495493,46.188832782304544,133.92987519996234,141.5775105883998,82.34826090198204,97.7647114688343,126.02783910187749,87.80025983685545,15.787020267672432,0.017181720713828952,0.015745043754577637,-0.04608069360256195,-0.049377232789993286,-0.10180294513702393
8,62,52.54321170756771,48.504643642846354,64.62473803202217,43.84867763237744,134.93836228451138,143.0746732019387,82.08742209728605,96.34913560872936,126.9264536324559,87.60139687643577,12.081526324454458,4.655966010468916,0.01158297061920166,-0.052229344844818115,-0.04627475142478943,-0.09827035665512085
8,63,54.47237872151662,44.91423805492214,56.78455876082251,43.54895937217023,132.54673589659546,142.9475056666814,84.50357270631574,96.491467419989,127.43581250493165,87.5469669206189,2.3121800393058933,1.3652786827519066,0.006582289934158325,-0.05440402030944824,-0.040659427642822266,-0.08863052725791931
8,64,58.180881801273955,34.59246779209097,52.50930056041997,41.31676973466626,127.80772378141589,141.08200027440395,84.43082921444554,105.99746633724205,125.27271632945164,87.57471368991067,5.671581240853982,6.724301942575288,0.0020520389080047607,-0.058859482407569885,-0.03817662596702576,-0.08397999405860901
8,65,58.83437275648791,39.2572799781531,47.09208557984857,38.633261717036746,127.92370490832204,141.94466589748578,83.99065515032086,104.87387995294783,124.12156620536376,87.41494994245396,11.742287176639337,0.6240182611163547,-0.001691669225692749,-0.06479386985301971,-0.03403356671333313,-0.07625451683998108
8,66,62.02246374309793,37.85821530349922,42.80296993430553,38.48205718655544,130.91926799733292,141.7269700405519,85.03296506231715,105.6900560749557,122.5248356745054,87.27847474117036,19.2194938087924,0.6238418830562154,-0.005178540945053101,-0.06550560891628265,-0.028467684984207153,-0.07034075260162354
8,67,61.17514963545161,38.61942998684744,44.091759423745295,39.99544000487294,130.97880060057796,141.86296866447478,86.11834039441737,103.33369378349315,123.50912310981032,87.33000302519645,17.083390211706316,1.3760100180254966,-0.007999420166015625,-0.06680542230606079,-0.023915857076644897,-0.0656866729259491
8,68,60.71419228843917,31.468641126707958,44.061313300215424,47.217002701853914,130.93459045152863,140.02019867887245,85.4798115355539,100.86821831145684,123.12980392627126,87.31388180209886,16.652878988223748,15.748361575145957,-0.00850224494934082,-0.06936891376972198,-0.019322246313095093,-0.06318685412406921
8,69,58.16608982746759,24.925205740475942,52.077691234395374,48.215680528220005,132.27446308212131,138.80672433340402,86.70902994973144,102.28084516712522,127.26898999807274,87.39150378526006,6.088398593072213,23.290474787744063,-0.011061549186706543,-0.07041510939598083,-0.015281856060028076,-0.06060791015625
8,70,61.6467703749885,24.373868853444613,50.00339403355695,47.30530489737531,130.41538649994453,139.18296470825462,92.18188937833268,103.57435996213498,127.15897833920846,87.35154994129276,11.643376341431548,22.931436043930695,-0.012929767370223999,-0.07117266952991486,-0.013150990009307861,-0.058756232261657715
8,71,61.20262026885428,22.697127105389985,48.93497560212906,47.34238256995284,130.15839709547117,138.65532528107394,94.1590612035474,102.8496126863634,127.03965151881198,87.3770371040555,12.267644666725225,24.645255464562855,-0.017502307891845703,-0.07152625918388367,-0.010224640369415283,-0.053920209407806396
8,72,60.89873569271141,27.792741783871918,45.098833072443426,47.503117782546475,129.56662316717572,140.01930081990176,99.82498801298472,101.18792000589079,126.85117752778673,87.36959146969284,15.799902620267986,19.710375998674557,-0.020430833101272583,-0.07117561995983124,-0.0067563652992248535,-0.05312952399253845
8,73,63.748610589201355,29.205489628103614,40.844726005275184,43.546064030572964,129.7685662044647,139.7594446819408,89.80446464775328,104.81126259247894,123.14080031831875,87.38986330245181,22.90388458392617,14.34057440246935,-0.02049630880355835,-0.07093439996242523,-0.0037198662757873535,-0.050965845584869385
8,74,63.41913736643792,24.912768087362746,38.184581457760466,44.10569793290014,129.35414703166026,138.32827617687974,91.271086422027,104.04564363384387,122.72181715611165,87.40794365215275,25.234555908677457,19.192929845537396,-0.0220223069190979,-0.07152451574802399,-0.0008586347103118896,-0.049832820892333984
8,75,65.9566953172635,24.786510293218242,33.39293728508529,42.85587853567241,129.6427729854216,138.0767317154828,86.18414174383886,103.71280604052227,119.34056397147907,87.44568115429041,32.56375803217821,18.069368242454168,-0.023179590702056885,-0.07120093703269958,0.0005131661891937256,-0.049013763666152954
8,76,70.00850337847177,24.667144981689724,30.858418406680148,44.325616445563334,129.6063480736307,138.01306355421178,83.96510681745386,103.08576291146855,117.4501822865905,87.46622382455368,39.15008497179163,19.65847146387361,-0.02362203598022461,-0.07076285779476166,0.0024604201316833496,-0.048731058835983276
8,77,69.22163800011596,26.15868291510719,32.0516267231984,48.569555956570696,129.88342005967507,137.5876558893521,86.43249391056722,99.39583750317227,118.59726183050803,87.58148849874229,37.170011276917556,22.410873041463507,-0.02446165680885315,-0.06936134397983551,0.004327684640884399,-0.04941999912261963
8,78,69.14293841045988,27.429828579434634,30.75815618245264,38.47670239216904,130.6295787273184,136.97162788462907,84.93973455697187,106.09504658561218,118.03814044765487,87.49743300725578,38.38478222800724,11.046873812734404,-0.02492871880531311,-0.06907951831817627,0.0058927834033966064,-0.049360424280166626
8,79,66.32949316573743,35.00744787924902,37.0305792897868,40.0261749877099,131.19130205762747,138.27365871493836,89.0668985101155,102.5511503025601,122.10796106130076,87.61667887769373,29.298913875950632,5.0187271084608795,-0.024808108806610107,-0.06873111426830292,0.006025582551956177,-0.04886329174041748
8,80,65.38829925854877,36.951525717372675,37.153858819189,36.88911689792817,131.41094802313606,138.34440256560833,88.98636026630642,102.874494878446,121.99679858174582,87.63572886180344,28.234440439359773,0.06240881944450649,-0.02557799220085144,-0.06799329817295074,0.0074866414070129395,-0.0480208694934845
8,81,66.04850984400267,28.07959573469719,34.45515311475728,46.40403518844389,131.29195856268026,136.58345489327968,88.48711209568854,98.69259961482699,120.63025607160263,87.89558757902167,31.593356729245386,18.324439453746702,-0.025685548782348633,-0.06706584990024567,0.008650481700897217,-0.04793432354927063
8,82,64.90256566551153,25.219068650972574,35.64033951864729,48.40971241483489,130.64584673747066,135.63269103305734,87.97727237629948,98.87407759102778,121.01906906586589,88.53755300689153,29.262226146864244,23.19064376386232,-0.027044087648391724,-0.06661105155944824,0.009259670972824097,-0.04714307188987732
9,0,65.18455671227541,56.32546300091927,33.29257872093529,52.74259436403787,119.78346686806749,143.68748576047153,120.14157667712394,109.06814009351392,117.2822914307877,86.37928841858162,31.89197799134012,3.5828686368814004,-0.02400997281074524,-0.077782541513443,0.018939673900604248,-0.14112040400505066
9,1,66.53783853552585,67.64824260314124,40.18835626616826,48.89021291185594,121.41103955708,147.5564711161024,110.2502582213668,114.04870826114153,118.91261580345622,86.24620307349171,26.349482269357587,18.7580296912853,-0.02581644058227539,-0.07721225917339325,0.01865708827972412,-0.15130320191383362
9,2,65.13006333231554,72.03977054161898,30.033897466004007,51.617569681625874,126.36065515454811,147.3351790631727,115.19406804431979,112.7352789906142,117.10973327373559,86.02769029766904,35.09616586631154,20.422200859993104,-0.026029735803604126,-0.07609596848487854,0.01976725459098816,-0.15995687246322632
9,3,69.46726017395297,71.7759341462577,31.197478017216433,56.386966552524115,126.19723436365597,145.13122807244034,110.17243332701827,114.99738484407958,117.12067169617436,85.90472950725331,38.26978215673653,15.388967593733582,-0.025937408208847046,-0.07162705063819885,0.019999802112579346,-0.1785760521888733
9,4,70.61871167395856,78.30054839896854,29.384374029233914,62.14699866237647,124.16701753442405,147.40740037797403,110.01095443774382,114.97148233827222,116.11107072199007,86.00821595685854,41.23433764472465,16.153549736592076,-0.02370363473892212,-0.07008403539657593,0.020829081535339355,-0.19026193022727966
9,5,71.70097964115537,78.8961022570496,28.481390903562612,71.32789499817201,125.10943293907678,147.69890951815992,109.03446945826937,111.66099048683897,116.18199701320565,86.35838438119772,43.21958873759276,7.568207258877592,-0.022373855113983154,-0.06323924660682678,0.0220831036567688,-0.19654619693756104
9,6,73.54388602906347,76.71684882770899,26.056926112248508,79.21327483690317,124.46673224124049,148.557384625161,102.4982829269984,113.30501806006532,114.12217893134414,86.46608472059265,47.48695991681497,2.496426009194181,-0.02149757742881775,-0.0516393780708313,0.023900479078292847,-0.20217272639274597
9,7,69.19480217885899,77.20242090191181,24.894480460756682,82.94902779453365,123.5874673876625,148.88039659532996,103.79000101197529,117.000214199155,114.89806287503718,86.4835240878784,44.30032171810231,5.746606892621841,-0.020141661167144775,-0.04129819571971893,0.02840292453765869,-0.20695734024047852
9,8,75.30232962834204,87.17281728259464,23.938789329937542,84.79274843055872,126.11270574415056,154.14763500059655,101.44263690005282,107.13984791588113,114.68656573584774,87.15842901287863,51.363540298404494,2.380068852035919,-0.01976943016052246,-0.03341040015220642,0.028677403926849365,-0.20765823125839233
9,9,73.06399523187638,90.61830335037529,23.347722600761013,88.76456798096835,124.86340013233877,155.94518767041458,100.02789893390268,121.13307386372117,113.81753133747839,87.72249960995842,49.71627263111536,1.8537353694069338,-0.019426286220550537,-0.02591148018836975,0.0298384428024292,-0.20511043071746826
9,10,75.58059540775572,90.61830335037529,23.422976752906767,88.76456798096835,125.22890485977844,155.94518767041458,97.40878428216236,121.13307386372117,114.1740936229891,87.72249960995842,52.15761865484896,1.8537353694069338,-0.019522905349731445,-0.02591148018836975,0.03170621395111084,-0.20511043071746826
9,11,74.14687765362261,97.6449247100251,24.160356689892716,87.08871691835581,125.86337312749713,161.00359365996155,96.57020736664107,126.95881545238916,114.84187958040147,88.03670496880224,49.986520963729895,10.55620779166928,-0.01927018165588379,-0.010186821222305298,0.031486690044403076,-0.20286378264427185
9,12,71.89167262434502,104.8282474998154,25.672041875626526,88.55952604389488,126.43696878309117,160.67188514700206,101.25696805049257,140.6278696658012,115.43237548044199,87.74756790794285,46.219630748718494,16.268721455920527,-0.01803496479988098,-0.006863519549369812,0.02990514039993286,-0.20172813534736633
9,13,72.64555110890096,104.27475680969006,24.685085469718494,90.84483401597672,126.50294794361626,158.17958415326174,103.08495592331438,160.3438288943952,114.79895934059874,86.55258006456525,47.960465639182466,13.429922793713345,-0.018153399229049683,0.006531551480293274,0.02715587615966797,-0.20039775967597961
9,14,71.42144377350253,108.4242957692827,27.343927409176377,94.7832245494444,126.75841002777207,158.48271539360644,102.29386041352973,169.72111446047177,115.40069853636328,85.92009868810784,44.07751636432616,13.641071219838295,-0.016186952590942383,0.0019572079181671143,0.022669613361358643,-0.19740629196166992
9,15,70.29839122356947,112.13665596032598,29.662534253441038,96.79183614379947,127.02687299493316,152.3217547758624,96.55253514302379,166.88059206641316,115.43193478740525,85.95172324471608,40.63585697012843,15.34481981652651,-0.013529032468795776,-0.02133864164352417,0.015309184789657593,-0.1965685784816742
9,16,71.72215048768895,116.64900321593971,29.289117256475095,93.65831050650371,128.35058089361084,155.1527750628797,96.54278732492371,171.01949248091526,114.97743381253073,87.43022521123191,42.433033231213855,22.990692709436004,-0.011026054620742798,-0.004476562142372131,0.005421191453933716,-0.19518649578094482
9,17,70.43548340987095,122.06164920762714,30.84840973642928,88.48131567428344,128.71544965180126,157.0718878644137,94.36817372502223,169.941995932625,114.82445252911502,88.38793079852675,39.58707367344168,33.580333533343705,-0.006964951753616333,0.018154039978981018,-0.0025257468223571777,-0.19315427541732788
9,18,70.15035240536258,123.45284642160696,31.427607518577208,86.28819475640412,130.35812514105766,157.12665750409843,94.60735234723089,172.4519111289679,115.08033597716532,89.1915697791736,38.72274488678538,37.16465166520284,-0.00012564659118652344,0.03423483669757843,-0.012308180332183838,-0.1872885525226593
9,19,66.18881250330041,125.3439086596923,37.118968036206034,85.27296158879473,129.4022823897518,158.16355850756057,91.71295710410926,175.7708481627071,115.8833617563123,89.54006874576676,29.069844467094377,40.070947070897574,0.004702538251876831,0.04856763780117035,-0.028275996446609497,-0.18157616257667542
9,20,63.2491687507638,127.17913725185078,44.37967288260555,87.3516532362201,130.66342317933504,155.99012387739705,90.44078144987009,177.16056759059276,117.81724810537985,89.8553133331297,18.869495868158253,39.827484015630674,0.015705913305282593,0.051941633224487305,-0.04428786039352417,-0.17047777771949768
9,21,58.11042220652931,121.07015184014867,55.95317595962628,94.17270653637759,131.01163182685386,138.39697391051266,92.58745982255506,177.04444265241492,121.57905038947256,89.91032073222071,2.1572462469030285,26.89744530377108,0.0283774733543396,0.0490579754114151,-0.06654700636863708,-0.16464194655418396
9,22,53.62921441724426,118.32100777267958,76.04530719525286,97.47752170069025,136.36900865124068,142.93756242680197,90.96121996382338,176.82001985648384,122.07098724054309,90.12324641064714,22.416092778008597,20.843486071989332,0.04858127236366272,0.06346279382705688,-0.07957971096038818,-0.15307924151420593
9,23,49.681217100739474,120.6451489744654,81.66825449912267,98.76794269906364,140.650335070499,145.56120121640072,93.72471794351843,175.57228362674277,119.22888704816924,90.28789956005001,31.987037398383194,21.87720627540176,0.06818139553070068,0.06750467419624329,-0.09217634797096252,-0.1445498764514923
9,24,50.72332619403419,120.875663592819,84.25254380710587,98.41314255890097,137.2483924446762,149.04535300486003,95.44669804839238,173.14558112689238,118.02902645854803,90.2318267198502,33.52921761307167,22.462521033918023,0.08355069160461426,0.0770111083984375,-0.10635274648666382,-0.13482418656349182
9,25,56.56568328517261,125.6751458151617,91.67716877454347,92.4691391124544,134.72745254942498,160.9197848849649,105.80500878534068,175.2438061577905,116.37385388155242,90.6451005734121,35.111485489370864,33.2060067027073,0.10639594495296478,0.11042410135269165,-0.11646366119384766,-0.1301848590373993
9,26,55.677372232576474,126.04156093191538,94.93014624292059,90.7091248912079,148.18853735120314,160.27839116185643,117.61316732075105,176.03115442038572,116.36879414166384,90.31688535757215,39.25277401034411,35.33243604070748,0.12836942076683044,0.10895410180091858,-0.12515249848365784,-0.12621575593948364
9,27,53.98582073565239,123.17780513306056,96.49570745239822,94.71758818037569,146.68591711288548,152.71467983287198,117.80746468682717,175.881132226623,116.28746207070539,90.36337800944446,42.50988671674583,28.460216952684874,0.14714835584163666,0.10130356252193451,-0.1319117546081543,-0.12158262729644775
9,28,54.46815028973577,123.17780513306056,101.34732011202813,94.71758818037569,150.75587299896807,152.71467983287198,152.0771965793339,175.881132226623,116.71545741349955,90.36337800944446,46.87916982229236,28.460216952684874,0.16347873210906982,0.10130356252193451,-0.13017183542251587,-0.12158262729644775
9,29,58.13464029826202,124.22517318554901,101.99709395352882,93.69308459776298,139.54114507133127,159.9498801473277,162.0021480996428,175.06046632261246,116.55259980191941,90.44472017857274,43.8624536552668,30.532088587786035,0.17810702323913574,0.11976193636655807,-0.13133957982063293,-0.11723577976226807
9,30,74.19783426889836,125.61989267481738,105.91976510993112,91.79585867869507,153.5967722031637,161.77809085083237,168.26212690469893,176.67583349147137,117.33114048304994,90.34799114512379,31.72193084103276,33.82403399612231,0.1861262172460556,0.1270078867673874,-0.1304996907711029,-0.11650961637496948
9,31,89.02207844081464,122.87372965165893,102.0619409045372,95.71179214799633,164.07272164145976,158.22492195816818,169.19185615090132,176.66244260641002,117.54902044306242,90.35289573660651,13.039862463722557,27.1619375036626,0.199955016374588,0.12416348606348038,-0.12525737285614014,-0.11774641275405884
9,32,102.5534713723936,124.45562722761338,84.33359610765294,94.64915790952362,167.14135857001259,158.71763656327113,165.65655206301116,177.0218379041939,115.35676637171396,90.34302939898595,18.219875264740665,29.806469318089754,0.20691076666116714,0.12359777837991714,-0.12537574768066406,-0.12017759680747986
9,33,104.12991396051338,120.27950206804205,81.07680932346726,97.12461780501688,167.69924522035944,154.01117876225476,167.9026900138662,176.43103892312308,114.6778919487307,90.37910668350874,23.05310463704612,23.154884263025167,0.2177560180425644,0.11898118257522583,-0.12248742580413818,-0.12036287784576416
9,34,105.52846992550054,125.86572444213014,77.52240841603508,88.08893784252767,166.82582865448146,157.8891532157396,171.2691332850655,176.5144666066029,113.82342316315899,90.36000932600159,28.006061509465468,37.776786599602474,0.21625593304634094,0.11590662598609924,-0.12077370285987854,-0.12077608704566956
9,35,105.18008476245718,117.15525576930695,82.37192533829477,91.67049877345289,166.915748247692,131.39790076165514,177.09778763539165,173.95003697966717,113.99725694724567,90.25692904974173,22.80815942416241,25.484756995854056,0.22023038566112518,0.08188602328300476,-0.12052243947982788,-0.12690633535385132
9,36,109.42912112098304,114.3648640588693,81.15523073700535,95.9444690783679,170.83847332613732,134.46250921091357,176.47868846795288,174.59130762206678,113.80606096090159,89.92998934502714,28.273890383977687,18.4203949805014,0.23048163205385208,0.06534591317176819,-0.11682736873626709,-0.1350959837436676
9,37,111.20174213746401,113.0506256005342,78.70678086530016,93.32519155227902,171.55067240022234,140.01940327759868,174.32879596808715,174.53115257782483,113.73157974487292,89.79815402998855,32.49496127216385,19.72543404825518,0.23075269907712936,0.062337324023246765,-0.11018955707550049,-0.14074549078941345
9,38,113.44145079504007,118.00645995898044,81.63637228201091,87.88791234308768,173.68504864641358,148.21480889232126,174.81379202720186,171.3315291474707,113.71388646258838,89.31463942007757,31.80507851302916,30.118547615892766,0.23611165583133698,0.0639936774969101,-0.1020933985710144,-0.15040388703346252
9,39,113.86549227478481,112.87953554929351,81.79809336213671,89.38772864992033,171.08822973415892,148.1612904215582,175.99462499160725,170.76488880389934,113.56021045026795,88.73250400291343,32.0673989126481,23.491806899373174,0.24826007336378098,0.06236901879310608,-0.09572875499725342,-0.15792447328567505
9,40,110.50685506114677,102.83506002268062,81.25114064665556,95.42334939142519,168.57458643318992,142.8454344950738,174.8321433542322,168.0959259961199,114.70684787181,87.34985348811765,29.25571441449121,7.411710631255431,0.25113850086927414,0.05328191816806793,-0.08194077014923096,-0.16139110922813416
9,41,112.3753902289765,94.63630077157814,70.82020931782006,92.81492985872612,168.56268556566604,127.16364413748481,158.9131775792975,167.43345627256792,113.21737328840119,86.53427669122583,41.55518091115644,1.821370912852018,0.26660772785544395,0.05216193199157715,-0.040664464235305786,-0.16680008172988892
9,42,115.74030287877832,95.0897877771728,70.20098925378385,90.62197484755957,171.05187221049744,135.93612776873,160.6044819247964,162.78382810539856,111.98778499323394,86.23523512982861,45.53931362499448,4.467812929613231,0.2667892314493656,0.049068301916122437,-0.05161541700363159,-0.17172673344612122
9,43,113.07155491937435,91.00035122786402,60.54622937900449,88.57672457868672,167.06254926181805,137.05707867669744,166.44471694041843,111.4903475737085,111.63631767341167,85.78586394625532,52.52532554036986,2.4236266491772938,0.27424049377441406,0.0431881844997406,0.0245111882686615,-0.1753576099872589
9,44,113.384002236567,95.90924809006542,56.69059708730725,84.67748187621793,168.57719940807078,143.714606278723,169.1949006691484,117.30753970834071,111.87571962828154,85.31179079166027,56.693405149259746,11.231766213847493,0.27916812151670456,0.034423112869262695,0.09309148788452148,-0.18138715624809265
9,45,107.17398263899148,101.53742284937015,57.673932694948526,79.62913469514777,172.56143797151057,151.35067770649965,169.2263410256949,112.14852795081198,112.42921597508611,85.19597575650397,49.50004994404295,21.908288154222376,0.29178572818636894,0.026465371251106262,0.10656312108039856,-0.1860571801662445
9,46,104.29001617920687,90.82110488103542,57.886356065012194,91.80365697475577,171.38841624205634,145.19976682942868,169.76511936921057,86.22090207348003,112.75790269764322,85.10533853170958,46.40366011419468,0.9825520937203436,0.2908645858988166,0.01995043456554413,0.11550220847129822,-0.19008484482765198
9,47,107.16033612670613,90.82110488103542,59.08169318738118,91.80365697475577,173.2460803996611,145.19976682942868,168.2116450156195,86.22090207348003,112.4769203754834,85.10533853170958,48.07864293932495,0.9825520937203436,0.29417724814265966,0.01995043456554413,0.10863327980041504,-0.19008484482765198
9,48,106.56789597856677,80.12499042219328,62.94444688188884,96.07631035960253,173.22540996025546,146.4008080230216,170.96412822199844,85.64338521849851,113.04830397302584,85.51273238345874,43.62344909667793,15.951319937409252,0.2954988619312644,0.022176682949066162,0.10765412449836731,-0.19253456592559814
9,49,106.5312303474283,80.20030847230122,61.69229154720211,92.54495039374106,173.58719211924745,146.04181390405444,170.31774950977055,112.71417654687912,112.95654411745359,85.73367627903667,44.838938800226195,12.344641921439845,0.2931407270953059,0.014812678098678589,0.0998530387878418,-0.19332411885261536
9,50,108.59987634771639,80.3716949163837,58.00857590275941,90.53980818528525,173.25623513288522,150.31133905236675,170.87431231879282,113.33496000120047,112.35236834641857,85.7201492285559,50.59130044495698,10.16811326890155,0.2885979078710079,0.009134024381637573,0.11691376566886902,-0.19480502605438232
9,51,115.36342162876036,80.98303505907536,64.52571445399458,88.62785397067508,173.1448187059276,151.77265358355038,155.3743295351779,115.42079097765415,111.43912634340762,85.82626478148605,50.83770717476578,7.644818911599714,0.27809467539191246,0.0030298233032226562,-0.02881443500518799,-0.19553789496421814
9,52,114.18110388691917,74.36901173917786,81.52150744694117,89.46086307579444,173.4803582747335,150.23712269474595,179.00258182299174,112.49898896721997,112.44133721645787,86.34696104801938,32.659596439978,15.091851336616571,0.2675902619957924,0.0009338855743408203,-0.07028129696846008,-0.19581645727157593
9,53,108.32471072667482,69.43822196456752,76.99327007811917,87.77105851709369,174.7026649910518,148.08239540584623,175.86803771038345,107.95709998508067,112.48663756254588,86.60353442269444,31.331440648555656,18.332836552526175,0.26716499775648117,-0.0022059381008148193,-0.08202409744262695,-0.19582995772361755
9,54,107.07253895523756,73.79957931260772,77.50920472923029,85.22863301637246,174.02202536308533,151.28080730529638,172.4579609843832,109.1558687127178,112.79931060539437,86.43219530371232,29.56333422600727,11.429053703764737,0.2460189051926136,-0.00045487284660339355,-0.09450608491897583,-0.1950860321521759
9,55,104.61674753016057,72.52352633337982,79.60961199037202,81.11573478363033,172.2128398864973,151.17068294288924,171.89555768639417,103.64158880311587,113.70322176640917,86.1570447450377,25.00713553978855,8.59220845025051,0.2293723225593567,-0.0019982904195785522,-0.1083943247795105,-0.19209229946136475
9,56,99.35379405373173,73.75089105141589,84.3291644893657,76.38430326906689,168.527313329933,150.14937613346828,170.07860008345975,104.50070149022966,114.47102681893485,85.77908247341138,15.024629564366037,2.6334122176509993,0.22319646924734116,-0.004786193370819092,-0.11175620555877686,-0.18675130605697632
9,57,95.13769033833714,76.50129220018692,85.77994455288899,73.69658088947166,165.3113347543368,151.68287131868806,171.96395377236234,103.34044326811734,114.48794435492358,85.83107962341089,9.357745785448145,2.8047113107152626,0.21261253207921982,-0.007978484034538269,-0.12043088674545288,-0.17989346385002136
9,58,84.18324935459859,70.31463672446314,95.49532376268435,71.55637562580033,160.85327676515396,148.7411612726707,165.6509912386641,98.770701348287,115.84406882194388,85.68853675875282,11.312074408085763,1.241738901337186,0.19306303560733795,-0.013278558850288391,-0.12814798951148987,-0.17407503724098206
9,59,71.44003371757944,59.09280069565894,102.86856855524627,65.92186509335535,154.1761314571205,142.93341875511595,164.18248025403423,102.17367988531987,116.21028912283597,85.80180070190016,31.42853483766683,6.829064397696413,0.1797754019498825,-0.020058929920196533,-0.13483285903930664,-0.16549065709114075
9,60,64.87524313427542,61.29915237992071,104.39142560928663,65.35855024437959,151.4795196646813,143.846830013587,161.76488759216014,100.48351727179153,115.38824284082708,86.02425828704861,39.516182475011206,4.059397864458873,0.16782419383525848,-0.027873948216438293,-0.13206490874290466,-0.15870127081871033
9,61,70.34133820990978,59.45112800383369,101.01295690375953,60.292322385892106,153.27264589758147,139.22933158573616,158.8159776785989,98.53419037641407,115.26641894359675,86.49487035629063,30.67161869384975,0.8411943820584185,0.1573600172996521,-0.03329499065876007,-0.13142475485801697,-0.15044188499450684
9,62,61.43391144668624,69.41805130807555,101.02371815708968,53.9652618002563,146.66323919666496,146.26239160614543,153.783110458228,97.6541235566642,115.63238808239026,86.61505415653757,39.58980671040344,15.452789507819247,0.1419220119714737,-0.0395171195268631,-0.12914547324180603,-0.14131951332092285
9,63,61.23942805952581,71.27010707871968,97.64945367652994,45.89563849630128,143.15154293086522,146.53669169702948,132.12101590752886,100.4410212182747,114.86065833230955,86.73131892185366,36.41002561700414,25.374468582418395,0.12525610625743866,-0.04221354424953461,-0.12583157420158386,-0.13592013716697693
9,64,54.73806551454175,57.66337399867139,101.26546019297504,48.64673290565157,136.6115684457561,141.85028619747175,135.8051720392502,99.24469233013413,115.51115833872001,86.93571621095924,46.52739467843329,9.016641093019821,0.10076618194580078,-0.045549750328063965,-0.12336176633834839,-0.12899348139762878
9,65,59.69284663833095,57.61153406745893,92.65868808715288,45.79501994363884,134.60805421425303,141.18306124921446,110.58011376592273,102.45696716072288,115.29728663142271,87.21525826713383,32.965841448821934,11.816514123820092,0.08533261716365814,-0.05157579481601715,-0.12110695242881775,-0.12366726994514465
9,66,60.14743456668533,57.61153406745893,86.63371197259761,45.79501994363884,133.89706005006389,141.18306124921446,88.04066950359368,102.45696716072288,116.13087265324712,87.21525826713383,26.486277405912283,11.816514123820092,0.07068265974521637,-0.05157579481601715,-0.12009567022323608,-0.12366726994514465
9,67,51.16543950449534,55.12914925960781,81.90131864320821,43.7507888993108,128.54586902073865,140.47466796122845,87.38061123550933,103.77550563690097,119.22816916737366,87.19311314446917,30.735879138712875,11.378360360297009,0.05679202079772949,-0.05707612633705139,-0.11461642384529114,-0.11732277274131775
9,68,48.78044144358423,51.3021901965498,78.81385503491052,41.152293196092195,132.58633543202967,140.76302246973407,90.56376289044675,105.10431447229229,122.11124288938144,86.93129428166382,30.033413591326287,10.149897000457607,0.046200841665267944,-0.062042608857154846,-0.10660618543624878,-0.11499318480491638
9,69,46.168768126602046,54.879066836157875,82.84594884632594,40.851938877154176,132.42064083487665,143.41464070829548,91.99622679348731,102.86943033018245,122.08903121239958,86.87203624616909,36.67718071972389,14.0271279590037,0.034148573875427246,-0.06565350294113159,-0.0966571569442749,-0.1101648211479187
9,70,49.28270410206192,51.895422234529484,74.42814957156394,39.591165525393286,130.52164433771495,142.69978450581883,89.08841209751911,103.52414574637868,123.03889388801932,86.73142546900769,25.145445469502015,12.304256709136197,0.024407505989074707,-0.06774502992630005,-0.08831831812858582,-0.10556182265281677
9,71,51.35963948617746,52.69925645823491,68.94498685792676,36.13703183592069,129.6318912357349,143.38248627684908,87.81021322116011,104.15233613993712,124.05424533502239,86.69161630690516,17.585347371749307,16.562224622314226,0.013392865657806396,-0.07056041061878204,-0.08066871762275696,-0.09686937928199768
9,72,49.485758022939336,38.40043611024573,58.27755836112246,35.762066226784455,126.71453294044902,140.26226280205614,86.16541054675442,107.35837394228156,121.86074129321862,86.61605856950641,8.791800338183123,2.638369883461273,0.00550881028175354,-0.07308147847652435,-0.07279694080352783,-0.08777949213981628
9,73,58.30565369974736,44.464263164859524,55.40672547792722,35.21693483689741,126.00233620500069,142.54042812940358,87.16918531739843,107.8534773079846,120.78205343591831,86.5923843515739,2.8989282218201424,9.247328327962116,0.001082092523574829,-0.07526734471321106,-0.06504479050636292,-0.08440333604812622
9,74,56.693859587311884,48.95088037488855,53.886644883229465,33.073814477025635,126.07127957966496,144.0642431027051,88.22985033843247,105.4848378442501,121.97530949942235,86.71280540101775,2.807214704082419,15.877065897862913,-0.005079180002212524,-0.0768582671880722,-0.05984482169151306,-0.07709836959838867
9,75,67.40619394854056,46.21425130296238,37.74068245414791,31.970458089685383,126.57817404299178,142.81761922986698,83.12191662790929,106.05071538234766,116.26195855837175,86.52568954096515,29.665511494392653,14.243793213276998,-0.010143041610717773,-0.07871942222118378,-0.04754108190536499,-0.07325232028961182
9,76,64.55174725514941,40.381031796745866,41.23577120879175,31.66021647088072,128.8001126615062,141.48505170699846,88.58840627326032,107.84248504821882,119.25606542154215,86.59039384874129,23.315976046357655,8.720815325865146,-0.011702924966812134,-0.07956323027610779,-0.036754101514816284,-0.06800353527069092
9,77,63.13085358235333,34.95795333749927,41.815238409789146,32.41958210152972,128.47604217125368,139.74599154335516,87.59253835111522,108.40271875550933,120.1795514847215,86.5672161660009,21.315615172564186,2.5383712359695494,-0.012939661741256714,-0.08080118894577026,-0.02727872133255005,-0.06242099404335022
9,78,61.168751727016314,39.50125766350714,33.1683174409044,34.98038361480063,127.10346413153346,141.0076604822592,94.19317377488275,105.8993152007764,118.5190018143352,86.67429467914607,28.00043428611191,4.52087404870651,-0.015530914068222046,-0.08137065172195435,-0.019204020500183105,-0.0576779842376709
9,79,61.615094779099884,35.03807138700657,31.8368238363966,33.35981770060126,126.43938940493858,140.60120335904662,91.38780811230495,110.54762300192377,118.52157802807864,86.68821993599967,29.778270942703283,1.6782536864053057,-0.016843169927597046,-0.0812891274690628,-0.009836316108703613,-0.05378153920173645
9,80,64.69737210146866,37.99297649980572,31.486179473115023,30.739673892471277,126.1700919369322,141.7064758842218,85.44821763356269,112.39172069862124,117.71725932638181,86.80727629040675,33.211192628353636,7.253302607334444,-0.01744741201400757,-0.08227658271789551,-0.003687947988510132,-0.05131754279136658
9,81,66.61294297441593,33.396020405755344,28.649670915654426,31.486299402347424,126.91186697482142,140.43364901723828,88.278210293759,112.21809104366436,116.8021573647345,86.60763286656994,37.963272058761504,1.9097210034079204,-0.01643317937850952,-0.0826570987701416,0.0012150108814239502,-0.050152868032455444
9,82,67.11370193106464,36.11178407660402,25.707571238033402,30.225930544210026,128.25985071549357,140.63327449424244,91.5837561300168,112.70809918958766,116.3915860795649,86.69585847292701,41.40613069303124,5.885853532393991,-0.015181511640548706,-0.08256657421588898,0.007837235927581787,-0.04935094714164734
9,83,66.63157127222918,30.46144783721899,25.620251575326566,32.923971168828416,128.48438922506296,139.55112918969846,91.36637888816875,112.64859024642725,116.62160964839241,86.82414211548588,41.01131969690262,2.4625233316094253,-0.014267921447753906,-0.08235026895999908,0.01188051700592041,-0.049986571073532104
9,84,68.02598735677702,30.46144783721899,23.452322495655764,32.923971168828416,129.53430792487646,139.55112918969846,90.65760485434281,112.64859024642725,115.80720295432113,86.82414211548588,44.57366486112126,2.4625233316094253,-0.013615071773529053,-0.08235026895999908,0.014689087867736816,-0.049986571073532104
9,85,68.45979499107692,33.23089870325342,21.76394055240336,33.92680298829438,129.72201623883436,140.36837488084154,95.39055605490621,111.48201767972384,115.7677449493208,86.8321802419272,46.695854438673564,0.6959042850409531,-0.013511449098587036,-0.08230018615722656,0.01853320002555847,-0.04956650733947754
9,86,68.5636466557342,32.130131096910354,22.618390157183434,30.93968641614964,129.50292338417768,139.57577910985364,96.45873069777065,114.33292966572608,116.18798975321485,87.05467542004344,45.94525649855077,1.190444680760713,-0.01285216212272644,-0.08244344592094421,0.021166682243347168,-0.04842817783355713
9,87,70.0358360045187,33.99427903235717,23.579720474412092,31.600882287404364,129.59695714308603,140.54415206600865,95.40954761742498,114.37344304944105,117.3058575301474,87.70123420588574,46.45611553010661,2.393396744952806,-0.012275904417037964,-0.08240337669849396,0.02436789870262146,-0.04693704843521118
9,88,69.90433254077163,33.30496326096042,24.36710651043601,32.07322457081977,130.25495360525497,140.60452652680033,102.22508756693328,114.7715736110575,118.99107530850287,87.81926883793737,45.537226030335624,1.2317386901406522,-0.01090952754020691,-0.08234035968780518,0.028144419193267822,-0.0476512610912323
9,89,67.51220234185519,35.24524165207168,24.160486562167886,32.93125473029744,129.8801315066094,140.40708039247565,105.31319655501633,112.52932814018875,119.9033475480195,87.86674267767235,43.3517157796873,2.3139869217742373,-0.010173499584197998,-0.08294022083282471,0.030485570430755615,-0.04705527424812317
9,90,67.10041825749616,35.27305853364369,26.20638738696614,34.18146707221379,129.88062778482515,140.2200649592134,105.23434148317301,113.38338932280757,120.94364029822438,87.96129535281219,40.89403087053002,1.0915914614298998,-0.008961766958236694,-0.0830153077840805,0.03202185034751892,-0.046929895877838135
9,91,65.92485762009564,35.71874350615145,22.942028795840834,35.499934813115836,128.713669605727,140.18358596796364,112.63884278611602,111.56894116423776,120.05742203442134,88.22856111736603,42.9828288242548,0.21880869303561212,-0.00875207781791687,-0.08317744731903076,0.0328403115272522,-0.047020524740219116
9,92,66.36410566973503,29.672614792630572,22.119900613035412,36.911329789513516,128.38041164187663,138.39622883719616,112.528817895269,111.37235648946414,119.3434866463348,88.32637398322319,44.24420505669961,7.238714996882944,-0.00806361436843872,-0.08316579461097717,0.03433981537818909,-0.046151816844940186
9,93,70.65987268991248,37.50634721281808,21.560594240928243,38.36332831929733,129.45786529641794,139.65557921224578,108.59233238226271,107.64624391058206,117.41407196943466,88.28783084114822,49.099278448984236,0.8569811064792532,-0.007750421762466431,-0.08387413620948792,0.03596639633178711,-0.04617184400558472
10,0,64.76902105303417,40.351097800641256,34.12953223504667,31.948500311757094,119.74828386441679,139.7802647942826,98.68011931354103,133.18985904394756,121.18721217863926,87.43426110161698,30.6394888179875,8.402597488884162,-0.005839228630065918,-0.09477944672107697,0.007533937692642212,-0.059470027685165405
10,1,70.7747513890822,35.576097316070005,33.066534829084816,34.146521605621906,122.75169037120823,138.05549987618346,96.28075062414766,125.18970385436592,120.52114408992453,87.43157494664537,37.70821655999738,1.4295757104480984,-0.009357482194900513,-0.09433528780937195,0.0031976401805877686,-0.06391513347625732
10,2,68.86640450352819,38.03806238069972,32.76795383628644,35.66449670174741,123.73501143731296,138.5293482881937,92.50857534561652,120.8530192031262,119.19160878333315,87.2976368439582,36.09845066724175,2.3735656789523105,-0.009726613759994507,-0.0943092405796051,-0.005830824375152588,-0.06930139660835266
10,3,70.72056028251393,40.16969655433825,34.38256006891484,35.66399492049439,126.29213416059287,139.39921346421886,92.08646541225892,119.12114230511646,119.12033732013583,87.04833527147936,36.33800021359909,4.505701633843863,-0.0066557228565216064,-0.09366869926452637,-0.020690232515335083,-0.08657526969909668
10,4,70.4106510243365,46.55590316808228,36.30468321852181,37.74205414857265,127.06769403572804,142.50394402113162,91.75043864685962,117.93702278298434,119.2162710362135,86.68269536050957,34.10596780581469,8.813849019509632,0.001258254051208496,-0.09306986629962921,-0.035165607929229736,-0.10335806012153625
10,5,66.67907006783315,45.95320632012214,45.30485442784348,38.327935219697075,128.7492587841699,142.78125409845615,91.3140077251843,124.5735078685934,121.94604487014625,86.86682027663622,21.37421563998967,7.625271100425067,0.00866079330444336,-0.09211042523384094,-0.05036956071853638,-0.11995357275009155
10,6,65.04086604588184,60.799444979933895,55.05215097739619,44.13186594165145,132.80240312996096,144.92145550085783,91.80915117698258,118.61944294699286,124.19671008760287,86.82792382702476,9.988715068485654,16.667579038282447,0.023151367902755737,-0.0916564017534256,-0.06311720609664917,-0.13832786679267883
10,7,62.799948349607035,68.68134209365195,56.33293764809095,50.128662131438396,135.11877654424856,146.3296469182753,89.62384145338248,114.83851563086148,124.07758432861847,86.19570926466186,6.467010701516088,18.552679962213553,0.03382009267807007,-0.08990135788917542,-0.07979762554168701,-0.1527135670185089
10,8,62.28887622604163,69.98350199154345,59.57024784958069,55.08480472926544,132.35295202934176,147.88915987390158,89.96433498169388,114.08104900998133,123.51047259006522,86.0918197643187,2.7186283764609414,14.898697262278006,0.047032058238983154,-0.08606578409671783,-0.08876103162765503,-0.1712508499622345
10,9,62.44454728371201,69.00892076009461,73.41723175825493,61.955440196143975,132.96459701864492,145.36965841804417,91.07106689761794,111.82225517346372,126.64446617765738,85.99081101474842,10.972684474542916,7.053480563950636,0.0647226870059967,-0.08443224430084229,-0.09863463044166565,-0.18429195880889893
10,10,61.76397528945297,76.21989721509212,86.9114763576096,68.17602572823446,140.95259647063506,147.580953654515,94.09661697037288,110.0288799175061,126.80412728188311,85.92145016624283,25.14750106815663,8.043871486857654,0.09118303656578064,-0.08288443088531494,-0.1096486747264862,-0.19532829523086548
10,11,61.845464144730336,71.99741011835852,91.73956517294698,74.12237974653775,142.7950345800889,146.13289745726706,107.2255860071457,115.8059785994875,124.63955520306489,85.93292490688358,29.894101028216646,2.1249696281792296,0.10940659046173096,-0.07544761896133423,-0.11893388628959656,-0.2030046582221985
10,12,52.11764862609055,89.82039443081761,100.10024362427704,76.20927761630438,146.80709391094376,149.4965507641193,118.79711316051839,116.87954636109424,120.72621991923278,86.52228995264714,47.98259499818649,13.611116814513238,0.13925272226333618,-0.05881528556346893,-0.12449640035629272,-0.20912104845046997
10,13,58.383750847546004,87.05382156522606,103.24676117671694,83.52840047929496,149.69673267245784,147.65559406879404,147.15942750932126,117.71290192979328,120.24310248409292,86.636495158842,44.86301032917094,3.5254210859311,0.15629053115844727,-0.04503670334815979,-0.12815487384796143,-0.21161428093910217
10,14,63.34339995560686,87.05382156522606,104.37260893476672,83.52840047929496,155.406037980262,147.65559406879404,155.3479528620876,117.71290192979328,119.56176585885778,86.636495158842,41.029208979159854,3.5254210859311,0.17668598890304565,-0.04503670334815979,-0.1284901201725006,-0.21161428093910217
10,15,66.3455266562142,85.20563736889753,101.03727428483339,93.13250814621163,147.64260171709145,151.37007250544931,160.84340205185492,118.96993630024186,119.85427043840943,87.433888201992,34.69174762861918,7.926870777314107,0.18825408816337585,-0.03505319356918335,-0.12390601634979248,-0.20837301015853882
10,16,78.77997456232599,90.32301642803687,101.9068776707589,94.00713175086209,157.5793356932819,153.01913515548526,171.25206671272744,129.22654902592882,119.86941875153069,87.98395602379875,23.126903108432913,3.684115322825221,0.2051810771226883,-0.026032835245132446,-0.12652119994163513,-0.20878705382347107
10,17,96.52161988345722,94.82233383903932,85.21478434120823,98.96318805906597,164.03889707323395,157.10508285324886,169.0740393294668,131.9158231802442,117.32218149345061,88.71260497868818,11.30683554224899,4.140854220026654,0.22278103232383728,-0.009715482592582703,-0.12409961223602295,-0.20816710591316223
10,18,101.22915119448952,103.25369890885709,82.44471052793179,96.60527519143811,167.90027718142684,159.0078172634589,170.69882235049667,132.66499554880093,116.66668881602456,88.83359942130872,18.784440666557728,6.648423717418979,0.22950313985347748,-0.000252649188041687,-0.12346172332763672,-0.20426374673843384
10,19,101.17466132969076,105.85412135293554,86.28215848089697,92.24890260700388,167.0028550160166,157.9835909948448,170.72648897935323,135.4906475290966,117.34538266064305,88.26531008732374,14.892502848793796,13.605218745931651,0.23056824505329132,-0.001186475157737732,-0.12357306480407715,-0.20086434483528137
10,20,101.30091696380137,102.12576482467693,84.16530478747964,96.60242625607562,167.77354806314676,156.49760760302138,173.25023991135146,152.1234667801142,117.33892944366816,87.35735353899388,17.13561217632173,5.523338568601318,0.23368284106254578,0.012762188911437988,-0.10912266373634338,-0.1976294219493866
10,21,102.23861932780791,100.99299711247117,80.99381130984231,97.06328312971048,170.0554313002546,152.17222502247506,173.14570233168925,154.30451942825803,116.81958280748839,87.31754864173698,21.244808017965596,3.9297139827606884,0.24825358390808105,0.026312097907066345,-0.10594359040260315,-0.19740402698516846
10,22,110.070031205205,96.92993995008128,79.1701536481785,99.89082949948681,173.4723285608407,143.82165412156237,175.6412079833304,158.02143106402477,116.11754827462252,87.57636336431705,30.8998775570265,2.960889549405536,0.2552342191338539,0.02346569299697876,-0.10298028588294983,-0.1945796012878418
10,23,107.48701724958475,95.09466896490538,78.27255474828947,102.0839848068154,172.52576246977105,138.14803174342558,175.24551781770685,156.74674946545102,117.56732713256156,87.8738515310985,29.214462501295287,6.989315841910013,0.25703801214694977,0.037240758538246155,-0.08679580688476562,-0.19245439767837524
10,24,107.05288776175486,112.35176807246899,80.82278689649847,97.30734503113455,171.03629450321733,150.80243039973587,175.89851972920923,169.3315650180955,118.76710083436137,88.59625772981671,26.23010086525639,15.04442304133444,0.26465196907520294,0.041637882590293884,-0.06626123189926147,-0.18922287225723267
10,25,105.55231692212432,117.77588395023555,59.64502949233469,91.22536257918829,171.0750533028134,151.1932138948545,168.34165165429428,172.2983682537616,119.23944993224795,88.88401356728714,45.907287429789626,26.550521371047267,0.2764309085905552,0.04748089611530304,0.09994229674339294,-0.1803273856639862
10,26,102.42188976320521,119.33846434070627,56.445019051513746,96.87925784523907,169.6201170531293,143.59685706758626,167.8991986132809,177.44510285126896,119.74428747851681,89.01215073906278,45.97687071169147,22.4592064954672,0.29167912155389786,0.041837677359580994,0.12935766577720642,-0.1717848777770996
10,27,98.97880372418365,118.58487423406446,58.230502462518466,100.34391099310525,166.03372427068692,128.12464487440636,167.6974214571636,176.74190468587315,120.48173983463458,89.19777030678402,40.74830126166518,18.240963240959204,0.2972758896648884,0.038436368107795715,0.1040390133857727,-0.1633736789226532
10,28,99.82775727403978,113.52866787537364,60.04298304858846,102.74586168425816,170.41863203249602,129.4762543983729,167.57901941241457,175.71879621653815,120.38739245065634,89.501476196926,39.78477422545132,10.782806191115483,0.30459098890423775,0.04619860649108887,0.11322629451751709,-0.1542007327079773
10,29,96.25261957079435,114.68228640243896,60.83191922764006,98.22711417440371,171.0992573860776,147.05679766140364,171.08233422741813,174.93628229933492,120.53499411369361,89.94539268508804,35.420700343154294,16.455172228035252,0.3138935659080744,0.07279925048351288,0.12423595786094666,-0.15107440948486328
10,30,89.11090250130334,116.30709994997243,63.4774524235695,102.00149285804025,170.43957380577993,143.7931595887726,175.79425528611486,175.76892853128143,121.37356544449693,90.40688747872967,25.63345007773384,14.305607091932174,0.32167003583163023,0.07825435698032379,0.12933626770973206,-0.1432773768901825
10,31,80.76825115804839,117.08810763263209,64.92705744906702,100.04871832581613,172.98358396951437,149.05356263502478,177.6237468201486,175.8178149441733,121.86240044911966,90.39462347048784,15.841193708981365,17.039389306815963,0.32291620783507824,0.10592305660247803,0.135732501745224,-0.13609588146209717
10,32,84.06087814400497,120.91759711403243,63.81636554314989,99.30843789662234,175.52114218968046,151.47231920885338,167.9809741075634,175.80660472952724,121.41394618194916,90.47422842841642,20.24451260085508,21.609159217410095,0.33142014080658555,0.11063932627439499,0.1383906602859497,-0.13180330395698547
10,33,84.55547678645223,120.73357034247563,57.48393750999923,98.83668783684637,174.00733883039825,154.83603702157131,174.9424500596371,176.21003070252317,120.87109874520867,90.41172714061554,27.071539276453002,21.896882505629264,0.33588567445985973,0.12040381878614426,0.14070451259613037,-0.1307556927204132
10,34,81.60898724767034,119.49782716876733,55.84316004414996,100.19968403706456,168.83653189814746,154.07292762219313,171.85615608683827,173.18405871975176,121.87370161719384,90.59476554565943,25.76582720352038,19.298143131702773,0.33349035889841616,0.11909064650535583,0.1519424021244049,-0.13168925046920776
10,35,86.70433811118676,121.9022047964182,51.54305288682623,94.41021195449804,167.57673895948705,154.4296979217244,172.3564253554285,176.9894825343994,119.5909684623948,90.86530914783232,35.161285224360526,27.491992841920165,0.3308655247092247,0.11248116195201874,0.14903312921524048,-0.13275307416915894
10,36,91.49069390185764,120.36667541692887,53.33485123973575,94.21853238610719,174.92715362261362,152.0762213759366,166.3526895974539,177.32743809740114,119.04668939444532,90.84309962370408,38.15584266212189,26.148143030821686,0.322469437494874,0.10920393466949463,0.1428501307964325,-0.133925199508667
10,37,99.4972346847958,120.14315634418008,78.59742951761471,93.0768344443546,170.67235654542463,150.58451055192285,176.3030265610496,176.8208340833355,118.0805861252271,90.66318987301446,20.899805167181086,27.066321899825482,0.2980819344520569,0.10778743028640747,-0.05669867992401123,-0.13450461626052856
10,38,100.71453268319037,121.88700111073068,79.9359660114495,90.2077153132449,172.6604201261023,143.905745294846,176.06218018028665,176.40649753877582,117.99581642474642,90.57147128349304,20.778566671740876,31.679285797485775,0.2879721187055111,0.0832410603761673,-0.0844258964061737,-0.1379362940788269
10,39,97.63285684882543,118.84620665338386,82.5926508105991,88.65428588243608,174.24715499893748,139.2715338709516,168.52691554338432,174.62256865266772,118.90621401387973,90.41402304045974,15.04020603822633,30.191920770947775,0.26867319643497467,0.07027687132358551,-0.09205946326255798,-0.14227217435836792
10,40,88.05075979259014,114.75435755336537,92.99431910266178,92.1473597340785,168.74958455292617,151.59004453544668,170.2571821975527,173.536565055587,120.53231364603424,89.98874333891229,4.943559310071635,22.60699781928686,0.2594618499279022,0.06690438091754913,-0.10273611545562744,-0.14916646480560303
10,41,86.76278155042249,110.70050367907487,91.69323784136104,94.23282985841621,169.52629987936726,151.62789414371957,168.2843147237877,169.173571298785,119.12452663480195,89.24987228462071,4.930456290938551,16.46767382065866,0.25540606677532196,0.06006164848804474,-0.11440518498420715,-0.15915560722351074
10,42,84.66675326771367,110.70050367907487,94.77172506648164,94.23282985841621,168.54122788338532,151.62789414371957,167.15610860485125,169.173571298785,118.599641209605,89.24987228462071,10.104971798767963,16.46767382065866,0.2442479059100151,0.06006164848804474,-0.12765926122665405,-0.15915560722351074
10,43,81.0205668777312,97.5754751775163,94.99012111618384,94.51819702133722,161.56948003598404,131.6499380479326,172.59329982898873,163.47482678824386,118.15848599826695,87.0747452161392,13.969554238452645,3.0572781561790805,0.22010686248540878,0.03326025605201721,-0.13388469815254211,-0.1663317084312439
10,44,60.61260675735954,87.64296268955408,103.07177957681743,96.42631062977837,157.76191524831933,129.99363128054569,167.34257944316073,159.6507472268196,119.35230416863423,86.44888468418272,42.45917281945789,8.783347940224289,0.20813284814357758,0.0322226881980896,-0.13173818588256836,-0.17259880900382996
10,45,45.24818622131779,79.34391741811856,111.31346426597705,98.12962138912394,154.66049779652928,132.0679963044658,162.05142096993728,124.41666581217338,118.90097382027481,86.57176386163711,66.06527804465927,18.785703971005375,0.19061358273029327,0.02855469286441803,-0.13014546036720276,-0.17929145693778992
10,46,56.70824914166797,86.17465512107498,101.28602816092848,90.03193661944822,152.04809409277348,154.7686988043398,147.85486887738006,122.98978212705772,118.82022721262273,86.07827113564291,44.57777901926051,3.85728149837324,0.1739918440580368,0.0284147709608078,-0.1297210156917572,-0.18201079964637756
10,47,58.14813511365291,87.3230608342629,97.19846710447811,86.63642556775176,141.6839460572533,153.33984347364884,129.7400530988209,112.17338937839423,118.86053193377263,86.2111229081009,39.0503319908252,0.6866352665111464,0.15063735842704773,0.019793987274169922,-0.1321888566017151,-0.18648141622543335
10,48,60.03223097595764,78.10829819357313,96.12273215550218,84.38478850280713,139.9822567432937,149.46343541222012,130.77960734936022,118.27325071302393,118.87995396254014,86.6533246826194,36.09050117954454,6.276490309233992,0.1378433108329773,0.01770360767841339,-0.13355034589767456,-0.1892838478088379
10,49,48.42609036393697,79.26220087878254,99.85603306064583,83.04580482134433,130.797029311946,149.7624904477327,108.50712876295769,122.08042261239174,119.79682492751141,86.5396659575192,51.429942696708856,3.783603942561797,0.11602002382278442,0.010246649384498596,-0.12889936566352844,-0.1918620467185974
10,50,47.16266075294316,78.69509171912769,100.12057848055841,91.14762020616932,125.54762974175941,151.08282871501385,116.12568232175477,107.77998875179183,122.21045277058401,86.77666723223598,52.957917727615246,12.452528487041633,0.09610684216022491,0.0036362409591674805,-0.12546324729919434,-0.19523459672927856
10,51,45.358490247270204,79.43347614994248,100.5423564106878,85.58345452913453,123.96924527028706,146.50342105972675,111.961202425309,107.18732059938705,123.88759635247412,87.08338838799175,55.1838661634176,6.149978379192049,0.0825037807226181,0.001824900507926941,-0.12328475713729858,-0.1957024335861206
10,52,34.63481299195484,76.7116763998608,94.65953987490168,83.60691730466182,122.45323983366707,148.65136649075816,91.11503513583415,102.14753644520101,127.60519241432091,86.95931853284773,60.024726882946844,6.895240904801014,0.06637892127037048,0.0006926059722900391,-0.11935552954673767,-0.19630983471870422
10,53,40.433286717555085,66.38350818348434,93.01621844563721,82.34419636028514,123.86909813243125,146.28934755027478,96.72977602266718,108.98861137498983,127.82262846404217,86.78343921937793,52.58293172808212,15.9606881768008,0.05522674322128296,-0.00016739964485168457,-0.11794951558113098,-0.19650447368621826
10,54,44.43726099229241,66.93267698463437,74.91613984396632,80.85194140074711,124.92700041200749,148.86068499430556,93.64100650910666,105.94919418104732,126.5989496369593,86.83503051192763,30.47887885167391,13.919264416112739,0.043197840452194214,-0.005770131945610046,-0.10445648431777954,-0.18916207551956177
10,55,47.256203679942566,57.31613410191561,67.95997734239282,82.57194762516212,123.43424551758736,143.22215308082477,87.63305490189074,103.04113919252787,127.38182471719557,86.99986201454655,20.703773662450253,25.255813523246516,0.03218570351600647,-0.0188082754611969,-0.08958065509796143,-0.1818038523197174
10,56,53.63538957871581,59.36634337500952,59.08958261455082,79.05682710373293,124.35360142132934,142.22420543343446,86.31645673725981,95.30936518041531,124.89436069376649,86.97189946976282,5.4541930358350115,19.690483728723407,0.02463477849960327,-0.027552053332328796,-0.07790756225585938,-0.1745443046092987
10,57,57.62178075422183,55.7880019895422,52.817931528302346,71.05088505821867,122.17055183463772,142.2327567740651,92.62902033165182,100.2505560087634,123.27699610209916,86.8096839283708,4.803849225919485,15.262883068676466,0.013941138982772827,-0.03240491449832916,-0.07468178868293762,-0.16649043560028076
10,58,59.50848276146846,61.11385464260773,52.17619611366082,60.20215615934639,123.87960658305379,143.13551347877328,85.19221154073696,103.45011062275051,124.76602482560584,86.84092789887063,7.332286647807635,0.9116984832613397,0.002646327018737793,-0.035104140639305115,-0.06687688827514648,-0.16076263785362244
10,59,65.5962351106041,66.0379413713463,46.21445238294676,55.40679750047753,125.45888500575367,146.0792528084493,84.34869564845746,104.19897859617514,123.03999554566724,87.06641357325995,19.38178272765734,10.631143870868776,-0.001673191785812378,-0.04000638425350189,-0.05818852782249451,-0.1590539813041687
10,60,68.39949914609022,63.9266339400465,39.12921720607036,49.64859467344042,125.62795411157813,145.74795232632664,84.6159166082261,107.45237721781774,120.73130563088463,87.49843900576886,29.270281940019863,14.27803926660608,-0.00511285662651062,-0.04486986994743347,-0.04617539048194885,-0.14866170287132263
10,61,66.32719025722572,63.1271880794849,35.86947599708548,49.11092857421151,124.08227601165201,147.27214625421195,87.85117569495519,105.00459806344885,120.27419026239747,87.43830903014748,30.457714260140243,14.01625950527339,-0.009414762258529663,-0.0481882244348526,-0.03426441550254822,-0.1385880708694458
10,62,65.5019145176843,60.59408073145709,40.14086280938255,50.38029835377609,124.4898217242771,148.08295224612527,84.91029059644116,101.48109842050953,122.71276533014345,87.39278592769574,25.36105170830175,10.213782377681,-0.01078420877456665,-0.05079866945743561,-0.026584744453430176,-0.13381558656692505
10,63,64.1481307177181,50.14780277868126,35.562651187031975,49.19877555148848,123.75165817296015,144.96095353097144,85.28089150814087,103.47024427494172,121.89543436431393,87.53436081036894,28.58547953068613,0.9490272271927793,-0.011657118797302246,-0.054905965924263,-0.016870856285095215,-0.12756946682929993
10,64,62.96592485359358,55.25970909473332,34.10370151176969,43.21559685234698,122.44966479272897,146.52629144206924,86.31139588854695,106.92111042935205,121.71911149841418,87.91134895328452,28.862223341823885,12.04411224238634,-0.013823449611663818,-0.06014874577522278,-0.011387646198272705,-0.121153324842453
10,65,65.0874359692804,45.459340762075556,34.0940326223774,43.633201118740004,122.80405382640107,145.6226493532299,86.62814484023079,108.25321288616026,122.34166010581652,87.45820436839873,30.99340334690301,1.8261396433355515,-0.015524864196777344,-0.0637274980545044,-0.005549430847167969,-0.11596071720123291
10,66,61.089651803963015,42.91828698007104,35.59790352759742,42.63245689274961,122.75013510221142,145.1510259223628,89.95854534359799,109.31182604114865,124.37670248219979,87.35641124694996,25.4917482763656,0.285830087321429,-0.016453027725219727,-0.06667062640190125,0.002227872610092163,-0.11290198564529419
10,67,63.71204723013677,47.29236252412816,34.09383962721978,42.00685884851047,122.41784779139013,147.63165610763653,89.04120733601086,111.60264622260213,124.05262053337894,87.17262076448428,29.61820760291699,5.28550367561769,-0.014895737171173096,-0.06846009194850922,0.006532102823257446,-0.10671547055244446
10,68,69.80360217026482,49.15206688928197,29.634471928847997,38.83935924292487,123.53160667420947,147.81285371941755,89.69521388835096,113.54173624963401,122.64836598499089,86.89777621158666,40.16913024141682,10.312707646357097,-0.015295922756195068,-0.07008592784404755,0.010019153356552124,-0.10025638341903687
10,69,67.1993120582402,49.15206688928197,30.13914298745636,38.83935924292487,123.08854301061004,147.81285371941755,89.5330383506476,113.54173624963401,122.5159321980895,86.89777621158666,37.060169070783836,10.312707646357097,-0.01437920331954956,-0.07008592784404755,0.013729602098464966,-0.10025638341903687
10,70,65.76084366201361,49.93135473151512,29.10601673819241,37.90336736127152,123.77476796120635,147.0462609339099,89.86390286344432,110.51246784014045,121.88873949821331,86.7738460522595,36.654826923821204,12.0279873702436,-0.014280766248703003,-0.07294771075248718,0.01869681477546692,-0.09421885013580322
10,71,66.25919049918872,46.6983799293641,28.716785856795568,35.92700463067038,124.86711479508907,146.39646630322878,90.0502234931683,114.079620425302,122.05206436676389,86.8065297880968,37.54240464239315,10.77137529869372,-0.015001684427261353,-0.07310822606086731,0.02034294605255127,-0.08823296427726746
10,72,65.98064289894229,41.84572965163629,30.364010236957583,40.06079414634741,124.83479061900788,144.56804288875725,88.33072542833447,108.11189321710476,122.34537304910005,86.95896283623175,35.61663266198471,1.7849355052888782,-0.01456904411315918,-0.07537420094013214,0.02176421880722046,-0.0830528736114502
10,73,66.9099931371354,43.498503831661836,26.75941045743345,40.751733979583214,125.44126828452113,145.87711074112985,87.38411272489115,106.9851183238918,120.84837247164826,87.10127306119409,40.150582679701955,2.7467698520786215,-0.015825092792510986,-0.07547558844089508,0.021212786436080933,-0.07876712083816528
10,74,67.12959787415035,40.847671069593254,26.468756449638594,38.114183315425926,124.63468696080739,145.07873288028983,91.7124191297138,109.14634964280879,120.75847998626882,88.15899666032922,40.66084142451176,2.733487754167328,-0.015323251485824585,-0.07675603032112122,0.02410811185836792,-0.07332777976989746
10,75,64.49553592123908,26.946141392609153,27.108025064450544,42.660331661036764,124.48057895320095,141.14281934053486,96.7893834958038,108.34885845129097,121.79206730558275,88.61621831384112,37.38751085678854,15.714190268427611,-0.013880163431167603,-0.0776204764842987,0.026242107152938843,-0.067787766456604
10,76,64.45671742243759,31.34262247368763,26.667766759668208,44.33990342109726,125.06824687173996,141.83100828866017,91.0021645710379,103.98477597084103,120.64957158399694,88.67981406616406,37.78895066276938,12.997280947409632,-0.013324379920959473,-0.0783424824476242,0.02711278200149536,-0.06347450613975525
10,77,62.6125043439044,34.799581940979785,30.188345188095187,43.19774181854102,125.2657936832364,142.4698599187642,91.1203697656117,104.80141705056619,122.63603922629837,88.94438951658529,32.42415915580921,8.398159877561234,-0.013550668954849243,-0.07768331468105316,0.027726083993911743,-0.05928438901901245
10,78,64.12542110372856,32.602989986101406,28.45799273528336,42.44710237935417,125.39948080326806,140.85295986560536,92.55787800272354,104.6618097230999,121.627153278479,88.98605143324345,35.6674283684452,9.844112393252765,-0.01422467827796936,-0.07795141637325287,0.028611987829208374,-0.05678620934486389
10,79,63.92539017447994,32.56617529308231,28.839632254930244,42.980853337604664,125.87536072002379,140.58536937907397,93.08325771095437,104.6235912783064,121.19408026491773,88.97707327823413,35.0857579195497,10.414678044522354,-0.013602137565612793,-0.07744701206684113,0.028686225414276123,-0.05380290746688843
10,80,63.325511222184645,28.010581179662054,28.544399770894834,43.0061054068082,126.50193429275724,139.65368467989023,92.57355598208281,106.91010254722637,120.8378782766753,89.0969443569778,34.78111145128981,14.995524227146149,-0.014187514781951904,-0.07707458734512329,0.02903267741203308,-0.05189898610115051
10,81,64.49823249861565,26.261347543925854,27.12654416777634,42.437541127484984,127.06005847639135,138.6045424250771,96.13596464162958,108.70122372302842,120.57375203985151,88.98445994721871,37.371688330839305,16.17619358355913,-0.014262974262237549,-0.07702790200710297,0.027966320514678955,-0.04974687099456787
10,82,64.21804237446844,29.86263798762035,28.072455434652397,36.87836114956887,126.94729959093497,138.45067344574406,94.84818472876024,114.7715222125992,120.49541660047575,89.05127731304228,36.14558693981604,7.015723161948518,-0.014692604541778564,-0.0768200010061264,0.028019309043884277,-0.04596000909805298
11,0,56.09416171207432,43.971032508346966,40.143282655229,32.29158506539332,133.8988347020173,139.26776890988452,116.84451455719821,114.4514059486708,94.10396200123101,88.63568857584649,15.950879056845316,11.679447442953645,-0.05665522813796997,-0.05726228654384613,-0.05314356088638306,-0.0498332679271698
11,1,37.326547880263824,47.497755725747176,40.455482931600024,30.784656348102665,136.0359333416389,140.51839335361726,120.09149590508474,112.0526095231294,93.13199287204671,88.91066458252344,3.1289350513361995,16.71309937764451,-0.05495244264602661,-0.05794909596443176,-0.05658265948295593,-0.0523170530796051
11,2,42.518185359583754,47.13562944277141,32.682914481853096,31.376656993464287,135.72240076827626,140.41553840173648,122.25430908718778,109.43048917937301,93.3275565535861,88.98749411303733,9.835270877730657,15.758972449307123,-0.0536038875579834,-0.0578894168138504,-0.0625663697719574,-0.05282065272331238
11,3,51.8038147527974,48.45213610559294,33.088710339312875,30.91074833461336,137.35234995250389,141.64915424190838,122.65700986440959,105.95334622419665,93.7014077223009,89.11010326410921,18.715104413484525,17.541387770979583,-0.053130388259887695,-0.056726664304733276,-0.0724177360534668,-0.05252695083618164
11,4,56.82531052125825,46.92304897235979,37.84460966572696,31.446318914602625,135.5083332790693,141.52899876819004,113.80982317865912,104.29980288348312,93.33987943788236,88.97109803816983,18.98070085553129,15.476730057757162,-0.052425727248191833,-0.05645348131656647,-0.0830744206905365,-0.05304688215255737
11,5,57.45234977897642,42.38006728096634,44.70990716042975,31.01149306745242,135.42992101309073,140.2914180749143,105.36648761493012,105.69453770244515,92.96435631815598,89.22202264962051,12.742442618546669,11.368574213513917,-0.051505520939826965,-0.05593191087245941,-0.09221482276916504,-0.05413198471069336
11,6,60.839442321839925,42.15966253449727,48.273183281673745,31.36185335145825,134.5750071735761,140.5925096788158,104.93796233063142,107.10606038242157,92.92694612340729,89.175881611692,12.56625904016618,10.797809183039021,-0.04956077039241791,-0.05573675036430359,-0.10527247190475464,-0.05517575144767761
11,7,68.85934010181035,42.781065842907616,51.30595661525059,31.788709744958496,133.7676764135074,141.62687421166402,103.76613113101129,107.22306505676674,92.88682154750656,89.19603856217628,17.55338348655976,10.99235609794912,-0.04835851490497589,-0.05454373359680176,-0.11771973967552185,-0.0583345890045166
11,8,69.2157486029546,50.872531924767515,58.19051995713759,33.90033039486628,130.0268143967561,143.82706034627063,103.49581306654838,105.81204129662247,92.7272567891106,88.52319119660115,11.025228645817016,16.972201529901234,-0.04670877754688263,-0.05076456069946289,-0.12830722332000732,-0.07380294799804688
11,9,72.2154935037837,53.097765007045275,66.62716678282528,35.200542685953494,130.50658817781448,144.06007121245142,100.71713287039213,105.32143842013949,92.48660322498769,88.54790119513213,5.58832672095842,17.897222321091782,-0.04241342842578888,-0.04752613604068756,-0.13825461268424988,-0.08370897173881531
11,10,72.98811646609904,54.98853284002065,67.98569670887119,36.077372835460615,130.73672173834333,143.08595820550548,104.3121799355816,106.4188040281445,92.58728406329536,88.39402482390632,5.002419757227855,18.91116000456004,-0.03790798783302307,-0.043725594878196716,-0.15095096826553345,-0.0960598886013031
11,11,77.53360244503041,60.81668940128154,69.5302473907192,38.0262681636652,130.2446920470214,144.12288880005076,106.47065442170198,105.73494860288508,92.7030628097371,87.87125590637598,8.003355054311214,22.790421237616343,-0.03492724895477295,-0.040987804532051086,-0.15764912962913513,-0.10531818866729736
11,12,85.46034355110051,62.464360007439616,76.11736305936563,40.48500891488668,133.51565583495935,143.03345034371267,109.18318934805775,105.78265849711144,92.16874098927278,87.82899383138538,9.342980491734878,21.97935109255294,-0.030227378010749817,-0.03717239201068878,-0.16369351744651794,-0.11411228775978088
11,13,87.55802133800964,69.00793831075123,78.58308863523658,46.58098503259645,132.22681944813698,145.58296925056086,111.39316741054851,104.77182892067636,92.14828475569101,88.31849582359638,8.97493270277306,22.426953278154777,-0.02052554488182068,-0.026278942823410034,-0.17232665419578552,-0.1368049681186676
11,14,91.04162823170665,67.43103378813156,87.43569970057412,50.66712326492449,131.13298490466602,144.85294082353562,120.50567871138443,106.22339922842849,92.39561448118295,88.58363612064042,3.605928531132534,16.763910523207066,-0.012138187885284424,-0.018613100051879883,-0.17795303463935852,-0.14300277829170227
11,15,97.46328912734809,72.27601612497227,87.29182870362133,58.329362852677775,136.69422646006748,147.32464450129345,107.66566511150658,103.56463810109908,93.43919812761588,88.42908183728902,10.171460423726757,13.946653272294498,-0.0039328038692474365,-0.010199412703514099,-0.17882931232452393,-0.15059766173362732
11,16,94.0971053853569,76.0794652253367,92.7181725039032,62.933999375794,137.83307422673076,150.58050184116695,120.6767601381099,100.91982438579831,94.43604061294953,88.30521472097364,1.378932881453693,13.145465849542703,0.004707589745521545,9.994208812713623e-05,-0.1769465208053589,-0.16102921962738037
11,17,96.31893008812672,75.22034674540899,98.22125210150855,68.36514549540341,142.90597892180637,151.93969959676153,110.94711885018957,103.20400596533543,95.08766742578986,88.36253566873364,1.9023220133818342,6.855201250005578,0.014231681823730469,0.006970033049583435,-0.1756536066532135,-0.17090100049972534
11,18,97.9297361673285,68.0237063864386,98.92860206468129,77.72849177010828,144.8527810441724,147.69937205591805,113.68177815023076,105.96155661794205,95.42414192895991,89.61537104885306,0.9988658973527862,9.704785383669673,0.006325215101242065,0.016296282410621643,-0.17291909456253052,-0.17393940687179565
11,19,98.65030545036781,77.06992591854228,101.68477138518875,75.47007582992167,144.02859619993714,148.7776912770809,141.54312316151714,116.61089980572024,95.89571851903703,89.90698725177818,3.0344659348209433,1.599850088620613,0.02357231080532074,0.018199384212493896,-0.17196205258369446,-0.18245747685432434
11,20,98.65075319439282,75.26910390627444,105.70255816040573,86.69571630389252,146.0108261537503,148.88034048071268,150.0193898684794,114.08901607099621,96.14704379449127,89.8364045362511,7.051804966012909,11.426612397618086,0.03595961630344391,0.021277740597724915,-0.17019107937812805,-0.1836763620376587
11,21,100.74856540947299,77.28704304895581,104.85942007255834,90.70083795354206,138.79829607791356,151.44562056754486,160.68501499815116,114.74757318748559,94.76773486692785,89.75250250998695,4.110854663085348,13.413794904586254,0.025966688990592957,0.027432158589363098,-0.16782408952713013,-0.1852085292339325
11,22,99.25706297710059,81.61675786988968,104.39388335103823,90.17826789250161,98.63350947187875,151.79463077944075,153.6289088871086,115.14421983369033,94.40122038036688,89.54254843164043,5.136820373937638,8.561510022611927,-0.043301165103912354,0.03719209134578705,-0.16658461093902588,-0.18547922372817993
11,23,100.08917188505892,84.78549297088063,105.4640831560164,95.32091482841757,126.09197699053625,141.81873575594562,165.24679652940114,115.5920965030558,94.14088318229165,89.13327165783565,5.374911270957483,10.535421857536946,0.015755489468574524,0.031995177268981934,-0.16689914464950562,-0.18489253520965576
11,24,99.65901014598627,101.84509132190425,106.87520825895622,90.73586375967743,130.3866107227528,152.20712462793776,162.4675138777792,104.10866818208105,94.26548334190278,89.12102937725783,7.216198112969948,11.10922756222682,0.04422982037067413,0.0406055748462677,-0.16545966267585754,-0.1827472448348999
11,25,103.95894181841109,98.83471672560613,105.08855216455078,89.25965899091429,138.43318758594037,145.66330776070043,167.9834798324019,108.75663917489901,94.614885420972,88.77779293921351,1.1296103461396854,9.575057734691839,0.05241850018501282,0.04076124727725983,-0.1612066626548767,-0.18073266744613647
11,26,108.0739303603866,90.38636058223636,99.94306803234555,90.51390334531824,136.89744872016198,135.8574675323017,174.9904560496484,128.38982957211525,94.96806328083653,87.73914848072862,8.130862328041047,0.12754276308187684,0.048686712980270386,0.04605907201766968,-0.15640664100646973,-0.18029829859733582
11,27,108.0332705343345,85.71699269237736,103.37202393164527,90.6462993103019,131.707366596903,118.39108653136933,175.17527015638723,150.05680525902977,95.99454892445706,86.69624402736775,4.661246602689232,4.929306617924539,0.05397126078605652,0.04607556760311127,-0.14939820766448975,-0.17955955862998962
11,28,111.26016354985028,80.56861124003069,105.8910372558952,95.80367687504324,132.94858444335128,119.14063992214041,163.70912158783025,147.9161406886936,96.32927555404106,86.53890779710632,5.369126293955077,15.235065635012546,0.06770536303520203,0.054447829723358154,-0.14569944143295288,-0.17761653661727905
11,29,112.18269657508374,90.20611702346791,105.31639814815921,90.20477344803417,134.3133914088825,126.49298361844872,149.52003153459103,158.26969293473053,96.59179416818033,86.39054228620809,6.86629842692453,0.0013435754337365324,0.07978440821170807,0.05062629282474518,-0.14078488945960999,-0.17638185620307922
11,30,110.87636274474333,96.74737626959347,107.35760158347956,92.9689193608816,143.28444915435338,133.42640175772667,171.19583267197612,160.88790993779378,96.51286867404724,86.5467224172535,3.518761161263768,3.778456908711874,0.10180851817131042,0.04936407506465912,-0.13741835951805115,-0.17358160018920898
11,31,110.82092933833134,103.61979932549548,113.23310537526801,95.69032322864754,145.66408931146503,140.4090988036361,172.48999575284995,170.9313420481247,96.48618858889402,87.07916913940765,2.412176036936671,7.929476096847935,0.1086234599351883,0.05484031140804291,-0.1323108971118927,-0.17009499669075012
11,32,113.25831021105617,97.2280775540582,115.67716933770033,103.97467234469741,148.59249232813565,136.85733234221354,174.5637609964116,170.69563589437556,96.15732132419934,89.29779705099747,2.418859126644165,6.746594790639207,0.11080293357372284,0.07119686901569366,-0.12789508700370789,-0.15960171818733215
11,33,113.86765701298486,98.06190871791588,116.0711790975129,101.04314964098693,147.6915185835446,148.9297482842892,173.7862494815065,172.85621702361544,96.03752485378446,90.12055546299293,2.203522084528032,2.9812409230710415,0.11106544733047485,0.07810606062412262,-0.12457409501075745,-0.15527570247650146
11,34,109.95697878491272,106.11231662002017,122.54003135780395,98.63431103739084,149.84288438836728,155.35148664199255,167.72175710585435,174.70092205658722,95.87362017489181,91.10966902739642,12.583052572891233,7.478005582629322,0.11251187324523926,0.08514034748077393,-0.12485677003860474,-0.1504778265953064
11,35,109.41952812169724,110.37547782041676,119.61421980225417,95.82189978592997,153.23147679625492,164.21289131637525,168.14426872003546,174.0357092997265,95.84073770570612,91.62475343036799,10.194691680556929,14.55357803448679,0.12734434008598328,0.0913231372833252,-0.12436926364898682,-0.1478494107723236
11,36,112.84558027836309,113.42456636931868,110.56389313355335,94.03538554884275,155.73792610124656,168.33649361311458,167.84791466154797,174.2001449739054,95.87776238952311,92.1085335213336,2.2816871448097373,19.38918082047593,0.1298738569021225,0.10403599590063095,-0.12478351593017578,-0.1462727189064026
11,37,116.15546468984596,114.48353462558069,110.06733880385113,92.38570206225032,154.9156436632346,170.79241223884563,169.58637415104158,173.29933033013018,95.75780155363083,92.51590184761781,6.0881258859948275,22.09783256333037,0.12761834263801575,0.1066182553768158,-0.12442070245742798,-0.14116749167442322
11,38,116.0412868419732,120.261943727099,108.4973525691349,85.76612302440472,154.9081381011757,172.37993624079814,168.48919505430712,173.82901141978178,95.64352468136872,92.54527215356164,7.5439342728383,34.495820702694274,0.12427987903356552,0.11664795875549316,-0.12462571263313293,-0.13731804490089417
11,39,115.34307358791447,120.75115910760857,111.41026141283895,87.61067139699037,154.7652797162914,172.46322270926183,166.89314717970473,173.94326589603043,95.6697385563823,92.70715269315357,3.932812175075526,33.1404877106182,0.12192118167877197,0.12411617487668991,-0.12481892108917236,-0.13380497694015503
11,40,113.24383840893567,118.26932567420047,113.57524621158136,87.20360043326619,151.41009695071423,172.86908660384867,162.68825132220064,173.66564377858384,95.58507505283785,92.84817165654091,0.3314078026456855,31.065725240934285,0.12304293364286423,0.13709274679422379,-0.12507569789886475,-0.12885791063308716
11,41,112.97123721492672,118.95990210955425,110.76747284983482,89.15727040728208,150.1877415778196,173.3068729806486,164.5119307590569,173.33219771356877,95.55504643263154,92.88011269099184,2.2037643650918994,29.802631702272166,0.12224617600440979,0.14434818178415298,-0.12624281644821167,-0.12752866744995117
11,42,114.18954900176064,126.8849535441882,108.22066205748231,83.01968571454108,152.46826763323722,173.58417084386235,161.6632106831458,174.25354479716515,95.41383224869432,92.7112447242526,5.968886944278324,43.865267829647124,0.1210009753704071,0.14762819558382034,-0.12793484330177307,-0.1265057921409607
11,43,111.05838169554632,123.14900170755789,107.62806462544343,84.53614159918482,150.37931061307543,172.38293048321935,168.25514953785725,174.62733589927248,95.27745319424827,92.70994936160191,3.4303170701028876,38.61286010837307,0.11867807805538177,0.14828553050756454,-0.12844893336296082,-0.12649095058441162
11,44,110.07571620250772,122.09702511990844,106.05889185990546,84.65626478750788,150.50495690619806,172.06311798394972,173.70863510285113,174.44435553638323,94.60925391616536,92.90108500961898,4.016824342602263,37.44076033240056,0.11320485174655914,0.14958549290895462,-0.13191232085227966,-0.12614387273788452
11,45,107.47780139447121,121.04862884064136,99.74436138117973,85.01574786987108,146.75924180942536,172.15931522521763,173.64710139203083,173.020508009963,94.88499166742514,92.99508527441282,7.733440013291485,36.03288097077028,0.11148786544799805,0.14936046302318573,-0.13640597462654114,-0.12603098154067993
11,46,99.2620556755929,120.44770996119323,100.91595844839416,84.90425987558365,140.28115200426183,172.9237507386841,174.50871999451962,173.15441448596178,94.61520639867534,93.007083854735,1.6539027728012599,35.54345008560958,0.1085357666015625,0.14850745350122452,-0.1440412700176239,-0.12651145458221436
11,47,105.35776460327918,121.1713842312168,98.49112520401283,84.13965408016062,142.13431915175218,173.56215471546147,177.29388685917397,172.51082261080205,93.89742432071994,92.84294241752065,6.866639399266347,37.03173015105618,0.10273396968841553,0.1458548605442047,-0.1466844379901886,-0.1293213665485382
11,48,103.80689862001289,123.28153424891103,101.3192844431346,76.53299697441524,141.63673870124254,174.1433470571097,177.7043351867623,174.139078718273,94.6288699905865,92.464969158497,2.4876141768782816,46.74853727449579,0.095481276512146,0.13300693780183792,-0.1507216989994049,-0.13354045152664185
11,49,92.6058980325766,118.13983353335261,100.22853272265314,80.13806014541399,134.071945514052,171.72980387981747,177.35819976963182,173.4556995456955,94.43505950635449,92.04128045079864,7.622634690076538,38.00177338793863,0.08810405433177948,0.11718899011611938,-0.15372449159622192,-0.13772159814834595
11,50,94.65343965103729,114.54083268075182,96.29582138142676,80.69677707879423,141.19170784965544,169.06740568432647,173.96747911375635,173.68928220939313,95.18111017938672,90.89191839518752,1.6423817303894737,33.84405560195759,0.07840503752231598,0.11042873561382294,-0.15095266699790955,-0.14266857504844666
11,51,96.93495882224798,113.3339634730349,97.23730303643693,80.79848594297623,157.23816747083848,154.26170719474038,172.94648734557012,173.80857669214495,95.50540892423236,89.67279837451825,0.30234421418894897,32.53547753005867,0.08100645244121552,0.10266152769327164,-0.15005668997764587,-0.14744427800178528
11,52,88.74239563546178,109.94679987209953,100.59450061622908,80.6202126365931,152.83583233596852,153.33130938998693,157.41072662392443,172.50197589378402,95.51557919495693,89.87935398256231,11.852104980767308,29.326587235506437,0.08084703981876373,0.09873643517494202,-0.15179121494293213,-0.1488707959651947
11,53,88.11341105226144,104.29925020291067,103.13843942670182,87.02403349177642,152.98221002728835,152.1850037880118,149.91143736040667,168.56891977261103,95.51731454633484,90.03971146866107,15.025028374440382,17.27521671113425,0.07610711455345154,0.09938126057386398,-0.15161585807800293,-0.15224739909172058
11,54,87.21170828836027,106.16492645494856,100.17574578957785,87.17035915094205,150.83091605708907,161.0224017607637,144.0234127797681,169.79962670895043,95.52245168691533,90.24294860130892,12.964037501217575,18.99456730400651,0.07538400590419769,0.0896301120519638,-0.1524340808391571,-0.1516256034374237
11,55,84.28712406579596,101.2251960591099,99.61006230334249,88.7506052535887,148.90129019102008,157.5773624191218,135.67949541017643,159.07234995941775,95.25448510031198,90.20193884830414,15.322938237546524,12.474590805521203,0.07340356707572937,0.07820004224777222,-0.1547953486442566,-0.15539944171905518
11,56,82.45452719041518,101.4568584115754,99.13257656666602,88.08761241990638,145.83807263989416,160.76893759236305,132.71231225930788,153.15184947067573,94.72832514220389,90.05992211894234,16.67804937625084,13.369245991669018,0.06512856483459473,0.079491525888443,-0.1586897075176239,-0.15885326266288757
11,57,81.52976121970141,98.39776251666828,95.67626961310188,88.26793341978367,145.83970886667356,155.55146077624343,126.64668683576477,146.40761237333317,94.47606838358051,89.62591709028179,14.146508393400467,10.129829096884606,0.0656636655330658,0.06376874446868896,-0.16174179315567017,-0.16271591186523438
11,58,81.09256641207782,96.56067487707223,92.22953274470729,88.74274798662887,144.42181362039776,153.39517342179076,116.94792801014323,150.70643002641458,94.80348337809859,89.30803237744595,11.13696633262947,7.81792689044336,0.06091463565826416,0.04395723342895508,-0.1634349524974823,-0.16560864448547363
11,59,82.93229654973645,91.4680482906735,85.5834436032873,90.15117923527798,144.44043603028484,155.54032021457837,108.28547439968216,142.05683200097877,94.51750827206477,89.59883563902687,2.6511470535508437,1.3168690553955145,0.05765600502490997,0.04918058216571808,-0.15808287262916565,-0.16710194945335388
11,60,79.1781971193354,85.06034180976278,82.78711797259045,91.74445188101411,143.56330594404292,154.2714598413953,105.1132117545889,137.42332705491734,94.29190678443568,89.6041410285675,3.608920853255057,6.6841100712513395,0.053421542048454285,0.04700133204460144,-0.15337032079696655,-0.1678166687488556
11,61,73.97217314380903,84.01030960082085,78.98282806603767,89.02127244695319,141.47384506516124,155.60392985471088,105.76298460399187,126.52058363991979,94.35035268228523,89.53574951234273,5.010654922228639,5.010962846132344,0.05059412121772766,0.04229891300201416,-0.14753445982933044,-0.16982635855674744
11,62,70.52842523016825,68.3590904502639,77.11930825894603,85.03579950319846,139.58966190423206,150.11159589965507,98.7767989022126,107.89503333314097,94.14420873996642,89.34074922551511,6.590883028777782,16.676709052934555,0.04404480755329132,0.04035261273384094,-0.1412239372730255,-0.16932904720306396
11,63,65.32428444967121,66.86197709705327,74.3168717792617,80.56717324869393,136.12649899308093,151.20522020786058,91.97206679254508,101.92627076103567,93.92074864065648,89.41574842905725,8.992587329590492,13.705196151640664,0.034745097160339355,0.029762789607048035,-0.13493654131889343,-0.16551965475082397
11,64,64.05204807742585,62.94476503202703,70.41104996301584,79.68342215623423,138.43124212309948,150.21684679694917,94.01545870638022,106.73845317226728,93.42934437425323,89.23622852553957,6.35900188558999,16.7386571242072,0.031185463070869446,0.02087569236755371,-0.1286931335926056,-0.160288006067276
11,65,68.13144556501672,69.09118198767415,64.1502052405644,75.45352728775121,141.36388258161284,148.04061677937904,91.94175598913296,107.9821406002147,93.37938083206804,88.92871333216691,3.9812403244523153,6.362345300077067,0.025807783007621765,0.012966856360435486,-0.1203615665435791,-0.15800276398658752
11,66,68.95610157528749,67.63774342470573,61.892094978572864,67.39431982135518,140.813347034726,146.9028747298622,94.76924897077535,100.64133749493661,93.2300338801536,89.26962556030743,7.064006596714627,0.2434236033505499,0.016752436757087708,0.009450018405914307,-0.11596977710723877,-0.14839959144592285
11,67,67.56604888596286,62.99661270746924,57.21006711209939,63.12305128469595,139.24266173171603,145.73985178558172,96.52888256550067,97.09058282763719,93.12505906494603,89.41951424615014,10.35598177386347,0.1264385772267076,0.008774235844612122,0.0038898587226867676,-0.10988757014274597,-0.1425548493862152
11,68,68.25986551193988,59.942140718879315,51.36660387048285,60.23376293629672,138.54228636254382,141.53264131205412,95.02308379520538,93.9582295355426,93.16013516715161,89.39744621074941,16.89326164145703,0.29162221741740524,0.001224026083946228,-0.007066816091537476,-0.10474136471748352,-0.13578015565872192
11,69,64.10020534294651,59.441546724463,48.53016679447872,52.54077220460754,135.86709706951706,144.49106290709307,96.6030724694287,97.85364776137585,93.01200421121081,89.6419830843928,15.570038548467792,6.90077451985546,-0.0033128857612609863,-0.013933435082435608,-0.10050329566001892,-0.12931352853775024
11,70,60.43375022831501,63.22330825034427,43.29235408385093,52.381218945585374,134.70397916570326,146.58533014923407,97.82673741312864,97.51101310334823,92.89393035759952,89.65529097596726,17.141396144464082,10.842089304758893,-0.007937610149383545,-0.0190432071685791,-0.09556689858436584,-0.12493988871574402
11,71,61.53838223013414,57.796352531759666,37.94646329949949,50.26391205861635,136.6393052696283,144.83227349871888,96.97383118172407,94.97421645638514,92.34573445940599,89.58199000616766,23.591918930634648,7.532440473143318,-0.01419059932231903,-0.028671547770500183,-0.0882805585861206,-0.11466336250305176
11,72,64.17839371184887,55.35463144720145,36.76650072265827,49.26141940370344,139.6618035839782,146.24831932344242,95.6475401305799,98.04479403892063,92.02131248423927,89.28072887937407,27.411892989190598,6.093212043498006,-0.019757196307182312,-0.03174133598804474,-0.08125796914100647,-0.11090603470802307
11,73,65.67962095674588,57.160494042535,33.69624164983729,47.84994350602723,141.20503716547114,148.04949343949542,95.30519434276668,96.07460105633385,91.04260713848817,89.16687195284665,31.98337930690859,9.310550536507769,-0.023098483681678772,-0.034933194518089294,-0.07414987683296204,-0.10755676031112671
11,74,56.93892098298047,57.624130889605084,33.18568573548537,45.11110011522235,138.67378502042908,148.46320606139452,97.74239504432508,97.62272794195094,90.91580179367098,88.79884502064098,23.7532352474951,12.513030774382734,-0.02873969078063965,-0.04031313955783844,-0.06751886010169983,-0.10402727127075195
11,75,57.11420593767478,53.32324557538302,36.05951551792259,38.87039699931991,140.57610236457734,147.7386081327733,96.55511951661727,101.2440742693228,90.07884578911494,88.64092629249583,21.05469041975219,14.452848576063111,-0.030904054641723633,-0.04379650950431824,-0.060126423835754395,-0.09790483117103577
11,76,51.58435860296808,55.4543861997337,37.95266696033115,35.43876179406921,139.63540586621642,148.70481080492627,97.52492159208799,102.79787522330265,89.99206169979142,88.62329133874832,13.63169164263693,20.01562440566449,-0.03296023607254028,-0.05147327482700348,-0.05355533957481384,-0.08709391951560974
11,77,52.967339895672076,55.80804723855137,38.041875654834335,36.32572287548467,141.11302133092784,150.40338372524437,99.42401777200661,101.66772762292725,89.7615215978189,88.38598918860659,14.92546424083774,19.482324363066695,-0.03607645630836487,-0.05283646285533905,-0.050339579582214355,-0.08279061317443848
11,78,54.97019393251061,55.01131245577801,35.04430154182409,36.258569102392876,142.58879886657945,152.27340289034098,102.50208053948117,101.90841893766462,89.63172018254802,88.15808420306873,19.92589239068652,18.752743353385135,-0.0383433997631073,-0.05582024157047272,-0.04640275239944458,-0.0789031982421875
11,79,51.31616020693769,46.67185472342987,37.837877206193085,37.80793235868777,141.97148581824717,151.38125144156808,103.44534479277938,103.60463316544026,89.58417108321358,87.86879917798066,13.478283000744604,8.863922364742095,-0.039219483733177185,-0.05850142240524292,-0.043332457542419434,-0.07429492473602295
11,80,46.25768538392675,51.09233943379045,34.09193043445272,37.95024626818383,141.1300149064466,151.60840812778795,105.84672840956048,102.74450011305917,89.41166657979335,87.63401669608945,12.165754949474028,13.142093165606617,-0.041867002844810486,-0.05983304977416992,-0.041347384452819824,-0.07173675298690796
11,81,48.52627496216728,43.4444247234402,33.20963588641132,36.62229934245758,142.26630158002055,150.15464499855958,103.51374900367655,104.70681983038072,89.27186996468187,87.21978887686912,15.316639075755958,6.8221253809826194,-0.04488089680671692,-0.06121797859668732,-0.04073154926300049,-0.06728839874267578
11,82,48.293576223398915,46.4287069693036,33.26501501082531,35.7367595211255,142.54782673404011,150.57940034948484,103.18661723220636,105.38115934201888,89.20840072345557,87.07347481712617,15.028561212573607,10.691947448178098,-0.044970765709877014,-0.06184229254722595,-0.0392700731754303,-0.06411117315292358
11,83,47.943766162874695,47.45696343956241,33.803083227394794,32.66955392138098,142.90443143502608,150.70170011198218,102.18064804229853,106.00955104324471,89.12430017221261,87.23630824669425,14.140682935479902,14.787409518181427,-0.045798733830451965,-0.06216169893741608,-0.038560956716537476,-0.06120029091835022
11,84,47.262026639776906,48.17667367349862,32.968411050530264,31.806865315104105,142.3792127725768,151.92860073097992,103.45580378420445,110.82567857734554,89.18475549574681,87.7578771825181,14.293615589246642,16.369808358394515,-0.04615908861160278,-0.06204754114151001,-0.03921130299568176,-0.05857732892036438
11,85,48.405241214013856,45.41336151764369,33.78549804989189,34.283495530925585,142.59440228764706,151.09691660280274,102.14008203785106,109.25867936446166,89.21512511698018,87.90650649598368,14.619743164121964,11.129865986718109,-0.04605984687805176,-0.06283749639987946,-0.03985053300857544,-0.05827268958091736
11,86,54.426461378390705,32.18778985090601,33.117131004859075,42.28148082336753,144.43076491479596,148.3759087526172,100.81591641008065,108.74672870600264,89.02306667405391,87.95825430512166,21.30933037353163,10.093690972461523,-0.04583396017551422,-0.06428952515125275,-0.040624529123306274,-0.05520504713058472
11,87,54.783176833588975,31.410022168121206,36.854242906006625,42.47970932104495,144.58856695251737,148.0624572927102,98.24685575134586,108.57987306494898,88.9496308388415,87.90343001707204,17.92893392758235,11.069687152923745,-0.04647603631019592,-0.06452101469039917,-0.04071816802024841,-0.055376917123794556
11,88,55.257606141868656,34.26901384683443,38.26061601234395,37.329972355604184,143.8638229774416,147.9781300022762,96.4910447041617,110.81173228408271,88.98551922849813,87.96312271594064,16.996990129524704,3.060958508769751,-0.04608435928821564,-0.06481523811817169,-0.04126298427581787,-0.05502721667289734
12,0,57.26632452892544,52.488406833226975,23.323630225288404,36.72545496485123,135.19247639699674,131.98949979230485,120.9752697521672,119.28504458391788,93.35312981677832,88.75450974719844,33.94269430363703,15.762951868375744,-0.05378749966621399,-0.0706818699836731,-0.036038339138031006,-0.06732770800590515
12,1,55.89859540308106,54.76546845290078,29.745995026959257,30.124634365101393,136.3969392847846,137.51640858797677,110.53439571593249,113.33166356144463,94.11193238191396,88.60791809445102,26.152600376121804,24.640834087799384,-0.05254797637462616,-0.07016396522521973,-0.038653284311294556,-0.06588125228881836
12,2,56.33052109148608,52.71255467266881,31.774856133583455,30.66150749098368,135.79045912372695,137.6871983185009,108.29302068595352,113.52982169637494,94.8292664116174,88.26248408881085,24.55566495790262,22.051047181685128,-0.05086953938007355,-0.07019789516925812,-0.04282006621360779,-0.06623637676239014
12,3,54.705654985089176,53.01341840995908,36.08776725479346,30.939925960561055,135.89795163250105,139.1341830453023,107.66620282953123,110.91263767919673,95.01820961055898,88.26577527964265,18.617887730295713,22.073492449398024,-0.04872360825538635,-0.07037290930747986,-0.05161789059638977,-0.06926822662353516
12,4,54.56832569447299,51.94247165226461,35.34069195238918,37.7103036441693,136.5142760066427,139.38778180054842,105.7576499096685,102.77695221527281,95.5199896127569,88.32171620182977,19.22763374208381,14.232168008095307,-0.04574142396450043,-0.07025286555290222,-0.060537368059158325,-0.07751795649528503
12,5,55.10085171074449,52.0425637424947,39.159455587948926,38.92984962285046,137.08564861821816,140.45516120293834,103.09958448423066,107.69064480367528,95.56800104372319,87.83711317601048,15.941396122795567,13.112714119644238,-0.04161496460437775,-0.06983600556850433,-0.0746392011642456,-0.10134243965148926
12,6,58.31468166138041,53.367303094740755,43.80235946342859,40.255739543097036,136.8265092344761,140.33386001918282,103.34713538973413,108.3867896944822,95.50013240730785,87.76050063393677,14.512322197951825,13.11156355164372,-0.03705231845378876,-0.06824706494808197,-0.08649471402168274,-0.11269766092300415
12,7,63.35360584560485,60.876446646939485,50.09424805909279,45.802965530117156,136.39173241744817,141.26674666354123,99.40628309251305,106.53234693640087,95.13488801652979,87.72331561193394,13.259357786512055,15.073481116822329,-0.030816316604614258,-0.06583470106124878,-0.09756934642791748,-0.12351056933403015
12,8,66.16115584258236,62.7690713944055,52.84343278876108,50.437465204240844,137.43449781368733,139.1719364215154,101.24520049442376,107.9054706585523,94.97158510116806,87.70778107131449,13.317723053821283,12.331606190164656,-0.023573294281959534,-0.06292375922203064,-0.10893771052360535,-0.14097824692726135
12,9,67.8013783222601,66.34705505944945,55.58811187484245,52.99253023652223,138.4039890321504,138.8512549677163,99.80363919050167,108.47140160044624,95.02921540452787,87.72182057391505,12.21326644741766,13.354524822927218,-0.014126747846603394,-0.059828996658325195,-0.12280473113059998,-0.15276333689689636
12,10,69.67934361319392,66.3873461520519,65.4198596673736,58.31093973511777,138.34646540857923,135.8361840386495,105.63014139046163,106.47951084149099,95.00836594785098,87.55252494934946,4.259483945820321,8.076406416934134,-0.003087475895881653,-0.05354948341846466,-0.13412883877754211,-0.16449779272079468
12,11,74.27925544416203,75.93726813725604,71.50487445474097,62.154369111312796,141.53982433715333,140.0432509927343,102.2985386233039,107.54757289641643,95.61056173368318,87.5161717844918,2.7743809894210614,13.782899025943244,0.012986868619918823,-0.04610659182071686,-0.1430838704109192,-0.17749986052513123
12,12,85.44410700461343,80.93921406206962,75.59701131057805,66.87426143324952,143.30509416230223,143.08855068974222,101.88495476242782,109.64124652924676,96.43329720392876,87.7172451478873,9.847095694035374,14.064952628820109,0.0239018052816391,-0.03814847767353058,-0.14948955178260803,-0.18591809272766113
12,13,83.06189914780326,82.59771226936945,82.95855032692295,69.75297465874516,138.9303169259809,142.29362882441976,100.41022921320268,114.6593285367997,97.54633676534654,87.44067895594236,0.1033488208803135,12.844737610624293,0.031049951910972595,-0.03345827758312225,-0.15495449304580688,-0.1910582184791565
12,14,86.12688627781337,85.08630403588295,88.37009145420949,84.0473050648733,138.9988341376049,144.66783287716183,116.68264036921242,121.50244624154267,97.82413805271287,87.35642648855206,2.243205176396117,1.0389989710096472,0.038669005036354065,-0.022644713521003723,-0.15893903374671936,-0.20304840803146362
12,15,93.33145495053607,89.98732249054639,91.80536213535977,83.71844290635667,145.83653307862693,148.23231465145395,124.05380530889629,120.138870116621,98.80013008084525,87.62324290480159,1.5260928151762982,6.268879584189719,0.050410687923431396,-0.012186005711555481,-0.16422942280769348,-0.20387676358222961
12,16,95.79912646776775,88.64510818075767,95.09875714727647,87.58287865917552,146.68091740411472,147.2577425350047,132.8922262148164,124.22650089050097,99.31784553642449,88.0799209471686,0.7003693204912764,1.0622295215821538,0.053815677762031555,-0.004166141152381897,-0.16291674971580505,-0.20330891013145447
12,17,99.27223464554162,92.0569787325836,98.00409026356975,90.4344345876177,148.38815260433012,145.2390482574838,140.0476416920991,121.53410149245202,99.33506472948207,89.18590260362056,1.2681443819718652,1.6225441449659002,0.0716579258441925,-0.011258244514465332,-0.15897420048713684,-0.20401710271835327
12,18,98.15748284225609,97.16743006807113,97.67028152333364,93.25406440122356,142.40559090229283,144.7381118955872,159.15837474014666,134.42390185902963,99.39675606268945,89.41569541495156,0.48720131892244467,3.913365666847568,0.07613427937030792,-0.006743133068084717,-0.15167945623397827,-0.20123305916786194
12,19,96.45524940154877,93.75131520293394,91.64205892825866,97.17018748551591,127.87883529376484,140.15627247444073,157.73627695317333,133.48328019569772,97.9175224830743,88.47057069035152,4.813190473290106,3.4188722825819724,0.0664147138595581,-0.008690699934959412,-0.1496449112892151,-0.19747567176818848
12,20,102.30969266518395,94.27998537126791,92.4970288144704,97.09647036935026,125.67299105257108,132.20683804192979,163.55829647573754,157.30929026455755,97.67743582331697,88.08833674386644,9.812663850713548,2.8164849980823448,0.06863066554069519,0.0020170211791992188,-0.1486281156539917,-0.19419941306114197
12,21,108.97923932251868,96.07117173185635,91.31666144280038,96.74644576023785,139.120380851575,125.53039628338212,171.767925561849,161.79228149956134,97.27938409514934,87.81868705686176,17.6625778797183,0.6752740283814944,0.08086544275283813,0.011657148599624634,-0.1469888687133789,-0.1909274160861969
12,22,110.70148799113002,94.97055280716208,95.27616916718556,98.68771705686125,142.01622706520916,130.13630108125525,172.70889475544465,164.2413720077161,97.16424823740677,88.49163580600278,15.425318823944465,3.7171642496991666,0.09087048470973969,0.01798957586288452,-0.14718282222747803,-0.1868818998336792
12,23,112.02534965730352,107.35585836433238,96.83998309584933,97.23295291118663,142.57695595396368,148.5720806957866,176.8657238830571,173.60644323971914,97.33604493476349,91.26926589131982,15.185366561454188,10.122905453145748,0.09899760782718658,0.042118802666664124,-0.13871169090270996,-0.1700548529624939
12,24,113.6363935717293,120.18888160260708,96.70340601663293,92.43110250375804,148.156659362702,144.91803535948986,178.13807619246575,175.46083668695914,98.24209334126577,91.89557206709895,16.932987555096375,27.757779098849042,0.10186979174613953,0.042705878615379333,-0.13011318445205688,-0.16267246007919312
12,25,117.42169701302596,121.44183895241589,96.9373212921258,93.90009677957346,157.4537439546543,135.31031122500235,178.2988967677148,176.1144153594286,98.82940008371281,92.14301612689631,20.48437572090016,27.541742172842433,0.11788994073867798,0.04342706501483917,-0.1244630217552185,-0.15625116229057312
12,26,116.60046579629365,119.10583945056241,99.44499622521674,98.74699705057033,158.64880346879815,113.94676341714981,172.16878239212122,176.7403156642954,99.21189712518267,91.92471992825179,17.155469571076907,20.358842399992085,0.1272379457950592,0.03943513333797455,-0.11942434310913086,-0.15147602558135986
12,27,117.32487153550045,113.66551015291054,103.21213286820672,100.54586509521472,161.47450902158712,89.65805561760753,172.4479553560129,175.3590527477695,98.90616509259036,91.83680866262553,14.112738667293726,13.11964505769582,0.13595842570066452,0.03916090726852417,-0.1149747371673584,-0.1453647017478943
12,28,117.35409046525778,113.67100203100958,104.27817190033763,101.28011870475933,165.70477737504427,121.1533542909259,172.79049591631392,173.80482067900007,99.10092917902519,92.1716323485311,13.075918564920158,12.390883326250247,0.14662518352270126,0.05136862397193909,-0.1101330816745758,-0.13714218139648438
12,29,117.94390202852794,113.95610883940174,103.9323298881727,97.93458102420855,167.42773447261365,135.47287320785878,171.42509056840757,175.54472423191604,98.69871940228886,92.32719594356517,14.011572140355241,16.02152781519318,0.15428147464990616,0.0660591721534729,-0.1057654321193695,-0.13011330366134644
12,30,120.73382321008195,114.42840329968169,104.4095084354352,100.29450436427551,169.571151834885,132.3459650531574,172.42665757884285,175.88131780652432,98.46915885648232,92.25706130369308,16.32431477464675,14.13389893540618,0.15958857536315918,0.06820020079612732,-0.10392680764198303,-0.1285562515258789
12,31,120.8061282603551,116.59210591910227,103.43735933105239,101.4446197786022,168.4604511968959,137.32005141416624,172.679280399144,176.1629894197088,98.29136518821903,92.17922139585562,17.368768929302703,15.147486140500064,0.15713563561439514,0.07107673585414886,-0.1029222309589386,-0.12484237551689148
12,32,119.75455485321822,118.76686558152856,104.41658296795448,99.33416515166473,167.90395721286913,152.6959957120211,172.076231224515,177.14995443981562,98.30504192163201,92.1767381034349,15.337971885263741,19.43270042986383,0.1556442454457283,0.10457947850227356,-0.10432854294776917,-0.1233026385307312
12,33,119.29062457681877,122.22575361795155,103.6884527743435,93.89982736218317,166.23800786553502,156.10497471523016,167.27577076114642,177.15602472180723,98.22946182836598,92.00420531216912,15.602171802475269,28.32592625576838,0.15514715760946274,0.11172183603048325,-0.10538172721862793,-0.1240646243095398
12,34,117.23749334828355,121.41064932186642,102.63062137225684,93.94215004600086,164.2742892159106,149.37247293229575,167.48094223485464,176.78680407220594,98.4501206298548,91.84192947102454,14.60687197602671,27.468499275865554,0.15394538640975952,0.10088109970092773,-0.10624715685844421,-0.12376347184181213
12,35,117.47042922119292,120.7137347408016,102.93238367666618,93.80829281780508,163.11997461594868,142.5867470818779,170.90766845599768,176.9568594994726,98.49990917091314,91.46107031685736,14.538045544526739,26.905441922996516,0.15305355191230774,0.09345349669456482,-0.10661932826042175,-0.12461769580841064
12,36,120.49902601612,120.8037283773234,98.82502427284743,92.60354576165606,164.91591212998048,136.99292436557351,175.37221882908983,176.46628154453376,98.41878127092008,91.37169687214504,21.67400174327257,28.20018261566733,0.1528041735291481,0.07016327977180481,-0.11075243353843689,-0.12513580918312073
12,37,118.25549981185141,120.74169865579337,93.26540255337386,90.98447387877516,165.62635617727224,135.62405291900993,175.68297345624342,174.5464712718687,98.37567693105301,91.22375779027223,24.990097258477547,29.75722477701821,0.14766979217529297,0.06531921029090881,-0.11518552899360657,-0.13014104962348938
12,38,122.5760831301891,121.59500174015504,87.67729350003216,88.44636697246565,169.52203683452697,144.4835107733193,176.29684286616592,173.76983718272987,98.08505006514042,90.98453705478241,34.89878963015694,33.14863476768939,0.1328345611691475,0.06107883155345917,-0.11962655186653137,-0.13582268357276917
12,39,118.55039658535284,114.60163301939868,89.74582002061105,92.93489964587518,170.6795478624636,146.60028082151678,177.63287464682313,173.07359332209006,98.21927883097787,90.58889937207108,28.804576564741794,21.6667333735235,0.13219010829925537,0.059521764516830444,-0.12672623991966248,-0.14267730712890625
12,40,111.25648002277673,110.19971550301652,84.54307390363182,94.51954715291092,142.81573714946683,145.22240947704657,177.94982322931878,174.46281009453224,97.56509469388236,89.93353036254355,26.713406119144906,15.680168350105603,0.12290021777153015,0.05432358384132385,-0.12950879335403442,-0.14888334274291992
12,41,111.94783412505947,93.82206363723044,83.06594041542628,90.43380145157542,156.5818355439138,130.70897124112236,176.57113472224015,170.0018192508962,98.00921209055687,87.88151061058772,28.88189370963319,3.388262185655023,0.12389492988586426,0.02810509502887726,-0.1299649178981781,-0.1613636612892151
12,42,111.86067316590835,92.49878090160915,81.88292517858265,88.43168627771371,160.8820264520144,131.2474769597353,177.21985109714635,159.24196112847423,98.5095782281396,87.48765725923012,29.9777479873257,4.067094623895443,0.1163615882396698,0.02727767825126648,-0.13490864634513855,-0.1645660400390625
12,43,107.4117833101044,91.29450665561527,87.20706550431666,85.98196399718341,163.50132219242812,134.91475321030524,174.58395530621038,145.7311255755388,99.01654165200473,87.51645327280755,20.204717805787737,5.312542658431852,0.11092498898506165,0.014696583151817322,-0.13706821203231812,-0.16832441091537476
12,44,102.22419935222656,93.41909687016832,90.20925515857256,86.0333099684164,161.93335754978725,142.32493232665226,172.55674633926347,129.23334305573994,99.06082481626608,87.1877339703431,12.014944193654003,7.3857869017519135,0.10887004435062408,0.005485996603965759,-0.13752689957618713,-0.17294633388519287
12,45,98.88785311307856,86.96969487586894,92.50710864086923,88.93931978000937,160.53793622971952,140.16264210153682,169.46218275390103,127.16993983075426,98.90621653666696,86.99316195432887,6.380744472209329,1.9696249041404315,0.10183392465114594,0.0015452951192855835,-0.140243798494339,-0.17800861597061157
12,46,88.52742448084162,86.23974672070557,96.6548290318683,88.90217591470729,153.5045475054777,144.4286042336664,162.80074717282528,130.87248198842875,98.71010670364966,86.92879289532043,8.127404551026686,2.6624291940017173,0.09132404625415802,-0.0005710422992706299,-0.14214074611663818,-0.18311133980751038
12,47,88.023264923925,86.03502834205054,95.183659296647,84.02925807153218,155.76751669498344,148.87082400394883,157.5771497878709,118.61364922295424,98.25101600211097,86.98187106138262,7.160394372721996,2.0057702705183544,0.09433208405971527,-0.0025015026330947876,-0.14556139707565308,-0.1846713423728943
12,48,84.8258770184463,86.59405430595388,88.9366252423973,81.89369343964997,152.73248457024445,145.98523692267435,128.69511141840815,128.6947297899593,97.8458857622836,86.92079564085306,4.110748223950992,4.70036086630391,0.0919090211391449,-0.004495725035667419,-0.14656466245651245,-0.18606674671173096
12,49,76.34547777956384,86.53168118443917,92.4606458145444,80.91517484891186,147.9423273058387,146.0276086604032,106.3927371362901,125.18617152460155,97.647217148145,87.30894103449997,16.11516803498057,5.616506335527305,0.08546991646289825,-0.003742322325706482,-0.1502782702445984,-0.186499685049057
12,50,74.34153849476398,79.30153622210007,86.72815739536408,79.44487221710169,145.7612235494425,143.2035348331499,95.5445667892827,117.15828976660126,97.5205508391901,87.10007186212893,12.386618900600098,0.14333599500162109,0.07620717585086823,-6.940960884094238e-05,-0.1519138216972351,-0.18672850728034973
12,51,68.81104027359557,71.67907892075377,84.92799443902659,76.52319845102423,142.12586860068714,146.20228830565563,104.32050075977341,105.26265820862011,97.36074053105509,87.21158722161968,16.116954165431025,4.844119530270461,0.0633295327425003,0.0026899874210357666,-0.15045061707496643,-0.17999547719955444
12,52,62.173600168407035,73.23005797831779,78.19094555418785,67.6401939064943,137.93644633504965,145.76822709752446,98.47314136585715,106.4137834337719,96.87343427372392,87.13659963320048,16.017345385780814,5.589864071823484,0.049801960587501526,0.000208929181098938,-0.14689818024635315,-0.17179736495018005
12,53,63.51050703499263,68.05676715104981,74.74041052367768,65.3943576757084,137.59067932029902,141.34011284998314,95.07493329341159,107.41813510395116,96.09140274926857,87.23079750021834,11.229903488685054,2.6624094753414056,0.04097488522529602,-0.007780894637107849,-0.14004555344581604,-0.16658258438110352
12,54,60.4798646494312,64.78048522768422,65.84309783108748,64.18225812856713,139.0897367529694,138.6352935815899,93.80941798241513,100.37978118212493,95.83313822675834,87.26071553347576,5.363233181656277,0.5982270991170964,0.03340409696102142,-0.015298232436180115,-0.133600652217865,-0.15785273909568787
12,55,49.01797882138833,61.83033793611021,61.643279458608575,58.63581690841813,138.18925456758862,138.39747785677673,97.4537930443254,97.74057899221026,95.5655145107181,87.49008816333509,12.625300637220242,3.1945210276920832,0.02215653657913208,-0.02198350429534912,-0.12416723370552063,-0.14994686841964722
12,56,54.46276485079431,62.849180658993866,56.08527674890137,51.00716659400899,140.59011363930097,139.16162508501208,94.11276502961283,100.94972700572727,95.3221435700151,87.22080884583903,1.6225118981070636,11.842014064984873,0.009171947836875916,-0.028319016098976135,-0.11629921197891235,-0.14335554838180542
12,57,56.23133057744202,65.07200206344966,48.223825684762204,49.02510638238459,136.56592130835668,140.08421910392843,98.188760906687,100.1568134120318,94.80226143641698,87.29680073237893,8.007504892679819,16.046895681065067,0.003135979175567627,-0.03315463662147522,-0.1091148853302002,-0.13826927542686462
12,58,56.40738272874238,67.97701190391479,47.05100355995316,46.30726324631814,139.6793052129599,143.5006835477505,99.34958600499021,97.4036563428381,94.54933918446115,86.95074152671586,9.356379168789218,21.669748657596642,-0.0040033310651779175,-0.03547874093055725,-0.10277080535888672,-0.13181167840957642
12,59,62.90109209295373,61.68202013375019,41.17968088890732,43.92515578520289,143.66788871692202,142.01558181655537,97.57356640569691,98.69170563188571,93.9911400073057,86.83796177695972,21.72141120404641,17.756864348547303,-0.01091371476650238,-0.03831744194030762,-0.09560373425483704,-0.12471744418144226
12,60,55.298990995550135,55.499734259908486,35.3716281056386,40.99509406513939,142.64409113129145,141.7619059639758,100.50291614052651,102.20340981493584,93.3627149099593,86.60827073216083,19.927362889911535,14.504640194769095,-0.01987600326538086,-0.047700345516204834,-0.08542364835739136,-0.11747634410858154
12,61,67.22015448309044,57.05179003215482,37.05038992955277,38.712950705422216,149.08932683189238,144.79151691014556,97.20320255458502,103.36779844272564,93.17329192054048,86.68538531207471,30.169764553537668,18.338839326732604,-0.0234929621219635,-0.05111446976661682,-0.08061981201171875,-0.10997724533081055
12,62,64.5290321327185,57.853100699415876,33.64153238116289,38.10718363387645,148.34139758513638,145.91385419976646,100.36505268838509,100.63403419001318,93.00145552801686,86.89401335350713,30.88749975155561,19.745917065539423,-0.027764469385147095,-0.05437971651554108,-0.07099199295043945,-0.10576176643371582
12,63,56.6884076582461,55.784057246980844,39.67096739868207,37.353581433711554,146.09464090326193,145.21043781226538,97.63815393330289,102.64787732925154,92.69286547210011,86.51043124138896,17.017440259564026,18.43047581326929,-0.03230224549770355,-0.05994521081447601,-0.062031567096710205,-0.10228052735328674
12,64,57.81616115738693,49.560279137128,40.81210428288169,37.787772985985946,147.80719326297427,143.79647609924166,96.1496419233206,104.77456786660139,92.5131823050411,86.33952852467426,17.00405687450524,11.772506151142053,-0.03178156912326813,-0.06423896551132202,-0.052615344524383545,-0.09736958146095276
12,65,43.30912358182665,49.17130292239588,41.52630048188661,35.83879790095118,144.90182994156396,144.35991210284746,95.37460858875556,102.76202576025348,91.61027814323793,86.16743345205025,1.782823099940039,13.332505021444703,-0.03214506804943085,-0.06601577997207642,-0.046973079442977905,-0.09275493025779724
12,66,48.38956121054378,51.09566684966483,43.31585464521227,32.12084084292604,146.6640313029689,145.16779209396404,95.29360363602123,105.07550418230045,91.29892780330648,85.60149933392094,5.073706565331513,18.974826006738787,-0.03204865753650665,-0.06832024455070496,-0.039314985275268555,-0.09109219908714294
12,67,47.4091896497232,52.33153753756327,43.059429726544934,31.31078894746179,145.9660765635401,146.3674845390386,96.28974393076315,107.18177567588891,91.28471046972358,85.6045374324226,4.349759923178269,21.02074859010148,-0.03292113542556763,-0.07085363566875458,-0.034832537174224854,-0.08563044667243958
12,68,50.273773835562714,51.427014999512195,38.96651130553565,34.54120381108553,145.58046716751517,145.47310379921947,98.11456835313112,101.9164799744047,91.2745926049292,85.54778830796197,11.307262530027067,16.885811188426665,-0.034115150570869446,-0.07337863743305206,-0.033430516719818115,-0.08125728368759155
12,69,44.517482140980505,51.70783611742487,37.155553952809306,31.814184131065556,144.77312520950883,145.50057014621729,101.49735639903417,105.50722513572693,91.14927982458175,85.59421634477019,7.361928188171198,19.893651986359313,-0.034875378012657166,-0.07568338513374329,-0.03268122673034668,-0.07350388169288635
12,70,41.98141138718235,48.32866159805933,37.85114042875053,31.24831075444496,144.8265328716547,145.05984151608865,105.22569142252343,106.93253706051432,91.1109085026461,85.72241617843326,4.130270958431815,17.080350843614365,-0.035222843289375305,-0.07480141520500183,-0.033480048179626465,-0.06930685043334961
12,71,45.602445362614866,41.278474077198204,32.60322658415768,31.443631630019134,145.71951220514126,143.1392377281523,104.07952994188834,105.42193548903033,90.98017854409864,85.46503753628417,12.999218778457184,9.83484244717907,-0.03617772459983826,-0.0736360102891922,-0.03353264927864075,-0.06440302729606628
12,72,43.5068496854221,41.96678468741315,33.553065597538605,31.52084099710785,143.8082493800396,141.7596412823836,104.0774560619301,104.65059543479686,90.75646377807921,85.62086173885312,9.953784087883491,10.445943690305302,-0.03583768010139465,-0.07289183139801025,-0.03471869230270386,-0.059011489152908325
12,73,42.56068189458295,39.978285773039914,35.07088544116462,33.73077793471416,141.2795051540159,142.86496323242514,101.5115030992593,102.96515216540942,90.67753156003062,85.77605999557545,7.489796453418329,6.2475078383257525,-0.03567703068256378,-0.0723673403263092,-0.03629299998283386,-0.05528801679611206
12,74,47.98533340837019,38.2739785789785,32.89291238941745,32.71286749224777,142.76189259709642,139.34768888145007,100.41278247642961,101.35024160396655,90.76278213719485,85.95465559046687,15.092421018952741,5.561111086730733,-0.03542102873325348,-0.07178497314453125,-0.037492185831069946,-0.05138334631919861
12,75,49.50003772576417,44.77142181286708,33.00031268690366,31.89623858830321,143.57446089034943,142.26548857100366,100.35584424976669,101.12808150316046,90.5925446741813,86.30259345340887,16.49972503886051,12.875183224563873,-0.035612091422080994,-0.07053497433662415,-0.038536638021469116,-0.048850566148757935
12,76,49.36683123685324,45.322780309657674,33.363744153493265,32.39850055123171,144.57750835756156,141.8227201300769,100.77673911476792,101.10504893618682,90.43068166848808,86.32137606088399,16.003087083359972,12.92427975842596,-0.03583632409572601,-0.06940099596977234,-0.038996726274490356,-0.047077327966690063
12,77,53.665490887913826,44.96504986077597,36.42406696653961,32.424410079386384,146.51531944713076,141.65043705454238,100.62463533101655,100.99127565173688,90.32627052279281,86.35623659192606,17.241423921374214,12.540639781389586,-0.03612847626209259,-0.06905530393123627,-0.03985372185707092,-0.04779854416847229
12,78,53.23502974383136,43.378802870306366,36.54706999006699,33.29135711440917,146.69822269728354,140.91046452654834,100.82566974097992,102.384163509127,90.1907443821225,86.20316351706246,16.687959753764375,10.087445755897193,-0.0364302396774292,-0.06845323741436005,-0.04047048091888428,-0.04830062389373779
12,79,52.62069863984177,51.57682113176994,36.77269961903321,31.018969766750597,146.7563149693576,143.03703779595511,101.2479524574474,99.54903594296046,90.11495945994217,86.3980187568167,15.847999020808558,20.557851365019342,-0.03658752143383026,-0.06827209889888763,-0.041144877672195435,-0.04908543825149536
12,80,52.29062651558307,50.17252201557438,39.58509362695007,30.2054384562602,147.02356097326143,142.16954087358013,100.62479320457017,99.58763590078665,90.00760232466043,86.49472503929827,12.705532888633002,19.96708355931418,-0.03679975867271423,-0.06754113733768463,-0.041579633951187134,-0.050135403871536255
12,81,49.93794520945554,52.5949610964935,34.347962775190375,29.75096338909152,146.11429894771766,142.21585771443569,104.9218569133525,99.63716046575472,90.01994844704295,86.69675914442644,15.589982434265167,22.84399770740198,-0.03672763705253601,-0.06670758128166199,-0.04191097617149353,-0.05048823356628418
12,82,49.20305858856836,53.85555335847611,39.63585848173192,29.416735035641384,145.75755941939977,142.46535638195232,100.84409274514228,100.27118194240892,89.73706916890455,86.7631835216171,9.567200106836438,24.438818322834724,-0.03702501952648163,-0.06641247868537903,-0.04347419738769531,-0.050785988569259644
13,0,49.91140409143047,51.126793021797084,47.01713907325812,30.720529189605056,128.7088077853185,142.5405566076977,121.09792019110489,128.8896928724416,109.74239796493211,90.56569565115251,2.894265018172348,20.406263832192028,-0.04790222644805908,-0.08141128718852997,-0.008593142032623291,-0.06420445442199707
13,1,48.30963565038016,52.63105725581277,38.84509071865991,29.78167431729573,134.40139243517547,147.20849030628256,114.47502434498902,124.78109599042043,106.95522807225657,90.18186177216381,9.464544931720248,22.84938293851704,-0.04561567306518555,-0.08078441023826599,-0.008209794759750366,-0.06733629107475281
13,2,53.07582587032871,50.29769761584907,32.12629854782515,33.62307479122053,136.70585097401,148.26596459093352,118.5748198456226,116.34043363772007,106.959590119285,89.94819191938635,20.949527322503556,16.674622824628536,-0.0452960729598999,-0.07834194600582123,-0.008381813764572144,-0.07497864961624146
13,3,51.82512740206568,50.29769761584907,34.35183516145881,33.62307479122053,135.32300678787252,148.26596459093352,119.357161812927,116.34043363772007,107.0451099345205,89.94819191938635,17.473292240606874,16.674622824628536,-0.04448294639587402,-0.07834194600582123,-0.009277492761611938,-0.07497864961624146
13,4,54.667639677265484,46.743114725269855,35.91036095892542,33.17833308136776,134.61448548684498,149.8386691023956,115.79659258391099,118.82318785084428,106.30334296801186,89.65791507167594,18.75727871834006,13.564781643902094,-0.04488176107406616,-0.07438477873802185,-0.0136336088180542,-0.08618560433387756
13,5,54.459213741316574,46.239455595476926,37.1714362443937,36.84005885071061,134.80328648820117,149.06785945165214,115.45034689635435,113.61734230822401,106.11062795805455,89.44444591084438,17.28777749692287,9.399396744766314,-0.044813305139541626,-0.0729449987411499,-0.018747031688690186,-0.09862199425697327
13,6,45.601159888641014,60.249617280803534,43.79310514204501,44.46752434661738,138.7403234196218,150.3226826446882,108.34328440146486,108.27567346611082,105.81929630264771,89.01717821584937,1.8080547465960066,15.782092934186153,-0.042921245098114014,-0.06919538974761963,-0.02890026569366455,-0.11242398619651794
13,7,46.69721129575317,62.78851855319865,43.82362918390622,47.788804403604814,138.9623225050321,146.05609321998864,110.49320815467617,111.14116312715439,105.54833269907388,88.96742893083398,2.8735821118469502,14.999714149593835,-0.04204246401786804,-0.06636326014995575,-0.04081571102142334,-0.12902837991714478
13,8,45.95941469151212,66.54912607431432,44.607251756222624,48.731768954897674,138.26332106290394,146.4762482832992,111.37008549354012,116.29394904433664,105.71231613492301,88.74775112973052,1.352162935289499,17.81735711941664,-0.03968864679336548,-0.06114785373210907,-0.054432958364486694,-0.1460295021533966
13,9,45.284780236037534,66.54912607431432,54.02974541772227,48.731768954897674,139.35814672416893,146.4762482832992,104.40008964166161,116.29394904433664,105.10974312142635,88.74775112973052,8.744965181684734,17.81735711941664,-0.03599783778190613,-0.06114785373210907,-0.07197737693786621,-0.1460295021533966
13,10,62.36307824484365,65.7416355972352,60.04582564520567,53.92638152587876,140.54545026371756,142.98529595219898,98.69749515659385,111.2674487540149,104.46867626818094,88.55418938560575,2.317252599637982,11.815254071356442,-0.03150302171707153,-0.05701799690723419,-0.08982092142105103,-0.15739643573760986
13,11,62.66645541309404,71.90333338798743,63.07106708621804,58.39697782970386,144.0747821988945,145.26912980446815,99.16228460986301,110.9320055933744,104.13496370120865,88.31075367620997,0.4046116731239948,13.506355558283573,-0.026583164930343628,-0.04846951365470886,-0.10825788974761963,-0.17014211416244507
13,12,63.158674947598904,75.76236447601592,63.54862085315631,63.714841711619655,144.03296760312531,145.2309411486609,102.65825249095717,111.89085154044213,103.43989420536447,88.49537532028309,0.38994590555740416,12.047522764396263,-0.020865827798843384,-0.03712521493434906,-0.1196858286857605,-0.18013373017311096
13,13,64.63751449334293,86.2905972238771,73.64951883195589,69.0490112409633,140.7608971243917,150.76678688236572,97.63034059980173,116.50372849347491,102.92249476729368,88.34464589068168,9.012004338612954,17.241585982913804,-0.016980797052383423,-0.02916005253791809,-0.13042205572128296,-0.18554282188415527
13,14,72.64962993131009,86.2905972238771,79.42531557774554,69.0490112409633,141.11157267621184,150.76678688236572,95.81461278574226,116.50372849347491,102.44611891993081,88.34464589068168,6.7756856464354485,17.241585982913804,-0.010032981634140015,-0.02916005253791809,-0.14531680941581726,-0.18554282188415527
13,15,70.4882175483326,89.62905459786441,83.18899002036981,77.48362785884188,137.45738991613712,152.24453917649407,100.37368560284652,123.82301785149981,102.04649215556637,88.39198713534199,12.700772472037215,12.145426739022525,-0.0007782876491546631,-0.021147385239601135,-0.1531405746936798,-0.19054675102233887
13,16,79.46173123896085,94.08043465527673,87.07002218607884,82.78807132257124,141.97491980276405,156.0156023702927,107.9933335462812,124.29044583442304,101.6782902827536,89.03091342137448,7.608290947117993,11.292363332705492,0.01395939290523529,-0.008731916546821594,-0.15922072529792786,-0.19533756375312805
13,17,87.59534471347298,92.80524239722324,86.05959761059147,89.06118259948491,146.19848302814293,152.41428268218513,98.8885325725835,137.0297936957383,101.614416532166,89.23541868433033,1.5357471028815155,3.7440597977383305,0.02288632094860077,-0.004449963569641113,-0.1671917736530304,-0.1935730278491974
13,18,91.75548666920847,93.22184326128962,89.90033944662451,89.99547712926383,146.50783026610233,146.6408942384183,116.12359506559359,125.29032276897509,102.19207727422342,90.19579967773682,1.8551472225839518,3.226366132025788,0.030346527695655823,-0.005751162767410278,-0.17238956689834595,-0.19330048561096191
13,19,90.60076016977848,93.22184326128962,92.69675963936993,89.99547712926383,143.51563868120044,146.6408942384183,113.29843785451894,125.29032276897509,102.51158709933894,90.19579967773682,2.0959994695914475,3.226366132025788,0.036611661314964294,-0.005751162767410278,-0.17444580793380737,-0.19330048561096191
13,20,91.67281050354212,100.37242450392033,97.28090924288726,91.25384490493082,143.5676185993161,150.95898421896126,121.18830611173419,134.1572710369218,102.87227882704012,90.31159821784489,5.608098739345138,9.118579598989513,0.040013208985328674,0.0010325312614440918,-0.1716223657131195,-0.19160684943199158
13,21,93.01224360779509,98.46884448457335,101.66975177717488,95.54554386615754,146.6281047584247,142.113937479623,155.4876657637684,138.90890402932598,103.45438532077685,89.77473256240266,8.657508169379796,2.9233006184158086,0.04717722535133362,-0.01111537218093872,-0.16636860370635986,-0.19152307510375977
13,22,91.57108941292255,88.778439796338,103.52623004053004,100.97021038970894,144.55382961028792,129.76472103434094,154.40450989763823,157.16916838495547,103.53408956186563,89.36030256680614,11.955140627607491,12.191770593370933,0.04959993064403534,-0.0023989975452423096,-0.16535821557044983,-0.18704664707183838
13,23,95.75927657234521,92.67606070357955,102.10303222127973,93.3829823760536,149.58829905732233,122.08198132155967,141.68915082733162,153.989449193224,103.44660098050197,89.80640678267173,6.343755648934518,0.7069216724740528,0.06306341290473938,0.006782755255699158,-0.16181451082229614,-0.18241843581199646
13,24,81.88374627196023,101.37220792950036,103.7376323587267,96.15053686266324,133.82933804755865,134.571075615145,149.19803636642368,158.85608306928393,102.1615533266531,90.43039467446654,21.853886086766465,5.221671066837118,0.06086355447769165,0.012707635760307312,-0.16056197881698608,-0.18040922284126282
13,25,96.7970099458861,101.37220792950036,100.56479376309804,96.15053686266324,142.7510024414257,134.571075615145,169.22706746291124,158.85608306928393,101.69871940142292,90.43039467446654,3.767783817211935,5.221671066837118,0.06626096367835999,0.012707635760307312,-0.15889400243759155,-0.18040922284126282
13,26,95.5106297076105,108.70947159005497,100.22891354945466,93.77360936706285,135.63115925123773,143.24003205097102,159.39544275037355,166.4966218490305,101.20849335538003,91.6113945407629,4.718283841844155,14.935862222992128,0.07074697315692902,0.03385171294212341,-0.15848392248153687,-0.17389866709709167
13,27,104.54724972692674,117.70106125910841,98.16559017539336,91.4816997127061,142.99556439761668,147.10097093276434,171.57880284224876,173.12766272425736,100.83627349726514,92.57327286743178,6.3816595515333745,26.21936154640231,0.08035211265087128,0.041009724140167236,-0.15413591265678406,-0.16622990369796753
13,28,105.7915150076533,112.88586137033967,101.05140448247752,98.58931133105686,151.71028992856017,66.14369621402865,175.8090974693683,172.34023242416117,101.19453241015803,93.06841176396297,4.74011052517578,14.296550039282806,0.08216783404350281,0.0339059978723526,-0.14772552251815796,-0.15432581305503845
13,29,105.98940918597602,115.17672254185456,102.9048356572547,98.92432478779536,153.81826327095513,130.6730163709589,176.0632028340373,177.20651475806352,100.74083049526443,93.32970870414029,3.0845735287213216,16.252397754059203,0.08332972228527069,0.03339803218841553,-0.13618338108062744,-0.14921057224273682
13,30,105.8994254640873,115.17672254185456,101.26866588573695,98.92432478779536,158.21077741072753,130.6730163709589,176.45521955109317,177.20651475806352,101.12697081703892,93.32970870414029,4.63075957835035,16.252397754059203,0.09954842925071716,0.03339803218841553,-0.13072103261947632,-0.14921057224273682
13,31,110.687852990417,117.31585434750517,101.79449363696715,99.13425539161373,164.3527568830487,143.62441879794238,176.66946641628525,174.49282387758012,101.57045058792097,93.40494260566325,8.893359353449853,18.18159895589143,0.09954676032066345,0.041023388504981995,-0.12696939706802368,-0.1459062099456787
13,32,109.89380087779334,116.86940146837894,104.69411750154083,101.40025168464439,163.17110742032375,142.7035034366682,176.75101698987547,176.66144213648764,102.2667085808294,93.62735258092685,5.1996833762525085,15.46914978373455,0.10531289875507355,0.0487883985042572,-0.12251970171928406,-0.13856381177902222
13,33,111.15196659735963,117.05815320075898,106.94379615023686,102.48089556380602,163.25827947643887,144.31787085067646,176.08795258182224,177.27573580752386,102.90305025684741,93.65926056941022,4.208170447122768,14.577257636952965,0.11025741696357727,0.06244814395904541,-0.11870837211608887,-0.12942031025886536
13,34,114.56939526862895,121.1333930914311,103.38400513817388,98.33179977446824,164.970409364433,157.614493621697,172.93117727232547,178.22037770408429,102.63264834748153,93.53065610940784,11.185390130455076,22.801593316962865,0.12346945703029633,0.0902392566204071,-0.11811473965644836,-0.12456262111663818
13,35,117.25847818019737,121.1333930914311,103.68122019361218,98.33179977446824,166.22226080317535,157.614493621697,167.5434624737542,178.22037770408429,102.21003721626798,93.53065610940784,13.577257986585195,22.801593316962865,0.12909077107906342,0.0902392566204071,-0.1171991229057312,-0.12456262111663818
13,36,116.62833279339422,124.27706025105529,104.28979204977607,97.18959607843554,165.7348118100253,159.32372500992616,173.05136039881924,177.35684992512188,101.58640125693599,93.6610945819259,12.338540743618154,27.087464172619747,0.14204667508602142,0.09913785755634308,-0.11437571048736572,-0.12056130170822144
13,37,116.22803273742362,128.23082710689027,102.87336530371275,89.35976581242417,163.82250480313752,162.0157287639537,174.27519247532828,177.50591495756052,101.45067769175992,93.79479421464758,13.354667433710873,38.8710612944661,0.13986407220363617,0.11429567635059357,-0.11076244711875916,-0.11773675680160522
13,38,112.73670277242903,124.1758073766535,104.5197704236565,92.63325214417102,162.4247759703796,160.65300699422235,173.07682732782817,177.7054634277317,101.61365373996938,94.00998598870025,8.21693234877253,31.54255523248247,0.14055808633565903,0.11820178478956223,-0.1087462306022644,-0.11608043313026428
13,39,112.91948780961322,121.41498006980972,105.60270675185183,94.91076228255082,162.84565924876472,152.34001879506374,171.9205378737899,174.39889275169878,101.3344945031513,93.92437373766224,7.316781057761389,26.504217787258895,0.14157342910766602,0.11093665659427643,-0.11013957858085632,-0.11531215906143188
13,40,113.20270756044961,121.4257422918114,106.95712893500118,94.78752873637883,162.05448458332285,152.2212695712811,170.76383721998877,174.5459318024219,101.30343349766467,93.77743973394452,6.245578625448431,26.63821355543257,0.13950172811746597,0.10829229652881622,-0.11286765336990356,-0.11689293384552002
13,41,113.31502201581254,121.4257422918114,105.73743867523912,94.78752873637883,162.65739286884335,152.2212695712811,171.15058030370952,174.5459318024219,101.21612965257216,93.77743973394452,7.577583340573426,26.63821355543257,0.14103835076093674,0.10829229652881622,-0.11432650685310364,-0.11689293384552002
13,42,111.84201701045042,122.99976042332236,109.17221690346425,93.32873557309051,163.81278909777706,157.4875182490018,170.35711399638174,176.8483234099955,101.41123821736525,93.5944175874873,2.669800106986173,29.671024850231845,0.14008823782205582,0.10638786852359772,-0.11511167883872986,-0.11820101737976074
13,43,116.26178772281,122.56888073711923,105.39741918132832,92.44023978832317,166.35306875023736,151.3616595372262,169.76141620342202,175.30627385662495,101.39605507079993,93.25922955669621,10.864368541481682,30.12864094879606,0.1262817084789276,0.09396752715110779,-0.1157262921333313,-0.12048301100730896
13,44,111.19891544245064,118.5235219761926,107.7161851177241,93.97526223578629,163.9069857686294,145.440144572549,172.26844278489813,178.23317052142372,101.70830446814581,93.13143908030035,3.482730324726546,24.54825974040631,0.12109379470348358,0.07162176072597504,-0.1171150803565979,-0.12552812695503235
13,45,105.06482106827896,110.80151334186353,108.10318336511617,97.55609930365311,160.17676414383718,134.197427429199,169.91528338747702,176.95265079102217,101.51467310863676,92.7724437337535,3.0383622968372066,13.245414038210413,0.12256912887096405,0.06613390147686005,-0.12291780114173889,-0.1331067979335785
13,46,102.61119819205769,110.80151334186353,105.94998578723701,97.55609930365311,160.9861622290616,134.197427429199,174.1337785632746,176.95265079102217,100.81887885384502,92.7724437337535,3.338787595179326,13.245414038210413,0.11766573786735535,0.06613390147686005,-0.1262015402317047,-0.1331067979335785
13,47,100.25926810079235,107.21874852432198,102.33217776308518,99.72819994762754,142.53733581647302,134.9608648420633,179.0346731032186,172.7527994853582,99.48416439857343,92.1690501462779,2.0729096622928296,7.490548576694437,0.10377556085586548,0.061042770743370056,-0.13594600558280945,-0.13840770721435547
13,48,91.65074328972541,104.83426285887334,102.98707432618758,99.4782115696541,132.12833090463437,141.281330556471,176.748581700248,173.3860976741942,99.78554155060266,91.20193696415356,11.33633103646217,5.356051289219238,0.09823936223983765,0.056776732206344604,-0.1405375897884369,-0.1462031602859497
13,49,92.73512711787457,97.92143294884731,101.30075616528401,96.73755665477493,141.0934273827343,133.9030709161805,175.1649334953328,173.22831570776918,100.15485501163336,89.87954392375077,8.565629047409445,1.1838762940723768,0.09202650189399719,0.049482643604278564,-0.13988149166107178,-0.15408653020858765
13,50,90.27648936141767,92.37709355587315,102.40534592245967,93.83908833696253,147.39647543893133,132.921490313025,176.2974071173141,173.02106439528774,101.11354572455147,89.82091366126579,12.128856561042,1.4619947810893876,0.07702414691448212,0.049353718757629395,-0.14035940170288086,-0.15934345126152039
13,51,96.34521901778417,92.0908858001768,101.19151011484477,91.90884516929437,159.67719055462987,138.54182037588072,176.8982445410426,147.35966856465416,101.40589567036524,89.83963916583926,4.8462910970606,0.18204063088244027,0.08120021224021912,0.03266894817352295,-0.1379786729812622,-0.16161900758743286
13,52,93.88372598813004,92.0908858001768,105.98997755582488,91.90884516929437,154.44258976127213,138.54182037588072,167.13003987329924,147.35966856465416,101.74532840919582,89.83963916583926,12.10625156769484,0.18204063088244027,0.06415398418903351,0.03266894817352295,-0.13813409209251404,-0.16161900758743286
13,53,89.99068339480023,90.46710346950756,106.1726349292153,91.42409534532196,155.0674455651501,141.81583417989154,165.58017349286092,109.79489459793082,101.6403476775747,89.68973173912956,16.181951534415077,0.9569918758143956,0.06982573866844177,0.025220006704330444,-0.14189404249191284,-0.16715100407600403
13,54,83.17647042389368,90.56758029199729,108.3321857642668,92.57399930547331,148.40921213443622,148.37070966842154,162.81785800683173,124.46394426421033,101.75285391259781,89.56033631998851,25.15571534037312,2.0064190134760196,0.06686179339885712,0.016263768076896667,-0.14513304829597473,-0.17043831944465637
13,55,84.04334498976483,91.41196461221446,100.85774268973256,87.71495204217953,142.32175436046705,144.6444138596613,144.1106754326073,122.41688218848321,101.24890494605627,89.41705129323262,16.814397699967728,3.6970125700349286,0.058965086936950684,0.002883806824684143,-0.1487751603126526,-0.17502203583717346
13,56,81.15879115928476,94.12118977188807,96.27215020193854,86.28175490315326,139.18837531586317,149.17961911668095,125.02103745593034,119.95786616646355,101.0968230257042,89.53941083838494,15.113359042653784,7.839434868734813,0.060494765639305115,-0.012953445315361023,-0.1522173285484314,-0.18131983280181885
13,57,75.30686517286584,94.12118977188807,90.77077746218261,86.28175490315326,138.41166882835327,149.17961911668095,99.63534498057174,119.95786616646355,100.69517800548023,89.53941083838494,15.463912289316767,7.839434868734813,0.05832171440124512,-0.012953445315361023,-0.15461301803588867,-0.18131983280181885
13,58,74.57052889489249,85.66809577084398,90.21896108877432,86.5736470930587,142.64087525013773,149.27051686434783,108.15120078333811,118.75793314275474,99.991618813261,90.07119627273397,15.648432193881831,0.9055513222147198,0.053972527384757996,0.0013127028942108154,-0.1572062075138092,-0.18263399600982666
13,59,71.52850701075091,82.68017080903121,84.97671495863713,86.60715409683283,143.00379608294068,149.71454112764556,99.32184783188985,121.40174012587792,99.47993891301661,90.76371441136382,13.448207947886218,3.926983287801619,0.04818044602870941,0.007061958312988281,-0.15311762690544128,-0.18322256207466125
13,60,71.23219924609936,82.93250038114984,80.92345085519055,83.90024025612338,140.91807835366558,152.10167180914948,93.53630459252688,110.24399652796163,99.31764836551955,91.20531160965972,9.691251609091196,0.967739874973546,0.036006733775138855,0.01367218792438507,-0.147832453250885,-0.1826774775981903
13,61,62.819123235052665,75.88328970478578,77.69273714927967,82.24123687225409,137.52694411883436,149.8145460761754,103.24409012146229,111.91067895978938,98.4901974024054,91.29652824187441,14.873613914227,6.357947167468311,0.025218099355697632,0.01681426167488098,-0.14243876934051514,-0.17812427878379822
13,62,57.64434936878636,75.88328970478578,69.34778095467118,82.24123687225409,136.48012286588957,149.8145460761754,100.83931360132416,111.91067895978938,98.31345526531393,91.29652824187441,11.703431585884822,6.357947167468311,0.01789511740207672,0.01681426167488098,-0.13727283477783203,-0.17812427878379822
13,63,53.47047594762989,72.42972154219609,65.84319422757606,74.8049004148105,130.55129340106689,150.9243524225454,97.37244640612873,102.49847234923406,97.70303964070405,91.42652212635242,12.37271827994617,2.3751788726144127,0.011350050568580627,0.014927133917808533,-0.1303994059562683,-0.17071950435638428
13,64,58.435634227566666,72.83127603978444,63.7336934682646,68.09276274263556,139.85933560113364,151.65676586223321,96.35452952853767,101.34029373273384,97.6217819602188,91.77505735186631,5.298059240697931,4.738513297148884,0.005167186260223389,0.011342093348503113,-0.1195192039012909,-0.1667085587978363
13,65,53.56368760203053,69.05980624803075,58.71382841908764,63.26261501396373,140.3654072694028,150.21945051711427,94.42130453305228,104.11720736242553,97.61730439379383,91.67067402259919,5.150140817057114,5.7971912340670215,-0.0007730871438980103,0.0007210075855255127,-0.11184784770011902,-0.16024023294448853
13,66,57.437614246587856,63.557181923443636,50.91257368898222,63.20757014039621,143.08849716013324,149.2787428836572,95.82917200705681,101.90279926771316,97.58645894926384,91.68257670779884,6.525040557605635,0.349611783047429,-0.00665263831615448,-0.003141462802886963,-0.10769176483154297,-0.15373507142066956
13,67,57.73269319492836,60.25350077839993,50.439350695472136,57.79001841769649,142.41587905801126,142.09930829069413,95.51040847859555,97.53035030448564,97.57725911162663,91.5781235772956,7.293342499456223,2.463482360703445,-0.010910794138908386,-0.01110200583934784,-0.10419398546218872,-0.1477072536945343
13,68,57.64161233879374,60.25350077839993,43.96737929168773,57.79001841769649,143.85358630361316,142.09930829069413,97.37803900106428,97.53035030448564,96.77401118754227,91.5781235772956,13.674233047106014,2.463482360703445,-0.015191704034805298,-0.01110200583934784,-0.09540718793869019,-0.1477072536945343
13,69,53.36772707463284,61.35562426712881,46.315815298412154,52.40714759574492,145.57425363172334,146.36481250710503,94.76890945130683,98.92943901398799,96.59617940488832,91.35564575430179,7.051911776220685,8.948476671383894,-0.02148444950580597,-0.01450251042842865,-0.08954587578773499,-0.1376626193523407
13,70,55.0318335326037,62.54680407674387,39.04163625322738,50.174629912976634,146.04830321063332,146.4764138037762,96.89104805455392,96.54875533768976,96.45271172333128,91.25546713018619,15.990197279376318,12.372174163767234,-0.028478816151618958,-0.019122809171676636,-0.0853005051612854,-0.1333928406238556
13,71,45.28442983965459,58.36469832395425,40.54623396360204,49.06051150684476,145.44636024529888,146.39947730851839,98.93320599602157,99.95535746988176,96.19417952569873,91.10313874066755,4.738195876052551,9.304186817109489,-0.0298730731010437,-0.023589596152305603,-0.0800982117652893,-0.12995320558547974
13,72,46.89964033365111,61.12917378656757,40.44056633389122,45.22335209190859,147.40624481386075,149.61529490708008,98.5543951512392,98.25911102241992,96.24744021312715,90.72682961542937,6.459073999759887,15.905821694658982,-0.031081199645996094,-0.027664169669151306,-0.07447415590286255,-0.1262902319431305
13,73,44.61751393779975,61.12917378656757,40.93632405183622,45.22335209190859,148.4318295962656,149.61529490708008,102.77025548839815,98.25911102241992,96.4601252417795,90.72682961542937,3.6811898859635264,15.905821694658982,-0.03471402823925018,-0.027664169669151306,-0.06602269411087036,-0.1262902319431305
13,74,35.15101304702385,55.45293342019519,42.27338662896293,42.93273896022788,147.20705381811143,147.62905431919506,104.11665027143246,101.69480444114792,96.46930031775294,90.25021369546594,7.12237358193908,12.520194459967307,-0.037006765604019165,-0.032411232590675354,-0.058393508195877075,-0.11967909336090088
13,75,37.43397430762075,52.95275293836624,42.12838557941077,43.235323248980585,146.8361844805441,147.61088759770703,105.18143749216098,100.01170892120672,96.44904463258057,90.22404008778733,4.694411271790017,9.717429689385654,-0.03942328691482544,-0.039601534605026245,-0.05011337995529175,-0.11571714282035828
13,76,34.83336361322819,53.08283414474589,38.28711583574692,42.56503357392969,145.3167323087406,149.45462880907692,105.16341728352363,99.41888431176784,96.45781980912776,89.85838255114383,3.4537522225187303,10.517800570816199,-0.04266241192817688,-0.04725326597690582,-0.047700971364974976,-0.1120624840259552
13,77,37.14543440947498,52.4522988607552,39.479284654702994,36.75070742864675,145.22312135996566,149.00876221762553,104.82916514887002,107.31747157567013,96.48887048208418,90.26506591973705,2.333850245228014,15.70159143210845,-0.04552808403968811,-0.053115472197532654,-0.04663357138633728,-0.10985985398292542
13,78,41.04364693427096,52.4522988607552,39.43388949680501,36.75070742864675,146.28391501152362,149.00876221762553,103.45544859217534,107.31747157567013,96.45501919606649,90.26506591973705,1.6097574374659516,15.70159143210845,-0.0476408451795578,-0.053115472197532654,-0.04528099298477173,-0.10985985398292542
13,79,41.188400309194954,55.045738089720125,34.371438262175026,36.606827055514536,145.0135553104703,150.4478441612254,104.18208044408249,108.49391708247963,96.23026648061905,89.9007115747411,6.816962047019928,18.43891103420559,-0.049130454659461975,-0.058696821331977844,-0.044923752546310425,-0.10743731260299683
13,80,41.03494692919271,48.573922462006024,33.27501223836868,36.045520988421416,144.35535220714755,148.2716048569512,103.93654358140485,107.99752564688595,96.15068224362639,89.20992446997099,7.759934690824025,12.528401473584609,-0.049992263317108154,-0.06258244812488556,-0.04374000430107117,-0.10466417670249939
13,81,40.919794048875616,46.15262531376019,31.733617981677845,35.7604775319302,143.60704620445483,149.0077065008651,105.0587782864208,111.53281849200759,95.92874938605422,89.05809646657798,9.18617606719777,10.39214778182999,-0.050936371088027954,-0.0665542483329773,-0.04219833016395569,-0.09894394874572754
13,82,37.68172692035068,42.91059304791575,33.120808159040564,36.610679890383125,143.72556764786435,148.93236011506278,106.02617199418565,113.43614603013171,95.89074103394486,89.12606598248806,4.560918761310113,6.299913157532622,-0.051100775599479675,-0.07038909196853638,-0.04175260663032532,-0.09272545576095581
13,83,33.38138990516641,36.04413139572248,35.12123881926201,37.76174949668154,144.37890724992837,147.29899616885524,110.23622766597057,112.02101557082841,95.66158239066932,89.22106508239506,1.739848914095603,1.7176181009590579,-0.05183941125869751,-0.07179033756256104,-0.04149425029754639,-0.08740147948265076
13,84,38.97029745729639,36.04413139572248,29.71178592140264,37.76174949668154,144.0220700677598,147.29899616885524,107.41361597409563,112.02101557082841,95.57395164624687,89.22106508239506,9.25851153589375,1.7176181009590579,-0.052146315574645996,-0.07179033756256104,-0.0411355197429657,-0.08740147948265076
13,85,39.47365969153687,38.83991480922373,33.203563638635,39.87712241734736,143.96313202075007,147.68514082685928,102.67273257178552,108.45310159352972,95.47958695330259,89.14387085866984,6.270096052901863,1.03720760812363,-0.05280318856239319,-0.07337206602096558,-0.04180234670639038,-0.0827336311340332
13,86,37.427234845930975,43.26273401402341,33.51802702752892,41.15990040379094,144.09022147753348,148.9994352264029,105.84923435810109,106.00634800979464,95.34377665637157,89.89952259561079,3.9092078184020522,2.102833610232466,-0.054479360580444336,-0.07550513744354248,-0.04223364591598511,-0.07956871390342712
14,0,70.13047529686695,50.37822372113536,64.6389912569022,40.8005366653117,142.9870323048304,146.63983676137417,106.77826977775435,116.10301979335938,95.38550554243763,87.48054029980574,5.491484039964746,9.577687055823667,-0.07088498771190643,-0.07919585704803467,-0.14465928077697754,-0.08078190684318542
14,1,78.23166647092836,51.42717462019269,63.96854218389544,38.16511139165976,144.74781778263429,147.41792691621052,103.58181668351801,112.26659268127267,95.24279229798233,87.65341937116058,14.263124287032923,13.26206322853293,-0.06707696616649628,-0.07653553783893585,-0.14911717176437378,-0.08950439095497131
14,2,82.11101302145272,57.78808895930632,68.89345168681727,39.180583115177356,144.74942296726988,147.84844009521998,103.6990759075974,111.82326108164509,95.50022817789404,87.7189009925174,13.217561334635448,18.607505844128966,-0.06426458060741425,-0.07471971213817596,-0.16043907403945923,-0.1039433479309082
14,3,86.16934032681512,58.84222494721438,75.43130625420935,41.9672433324004,145.65330596904818,147.79442668961872,111.58556768031099,115.94847555218807,95.81121884331752,87.71237557906973,10.738034072605771,16.874981614813983,-0.06192833185195923,-0.0705070048570633,-0.17375651001930237,-0.1192559003829956
14,4,92.12859106787587,58.84222494721438,79.29808032146674,41.9672433324004,146.36042589925214,147.79442668961872,114.50688339339973,115.94847555218807,96.06480378462274,87.71237557906973,12.830510746409132,16.874981614813983,-0.05252748727798462,-0.0705070048570633,-0.1802676022052765,-0.1192559003829956
14,5,98.92082444267645,62.232767729441335,83.97431361281703,47.01527038332279,147.9589438694661,147.93125277616596,118.06504663450859,116.74222970704402,96.51960115916576,88.01049738772728,14.94651082985942,15.217497346118542,-0.047512561082839966,-0.06534066796302795,-0.18380287289619446,-0.14028242230415344
14,6,99.9856501531267,67.15804555797003,87.43599730613475,53.79061046863922,151.03197408914514,147.94034849997283,122.22120228654589,105.88552760891837,97.31681505314504,87.98773739422926,12.549652846991947,13.367435089330804,-0.030951038002967834,-0.05757473409175873,-0.18395784497261047,-0.15198269486427307
14,7,102.74684428380378,68.46229768158035,94.0313330392504,57.22648233613147,153.77367617775494,145.12111912227257,122.26985052509323,107.94793470240086,97.99392274203372,87.71420821886689,8.715511244553383,11.235815345448884,-0.0185793936252594,-0.049988508224487305,-0.18353471159934998,-0.16049492359161377
14,8,105.64514595382228,73.32992011754313,98.24664654444231,63.790782003935725,155.08534014281258,144.17719841210726,126.90030377676173,106.38494970505147,98.94246021297033,87.95214222128452,7.398499409379966,9.5391381136074,-0.014192521572113037,-0.039593666791915894,-0.17762580513954163,-0.1723724901676178
14,9,82.61995859144699,80.77044883617442,110.29598072673924,67.58655898738799,113.80000070288382,144.60391898827086,154.35869322251392,109.52883835638713,97.93824361908068,87.8467085436212,27.676022135292257,13.183889848786436,-0.07577088475227356,-0.02906644344329834,-0.16944986581802368,-0.17913007736206055
14,10,100.73470908501862,80.77044883617442,106.75408625525239,67.58655898738799,125.40412381003082,144.60391898827086,156.84274536064632,109.52883835638713,97.93231552009811,87.8467085436212,6.019377170233767,13.183889848786436,-0.08074724674224854,-0.02906644344329834,-0.1667502224445343,-0.17913007736206055
14,11,104.02109692398133,90.96361919369647,105.17817217010911,69.71508862787827,109.72760847440449,149.51081901829144,171.20533375596423,112.47930138311916,98.12459755783432,87.74253747956377,1.157075246127775,21.2485305658182,-0.09234853088855743,-0.016335278749465942,-0.16495564579963684,-0.18391180038452148
14,12,113.14013240521439,91.42306465843171,96.50030205897485,74.83569321170262,135.37983916694455,147.83403037725486,159.29032997034568,126.66767594332133,98.7060758400111,87.88829536675128,16.639830346239535,16.587371446729094,-0.0386364609003067,-0.008984744548797607,-0.15592220425605774,-0.18764269351959229
14,13,121.28035449359786,93.4732275052438,93.43141155205538,81.46501396811315,143.38655332516308,147.76440791377746,166.34592632599345,136.28946049741344,99.41505740253348,88.0460212620135,27.848942941542475,12.008213537130644,0.0014935284852981567,-0.0018345266580581665,-0.15086525678634644,-0.1905108094215393
14,14,118.28399417069107,96.50864882160968,102.56331511141548,84.73220714839285,136.51714309769451,148.1954758385859,170.57442831675795,146.68730700411007,99.97153260964284,88.5429994257229,15.720679059275597,11.776441673216837,0.019730612635612488,0.0011389702558517456,-0.14586925506591797,-0.19004791975021362
14,15,114.83416305348133,97.61395107663834,106.37200547535038,86.08772089116992,116.00543545566934,150.21621568389662,169.20100178382964,124.2716826861115,100.16505328701142,88.88588113976564,8.462157578130956,11.526230185468421,0.018581077456474304,0.0013795644044876099,-0.14009368419647217,-0.18919244408607483
14,16,115.29363460447101,94.79912305249044,107.68130521646057,90.79823345008266,101.11862657411965,144.936319170176,165.60895448412833,134.25142473161,100.12321293948091,89.44558393020182,7.612329388010437,4.000889602407781,0.019863605499267578,0.00513787567615509,-0.13552123308181763,-0.18796077370643616
14,17,115.46852725771436,94.79912305249044,109.14713193818413,90.79823345008266,113.37888140583979,144.936319170176,167.42122044571835,134.25142473161,100.34108865163886,89.44558393020182,6.321395319530225,4.000889602407781,0.033845409750938416,0.00513787567615509,-0.13323089480400085,-0.18796077370643616
14,18,113.88301116657455,93.44436055526837,111.28619417602306,92.59834777109793,119.38786366483494,131.15650978045716,167.7945031376154,157.09755276065127,100.31957133632254,88.76423432179043,2.5968169905514884,0.8460127841704406,0.04434293508529663,-0.004581019282341003,-0.1271107792854309,-0.18806743621826172
14,19,113.56884089838782,91.18815015708091,111.46839223458338,88.30034849287993,119.59087622461398,121.2368225440293,163.63030270612583,163.18532218281135,100.4463920281451,88.87557392764532,2.1004486638044426,2.8878016642009783,0.04717576503753662,0.0010585039854049683,-0.12512436509132385,-0.18282589316368103
14,20,112.81983388784025,92.4873220165359,113.42490494881623,90.64278801898982,91.87104021178774,117.15842053360507,160.12121764626764,157.7258127362179,100.50911437367297,89.22748491445591,0.6050710609759875,1.8445339975460797,0.04212437570095062,0.020437896251678467,-0.12334862351417542,-0.17757558822631836
14,21,112.16885118655921,100.93838381003467,112.55081661456056,91.56443396987001,122.99424459047046,125.05725125540478,164.5469779879171,169.64131232135884,100.33176225262375,89.42401924310228,0.3819654280013509,9.373949840164656,0.04888667166233063,0.01902604103088379,-0.12173464894294739,-0.17633605003356934
14,22,112.99606114415955,100.35151076599972,109.81220230792177,94.47370611490982,129.19689163584715,124.03787031006263,166.4679489211808,170.38058566861523,100.07810352436388,89.73906415005843,3.183858836237789,5.877804651089903,0.049944937229156494,0.04044152796268463,-0.1219748854637146,-0.1685250699520111
14,23,109.00735912271104,106.14114611279798,109.2034577180937,95.6981240613857,77.53755090729965,132.56141757906846,156.53650973397498,173.52596320119008,99.92692287564361,90.40162703833693,0.19609859538266505,10.443022051412285,0.048511654138565063,0.056690871715545654,-0.12376546859741211,-0.16221395134925842
14,24,110.23376397450455,106.14114611279798,108.39612855335403,95.6981240613857,86.30071694186044,132.56141757906846,155.8599930355456,173.52596320119008,99.40923041000147,90.40162703833693,1.837635421150523,10.443022051412285,0.04069475829601288,0.056690871715545654,-0.126278817653656,-0.16221395134925842
14,25,108.03034058403645,112.61417185628254,106.13407189884151,93.0166282091839,89.638908656046,135.10071578852293,160.17396290412296,174.69199026484662,99.01768595285402,91.03853026781776,1.89626868519494,19.597543647098632,0.034590497612953186,0.05459858477115631,-0.12657219171524048,-0.15383443236351013
14,26,111.62390684352937,114.94572156256659,101.0700402273398,92.5305854060139,129.13858274864688,120.44729214677402,170.77724825789142,173.81933707161815,98.64916321276229,91.61799545537862,10.553866616189566,22.41513615655269,0.04723188281059265,0.05078832805156708,-0.1280541718006134,-0.14818644523620605
14,27,107.42453716849896,107.85826727675261,98.46565339870199,103.05140900942801,133.04755865242794,38.283489577084104,169.8867846341272,173.58878102873857,98.38835481350512,91.86560553394322,8.95888376979697,4.8068582673246,0.06062687933444977,0.037071555852890015,-0.13010263442993164,-0.14452910423278809
14,28,97.79975957068758,111.71421988700376,106.56459995663018,102.50390900383073,124.9461253797977,102.48891591665497,165.11191669022412,173.25505041654984,98.27913787165447,92.17152477897388,8.764840385942591,9.210310883173037,0.05014815926551819,0.03908470273017883,-0.13864585757255554,-0.13574138283729553
14,29,98.95844375676968,120.06833313624352,105.07642448857314,96.72083912420325,132.54264166347346,151.06881817875862,167.7004948427139,176.3391840157807,96.96059899636924,92.54949724721865,6.117980731803456,23.347494012040272,0.03774385154247284,0.06476372480392456,-0.14686164259910583,-0.13095062971115112
14,30,92.61535169546976,119.48002803046018,103.35097362705535,97.90634321362342,120.77358473420026,154.76071725095923,166.7852246797708,177.26889289138202,95.39271864621016,92.42332938049121,10.735621931585598,21.57368481683676,-0.0005079358816146851,0.085807666182518,-0.15111875534057617,-0.1283196210861206
14,31,92.9777373453369,119.48002803046018,101.59402505903971,97.90634321362342,127.36805356400636,154.76071725095923,168.38187212960378,177.26889289138202,95.55813902065864,92.42332938049121,8.616287713702803,21.57368481683676,-0.01238889992237091,0.085807666182518,-0.1542816460132599,-0.1283196210861206
14,32,102.95821999137299,121.28781186958666,100.9864061842255,96.757606506713,144.93631141730333,158.9793589492825,164.62496875295756,176.96466697781057,95.75656333833638,92.30241664603155,1.971813807147484,24.53020536287366,-0.007780686020851135,0.09469074010848999,-0.15596383810043335,-0.12069487571716309
14,33,100.59772921479944,124.40321297193032,100.81350733225463,92.00027303885162,143.29914305548246,161.07027483419236,145.64250659415825,176.50539553872682,96.35696806276779,92.28391851925618,0.21577811745518716,32.4029399330787,-0.009261056780815125,0.11051609367132187,-0.15858042240142822,-0.11634993553161621
14,34,100.65373705436794,122.7775335212784,99.03001361847559,93.113981138182,147.88704394068728,160.22317256221893,143.33723066500872,175.31037984892126,96.68592152460678,92.26290646593581,1.6237234358923445,29.663552383096402,0.0036904215812683105,0.10895666480064392,-0.15943333506584167,-0.1146915853023529
14,35,98.458210178133,121.08865241281319,96.77570275573741,95.33109676053371,149.04273006707928,159.1155957052064,116.78374293102293,176.61231703947146,97.01500849516088,92.30143139131897,1.682507422395588,25.75755565227948,0.009899303317070007,0.10124070942401886,-0.16237157583236694,-0.11326026916503906
14,36,93.10515706369459,120.51285139190139,93.77231719904884,92.88753207909144,145.04841642242914,161.24088913151195,129.99429737454375,177.89659662225517,97.05039922343795,92.24172574584665,0.6671601353542513,27.62531931280995,0.012419193983078003,0.10976627469062805,-0.1648770570755005,-0.11280056834220886
14,37,90.7762141131709,120.51285139190139,89.7141632603854,92.88753207909144,145.67670370187318,161.24088913151195,122.67157732936313,177.89659662225517,97.27954853933083,92.24172574584665,1.0620508527854895,27.62531931280995,0.014479368925094604,0.10976627469062805,-0.16671836376190186,-0.11280056834220886
14,38,87.33390900958926,121.78116284583582,87.88334390180029,90.82967462612503,145.77258241187275,159.95090402959173,121.48456512674247,177.66905704446967,97.09910314283977,92.0585089710696,0.5494348922110248,30.951488219710797,0.014529824256896973,0.10398133099079132,-0.16743206977844238,-0.11355584859848022
14,39,85.19412231055873,121.75407737102101,85.17848754955085,88.5197303646832,145.48943660521965,154.7151327478083,115.78301602171997,177.76386086571114,97.19178125805958,91.9320907330229,0.015634761007873976,33.23434700633781,0.01867768168449402,0.09953223168849945,-0.16971975564956665,-0.11466836929321289
14,40,80.6203417050822,120.60148054564353,83.63707267669002,89.39750878380144,144.3662678361148,147.28106156684453,111.07026633097016,177.41396375380947,96.64140700130122,91.67489688545828,3.016730971607828,31.203971761842084,0.01989288628101349,0.087998166680336,-0.17288273572921753,-0.11761540174484253
14,41,80.4009563526425,117.84333505244412,82.16892412841516,88.05268668093719,145.56613285198043,148.3175003586881,115.18494702242914,176.6447229115973,96.30021536247624,91.4348766327162,1.7679677757726608,29.790648371506933,0.02016042172908783,0.08737687766551971,-0.1742059588432312,-0.1194789707660675
14,42,73.13319087055275,116.44124237328838,83.27319300682026,88.81892634558463,141.24487343851433,146.18194697754427,112.37251282444775,175.20592045075705,96.16905936320738,90.49623765966363,10.140002136267512,27.622316027703746,0.015870213508605957,0.08381624519824982,-0.17426276206970215,-0.12610426545143127
14,43,65.23289183790294,108.82590692483532,82.88188318344075,92.6268809779518,137.245407485897,147.52434551788784,107.38218695820643,173.85983307419494,95.74065867965479,89.85304101300801,17.64899134553781,16.199025946883523,0.009454652667045593,0.08045348525047302,-0.1681402623653412,-0.1292925775051117
14,44,66.83818443482467,108.82590692483532,79.39913133683714,92.6268809779518,139.85957286786658,147.52434551788784,104.33814277825215,173.85983307419494,95.19916309617754,89.85304101300801,12.560946902012475,16.199025946883523,0.0053979456424713135,0.08045348525047302,-0.16665339469909668,-0.1292925775051117
14,45,64.34618685878323,105.43844601550947,77.56624306589946,95.93214002908827,136.2166561916907,142.85234411935545,103.23487539563183,174.77985968949474,94.19745220895948,88.96708759423477,13.22005620711623,9.506305986421197,0.0005408376455307007,0.07145333290100098,-0.15996548533439636,-0.1390361189842224
14,46,72.77035736917493,100.15579517552545,71.97087809322691,94.35194502703638,139.0994636332364,134.49126215303133,95.2178935544591,173.83633166359962,93.9209692899829,87.78082084940027,0.7994792759480163,5.803850148489076,-0.003304019570350647,0.05655604600906372,-0.15797755122184753,-0.1462976336479187
14,47,72.46790338359355,103.32781454078271,63.74736746829591,86.24580836239255,141.0645727885505,128.39878557479958,101.87742044980266,172.03583428913126,93.6269469499084,87.61428640335379,8.720535915297638,17.08200617839016,-0.007586300373077393,0.04848502576351166,-0.15347105264663696,-0.14856502413749695
14,48,68.85584360401594,95.04470839894007,61.30510603567501,90.00919711672088,140.98783400810638,126.85993607778262,100.65081425059743,168.9069215437572,93.49825683715525,87.18930246654995,7.550737568340935,5.03551128221919,-0.010166972875595093,0.040717512369155884,-0.14872193336486816,-0.15287446975708008
14,49,67.11046530235295,100.61698942150454,59.35673971573337,88.59107580189189,141.4085302629358,147.7576470220998,97.81333454178889,166.06988061195602,93.36384291007614,87.29661969151363,7.753725586619581,12.025913619612652,-0.013770192861557007,0.025127455592155457,-0.1434168517589569,-0.15517550706863403
14,50,66.47081323892884,100.61698942150454,55.98714163292674,88.59107580189189,142.69732059659148,147.7576470220998,96.67588680262143,166.06988061195602,93.31447449166721,87.29661969151363,10.483671606002098,12.025913619612652,-0.016930490732192993,0.025127455592155457,-0.13790211081504822,-0.15517550706863403
14,51,64.02091435083338,97.62299026766995,50.48904012712615,86.7722207569548,144.24687037115828,141.77678033871842,96.53240805157866,133.77379374852384,93.42223436224027,87.09595637676283,13.531874223707227,10.850769510715153,-0.017659097909927368,0.007915526628494263,-0.12871962785720825,-0.16153311729431152
14,52,70.37356371943271,98.19904512174247,46.91487828762391,84.7858022756608,147.32894113248227,145.0127865944821,96.19363580862343,140.33097090819103,93.14675577866636,87.61867526506948,23.458685431808803,13.413242846081673,-0.01954546570777893,0.004919230937957764,-0.12399411201477051,-0.16460227966308594
14,53,57.78646278264291,90.64419166491334,40.42810761261465,88.66982329206392,142.46933866673663,143.72767761462248,99.97063372563701,145.6962189904737,93.17838341996367,87.99036571286474,17.358355170028254,1.974368372849412,-0.02188485860824585,-0.004421442747116089,-0.11706563830375671,-0.16762328147888184
14,54,57.976918880052196,85.44037082801391,37.78431787604471,88.80756881377778,144.2335403396835,144.0372768791328,98.87998134190748,134.38027772298318,93.01131290723264,88.4241313411143,20.192601004007486,3.367197985763866,-0.026242688298225403,-0.0016984939575195312,-0.11084213852882385,-0.17223864793777466
14,55,53.13174101035526,89.04509157827833,36.11152441159426,84.60501097215364,144.2113927812201,148.79625783925923,102.59097231269142,133.3293025226134,92.9235405730919,89.01661832407515,17.020216598761003,4.440080606124695,-0.03057876229286194,0.0025368183851242065,-0.10641098022460938,-0.173161119222641
14,56,53.1821730186368,87.37716467418393,36.72118027127419,80.55994229559708,145.67320298240864,150.36862375428444,102.35359813950552,127.06321279179505,93.02094105369468,89.08283823154743,16.46099274736261,6.817222378586848,-0.031950756907463074,0.007659927010536194,-0.10028013586997986,-0.17638492584228516
14,57,55.20454074055242,87.37716467418393,34.80038665508457,80.55994229559708,147.12932421245154,150.36862375428444,103.0686188910632,127.06321279179505,92.81826935698278,89.08283823154743,20.404154085467844,6.817222378586848,-0.03458970785140991,0.007659927010536194,-0.09654098749160767,-0.17638492584228516
14,58,57.249963017141305,79.57635658350978,33.89269962472261,80.49562549414165,147.80634798947136,148.62203548681055,100.00662541036586,126.1601413255078,92.39854616056834,89.89271330268882,23.357263392418695,0.919268910631871,-0.039733514189720154,0.012282207608222961,-0.09238201379776001,-0.17634570598602295
14,59,49.96431815861644,72.0862214849756,33.640173529256636,82.69973528614386,147.64067547918378,148.4782888072864,105.95118538933848,122.36051646099214,92.23282312893244,90.28881043092221,16.324144629359807,10.613513801168267,-0.042440518736839294,0.014386042952537537,-0.08573734760284424,-0.1768328845500946
14,60,47.32171080023897,67.09157982612699,30.608769154059235,78.90982064708984,148.81187076086846,147.05472978229253,111.17854966052913,109.3239488720529,92.04874762134648,89.74406110995452,16.712941646179733,11.818240820962856,-0.04669769108295441,0.006524026393890381,-0.07905840873718262,-0.17259791493415833
14,61,41.47713471743333,68.66768958031444,29.341066559028487,73.51887221774165,148.100170906027,145.4260989682066,113.81123271265727,101.51516665133508,91.70408442563271,89.68713939320104,12.136068158404843,4.8511826374272005,-0.049404338002204895,-0.0022016316652297974,-0.07024762034416199,-0.16783636808395386
14,62,37.76937064464893,65.0464402895332,26.265486402747126,68.0388170178684,149.22295765010338,145.89292313204422,123.01531349285625,105.56336000788896,91.51369869809405,89.37883362076927,11.503884241901805,2.992376728335202,-0.05035525560379028,-0.011514410376548767,-0.0663507878780365,-0.16481822729110718
14,63,41.07804492784654,65.12594447442602,26.447182468566123,65.1921916201326,149.66394321057015,147.24696853244535,122.22829553060421,99.59543308175829,91.609334925467,89.4069748512742,14.630862459280419,0.06624714570658341,-0.05371566116809845,-0.017527326941490173,-0.06333029270172119,-0.1583130955696106
14,64,43.97463575822358,65.12594447442602,22.721418837263183,65.1921916201326,149.9319108796333,147.24696853244535,125.36701230685502,99.59543308175829,91.693226943755,89.4069748512742,21.253216920960394,0.06624714570658341,-0.05620039999485016,-0.017527326941490173,-0.06004375219345093,-0.1583130955696106
14,65,38.84572031988992,64.38275931631706,27.250898324900586,65.57876550728534,148.63862599069063,149.07793457633022,120.31773034714638,101.6520926233365,91.77396541834293,89.49662842716887,11.594821994989335,1.1960061909682764,-0.05871124565601349,-0.021456047892570496,-0.05763724446296692,-0.15282860398292542
14,66,41.545601432518644,63.66689927780687,33.16276993421641,60.84955488344753,149.59553136819818,149.92554494136093,113.52896606022816,102.34041468065507,92.0348793906995,89.44057357264934,8.382831498302231,2.8173443943593384,-0.0615115761756897,-0.024253472685813904,-0.055994123220443726,-0.14512372016906738
14,67,42.47335475899029,64.29298430917667,31.761822668630803,55.14880110037969,147.35307780334253,151.48757228222098,108.83061623250667,97.7217195407622,92.05300037443565,89.46833346071777,10.711532090359487,9.144183208796981,-0.06257733702659607,-0.02705433964729309,-0.0526757538318634,-0.13843205571174622
14,68,44.41867120796192,62.34358677742883,30.96437995193835,51.63742349501904,148.18163031816812,151.62378696760575,108.23317452111962,100.40450754551514,92.05508778293607,89.4117965151022,13.45429125602357,10.70616328240979,-0.06454353034496307,-0.030519157648086548,-0.051153212785720825,-0.13477256894111633
14,69,36.69445264961875,57.3669933912993,32.70918850415393,50.49819758620486,147.29408743115403,150.42388378365024,109.02219486058577,99.95404827371999,91.9290202083892,89.29224765008291,3.985264145464825,6.868795805094443,-0.06471210718154907,-0.03465697169303894,-0.048752814531326294,-0.13216659426689148
14,70,45.809637236565074,58.841627316238394,34.98967798746958,46.6706004332715,148.77094754923328,152.1680269737564,104.00818381725739,100.8422562415295,92.07938971610287,88.61711742092828,10.819959249095497,12.171026882966892,-0.06480437517166138,-0.03741852939128876,-0.048556357622146606,-0.12593021988868713
14,71,45.06036124282091,58.841627316238394,38.25444956369363,46.6706004332715,148.55544302090286,152.1680269737564,102.58145598598828,100.8422562415295,91.9756991933537,88.61711742092828,6.805911679127277,12.171026882966892,-0.06501130759716034,-0.03741852939128876,-0.04504317045211792,-0.12593021988868713
14,72,44.62386384185007,53.173918335414335,37.02392870696457,43.56708883041765,148.763229811903,151.5960249566488,103.72661991396086,102.96060586895688,91.73839672554796,88.55897372407453,7.599935134885499,9.606829504996682,-0.06520763039588928,-0.04234245419502258,-0.04246717691421509,-0.12094300985336304
14,73,36.63433575989433,54.56510080659588,34.13310793718948,43.1468782334789,148.85824343423346,151.89282583555422,107.51479479963051,102.65373827597477,91.899810085239,88.32410687850094,2.5012278227048483,11.418222573116978,-0.0655699372291565,-0.0470968633890152,-0.03908756375312805,-0.11616921424865723
14,74,38.44463667330344,53.06462505262466,33.67603331186742,40.86039156274482,149.11077551724304,152.31416634243348,108.64921179191309,105.9246574680132,91.93774445107412,88.40396210822,4.768603361436021,12.20423348987984,-0.06691233813762665,-0.05207034945487976,-0.03649124503135681,-0.11284995079040527
14,75,37.19910864021992,54.62043032432319,32.829562630989514,39.176140786438594,150.0326583716121,153.977383685483,114.84587968338616,103.72783191707536,92.04403206638052,87.96325921484615,4.369546009230405,15.444289537884593,-0.06904864311218262,-0.05714748799800873,-0.033867835998535156,-0.11002984642982483
14,76,37.496247233182906,54.77927120695554,34.635326968147325,38.92525314969794,148.60762479021008,152.75261836491154,108.82857586128544,103.59492913171468,92.05054990350116,87.80273191856045,2.860920265035581,15.854018057257605,-0.07053092122077942,-0.05901585519313812,-0.03260636329650879,-0.1039036214351654
14,77,38.70582734154166,54.77927120695554,32.28688118560555,38.92525314969794,149.61216046556368,152.75261836491154,113.17959918856523,103.59492913171468,92.0992877248854,87.80273191856045,6.418946155936105,15.854018057257605,-0.07156588137149811,-0.05901585519313812,-0.03218865394592285,-0.1039036214351654
14,78,36.81535235159262,52.26787413276272,31.183581258609802,38.657543160469146,149.29142924298387,153.08230565402908,113.59707832352919,104.82685131354448,92.25150949943206,87.56071954739329,5.63177109298282,13.610330972293575,-0.07209601998329163,-0.06294171512126923,-0.03081163763999939,-0.09729275107383728
14,79,37.648509130359585,52.27572511587753,26.212255252475835,38.80518844008183,150.33803883590153,152.16251916195702,118.48485686145669,103.75511026556345,92.3340275691267,87.65413107331787,11.43625387788375,13.4705366757957,-0.07193891704082489,-0.06737828254699707,-0.03087759017944336,-0.09145525097846985
14,80,37.96001946718126,48.81310951235157,27.21366807687627,34.87233401682313,150.1596271283412,152.08116442149944,116.3582704390773,106.12758752611354,92.29500787525141,87.27431990484418,10.74635139030499,13.940775495528442,-0.07187069952487946,-0.0700313150882721,-0.03134360909461975,-0.08772838115692139
15,0,57.17053440867526,48.33324057947593,33.00032753067038,41.19216805124732,143.4175429402371,145.95728408211306,124.832618587137,116.9013681777516,98.50104561051197,89.92932677709122,24.170206878004876,7.141072528228605,-0.07286173105239868,-0.07092517614364624,-0.0220070481300354,-0.07239213585853577
15,1,50.18428719027321,54.07975532952104,30.490498786097483,38.68371566306953,145.5201644013672,148.18631765430487,122.02258403023986,112.7299447137747,98.84441599426101,90.0781828034214,19.693788404175727,15.396039666451514,-0.0744280070066452,-0.06967154145240784,-0.024333268404006958,-0.08025863766670227
15,2,49.15781802840839,55.06023669901681,30.7728596940635,40.62216127025542,145.67730126130272,148.02539958489447,121.11490448583326,108.91352337197497,98.8162723735499,90.31935645456471,18.384958334344894,14.438075428761394,-0.07469505071640015,-0.0679386556148529,-0.029396921396255493,-0.0893419086933136
15,3,49.89136377599728,54.62072945795241,30.88345740297694,42.650872753443004,145.59042223925465,148.87394663460938,113.93384194470259,106.74279021142534,97.77844158302382,90.29859076138271,19.007906373020337,11.969856704509404,-0.07489226758480072,-0.06726457178592682,-0.03234821557998657,-0.10075962543487549
15,4,51.301036866560636,57.35145341799551,31.052269024357578,46.557794043702835,146.4077412065074,148.9356881328574,111.97381796442082,104.07393102138077,97.15599412825274,90.30842190325784,20.24876784220306,10.793659374292673,-0.075084388256073,-0.0661439597606659,-0.03871890902519226,-0.11386111378669739
15,5,57.29083870575998,57.35145341799551,31.45043806813807,46.557794043702835,147.65725524059343,148.9356881328574,108.88391272132587,104.07393102138077,97.16920586005713,90.30842190325784,25.84040063762191,10.793659374292673,-0.0742708295583725,-0.0661439597606659,-0.044439494609832764,-0.11386111378669739
15,6,55.77762681639105,57.014134812095854,29.712676111889845,49.02407423632738,148.1113661265828,146.96561763562931,114.63957086398622,105.82435017333525,96.66778684854708,90.31156408154244,26.064950704501204,7.990060575768474,-0.07433262467384338,-0.06430503726005554,-0.053635478019714355,-0.1287977397441864
15,7,48.318600086685876,61.99505503967759,33.10969130451523,52.90575503859587,148.70264676245688,146.11407457544135,116.65611795477263,107.44785190456722,96.97190457932751,90.31042656146636,15.208908782170646,9.089300001081718,-0.07402752339839935,-0.06340768933296204,-0.06560242176055908,-0.142049640417099
15,8,48.43966360027495,66.0682609184482,37.294038668288316,58.32603686263342,148.31575641978995,146.23709562257258,113.10830845123577,107.23723291390719,97.24531343784143,90.28701400405508,11.145624931986632,7.742224055814781,-0.07440896332263947,-0.060028642416000366,-0.07793194055557251,-0.15303662419319153
15,9,51.28230808575116,69.73000364844474,40.41645225887025,64.93350324882012,148.97208218500197,145.88720087358158,112.75979512588222,105.53432749642299,97.2352487142627,90.28331599105569,10.86585582688091,4.79650039962462,-0.07469367980957031,-0.05389989912509918,-0.0901096761226654,-0.16452109813690186
15,10,61.41832347186396,77.47076778064257,44.27484598226886,69.11353016901269,151.2205012502153,148.20659843068464,109.21449593803004,108.91199739306381,97.2618172950339,90.71440762010324,17.1434774895951,8.357237611629884,-0.0746278315782547,-0.04639922082424164,-0.10815361142158508,-0.1755947768688202
15,11,63.41020032342015,81.94879793475377,50.34863302784412,69.33093311986994,151.77181355255198,147.86796987433837,108.97804338805307,110.64958036974045,98.36242968006404,90.23984233851728,13.061567295576026,12.61786481488383,-0.0747879147529602,-0.04251714050769806,-0.12618926167488098,-0.1823272705078125
15,12,67.42328289378442,81.47282315186219,57.95289200938254,73.42975174909327,150.95310264342467,150.67763823430985,105.95978977214283,109.13193552817681,98.59930388753749,90.64574271966926,9.47039088440188,8.043071402768916,-0.07476295530796051,-0.039605557918548584,-0.13767820596694946,-0.18598663806915283
15,13,66.44607649855531,85.74482070457331,69.19862241342003,77.02644948479197,149.5766392667268,151.5804478542656,106.14374026669432,116.22900842704455,99.469484471361,90.62736290078904,2.7525459148647116,8.718371219781346,-0.07427582144737244,-0.03414413332939148,-0.15526476502418518,-0.18958786129951477
15,14,77.81178001053327,85.74482070457331,73.55641177370147,77.02644948479197,153.39545853006794,151.5804478542656,108.54688666117222,116.22900842704455,99.6079709250534,90.62736290078904,4.255368236831799,8.718371219781346,-0.07388408482074738,-0.03414413332939148,-0.1671394407749176,-0.18958786129951477
15,15,71.85564272491041,86.67097912110253,76.9688397640132,84.3535451622303,152.58944799217832,151.6498463002583,112.2364025808131,120.52122336412447,100.0103855133971,90.62855621700858,5.113197039102786,2.317433958872229,-0.07271227240562439,-0.028384804725646973,-0.1747792363166809,-0.19253340363502502
15,16,76.49029215481625,92.3992334714497,86.33999759157662,89.13544637156302,153.17496642933494,153.86937539566074,112.3641699182324,128.14852419712327,101.32158607048332,90.6796598790868,9.849705436760374,3.2637870998866845,-0.06988409161567688,-0.022431418299674988,-0.1840701699256897,-0.19128161668777466
15,17,80.35805065055348,93.64457801643908,87.349007993065,90.51341678798566,156.8788795470966,154.05123711429513,119.31787078360833,116.36346031688,102.27533022720482,91.43148863665674,6.990957342511521,3.131161228453422,-0.06315186619758606,-0.014795243740081787,-0.18970444798469543,-0.19112780690193176
15,18,89.15730791620388,98.0037203154239,92.51296880241905,95.4364805693073,158.25036632275794,152.7673050888947,125.93921563382995,138.66742268855842,102.58760849192308,91.87604719762942,3.355660886215176,2.5672397461165986,-0.055336594581604004,-0.014405027031898499,-0.19375139474868774,-0.1895948052406311
15,19,87.0955541979072,104.93342608486712,97.29298298469676,95.66102230683593,158.1999479524652,156.82689509514415,116.06116573845068,135.60318235766215,103.18606223980997,92.34545143988446,10.197428786789558,9.27240377803119,-0.048509374260902405,-0.00010927021503448486,-0.19221293926239014,-0.18998947739601135
15,20,92.05051874229062,86.86872306512639,102.81801260085132,104.16278698282169,157.28644804959774,131.65795856946053,127.20375533180584,152.34761540278075,104.95036491245433,92.27786683947457,10.767493858560698,17.294063917695297,-0.02514493465423584,-0.005958303809165955,-0.18997865915298462,-0.1828007996082306
15,21,97.1753663305293,88.40939662068432,104.83353177708875,103.67833658868587,158.43981531824735,125.47749172703308,138.5607294039324,153.3651368898673,105.48522225219591,91.88726851641697,7.658165446559451,15.268939968001547,-0.01802048087120056,0.00034052133560180664,-0.18941038846969604,-0.18201196193695068
15,22,104.4907622165444,89.682656680662,103.84202056920228,101.6377226713547,158.21626441139554,129.3987070615216,137.76909846770525,165.3480990616658,104.99656680537214,91.63613545857133,0.6487416473421206,11.955065990692688,-0.007791578769683838,0.024280309677124023,-0.18265056610107422,-0.18051478266716003
15,23,104.95399306152221,89.682656680662,97.75353257014733,101.6377226713547,148.279120227727,129.3987070615216,161.59155590324474,165.3480990616658,104.74186737472829,91.63613545857133,7.2004604913748835,11.955065990692688,-0.057387083768844604,0.024280309677124023,-0.1783398985862732,-0.18051478266716003
15,24,107.6635074803375,101.73364625606669,110.62478332721231,101.47588259036885,140.01722128142444,143.3824098025938,134.5666629255461,171.1175987292309,103.969677025343,91.7422815259355,2.9612758468748126,0.25776366569783704,-0.07638584077358246,0.017419561743736267,-0.17488166689872742,-0.17651236057281494
15,25,100.23183927567406,103.65380889429662,111.12105496522834,99.7650672388137,107.01016005231945,146.62963340491945,174.1920309302901,171.82342022952503,103.85893192969435,92.62808035135582,10.889215689554277,3.8887416554829173,-0.09444691240787506,0.03211589157581329,-0.17211297154426575,-0.16897910833358765
15,26,90.90662148206403,105.740552422961,113.04707551522912,100.71246738874402,77.75251313862044,146.1766952763528,168.17587441869912,172.23430743464735,103.96930265094387,93.60943162669834,22.1404540331651,5.028085034216986,-0.08315049111843109,0.03993774950504303,-0.16925951838493347,-0.16111299395561218
15,27,106.70854250206555,117.08537018098622,105.18329334933047,91.8057296827017,139.41349562279925,148.09562144382406,171.5609057777306,175.07827033243734,104.38193640639679,94.04310089860985,1.5252491527350855,25.27964049828452,0.017762556672096252,0.04159797728061676,-0.15673747658729553,-0.15448930859565735
15,28,109.45847414019174,120.0376560207544,104.77093647312658,92.90848215908098,135.78998930741844,144.01126509819167,155.1142665752977,176.01349892956793,104.86997235335083,94.08384920298884,4.687537667065158,27.129173861673422,0.030863583087921143,0.04325565695762634,-0.15108367800712585,-0.14926376938819885
15,29,111.70492085431785,113.18364263355487,107.56031398701752,96.67300234720801,128.36552576850934,102.65969694543685,162.0235437944287,167.98055427016553,104.61852454314166,94.7165382521676,4.144606867300325,16.510640286346856,0.018248677253723145,0.04045100510120392,-0.14311447739601135,-0.14645034074783325
15,30,112.24716252756271,110.49786123424059,109.70204412350195,101.68229980177875,124.0438727362915,71.64372510527755,160.21587992342484,165.71762399518317,104.09865946283948,94.73893336860569,2.5451184040607586,8.815561432461834,0.0261174738407135,0.03774714469909668,-0.1345195770263672,-0.14251884818077087
15,31,111.30712639724254,106.20943651691705,116.06044419789366,112.39179707704655,106.44054674774686,83.02386564563582,164.01053474788884,169.609092215083,103.599401259972,94.86802210659417,4.753317800651118,6.182360560129496,0.01603873074054718,0.035781919956207275,-0.1319200098514557,-0.13667136430740356
15,32,109.80012729207807,106.20943651691705,116.53134209435537,112.39179707704655,118.96634543980146,83.02386564563582,170.14612141171682,169.609092215083,103.8347389165694,94.86802210659417,6.731214802277293,6.182360560129496,0.04119861125946045,0.035781919956207275,-0.12586915493011475,-0.13667136430740356
15,33,110.29949100777081,114.90753403742251,117.17782378112558,108.11724773660485,131.09407767615525,141.12960507267607,171.3364348404075,171.70859336782192,103.71968799539442,94.9738809226855,6.878332773354771,6.790286300817655,0.055820390582084656,0.057746514678001404,-0.12101936340332031,-0.12989482283592224
15,34,110.4612388200215,112.90213994109688,116.61483119775448,108.75002257358021,143.6800025939638,136.3748716727161,173.50808333887358,176.33213472606184,103.8823081012627,94.97036682181374,6.153592377732977,4.1521173675166665,0.07236571609973907,0.062307119369506836,-0.11481678485870361,-0.12559232115745544
15,35,111.0759114614096,113.5635270842693,114.35296190100266,111.39096205123933,147.2643081835873,141.52545354043914,173.6423234267701,176.21215147470548,103.89791146286251,94.84744825339321,3.2770504395930544,2.1725650330299686,0.08180004358291626,0.06870047748088837,-0.11505979299545288,-0.12503835558891296
15,36,112.10106053801775,114.77864391400414,112.67888796313144,107.43521019319408,151.71349603336014,141.0275968113304,172.48477078767036,177.153929245079,103.76202949400516,94.76710814850918,0.5778274251136963,7.343433720810054,0.09137029945850372,0.07091595232486725,-0.1130838394165039,-0.12282457947731018
15,37,109.26218988823106,111.48814675232605,115.90950742370521,108.77199693343476,145.84542307482346,143.07760877232215,172.25810388583025,176.94017053518542,103.83998212987674,94.72346072444564,6.647317535474144,2.7161498188912816,0.08658826351165771,0.08126412332057953,-0.11314177513122559,-0.12190937995910645
15,38,107.4733050002389,115.95753790270783,117.30190768274723,105.22802783573376,138.67790670431972,151.72159926180328,175.5004364254457,177.6501129045904,103.74181509102695,94.52674538049246,9.828602682508333,10.729510066974072,0.07787027955055237,0.0954403430223465,-0.11443373560905457,-0.12225508689880371
15,39,106.4689831847033,117.14392672606253,116.97920606117938,102.92980508900023,139.3566670611855,150.9861101873473,175.36728580016,178.50152394324545,103.74886267947217,94.4510442329002,10.510222876476078,14.214121637062306,0.0787963718175888,0.09092865884304047,-0.115529865026474,-0.12360411882400513
15,40,103.6336124804741,113.29033365650572,114.48302243565777,103.66723979875874,134.55908250331973,142.9924396252455,171.97570030999893,178.47090103768485,103.54876327682503,94.4853419435012,10.849409955183674,9.62309385774698,0.07286225259304047,0.08294995129108429,-0.12191462516784668,-0.12436291575431824
15,41,98.26203740489834,113.29033365650572,116.7821218349197,103.66723979875874,134.07203402620755,142.9924396252455,170.3698353751348,178.47090103768485,103.18321736377986,94.4853419435012,18.52008443002137,9.62309385774698,0.0760965645313263,0.08294995129108429,-0.13040825724601746,-0.12436291575431824
15,42,89.88402609634225,116.7083439554174,115.40838586712199,100.59697235294219,117.92287092790087,133.29271511363623,177.76265636882104,177.77344181001442,102.64962913380002,94.43685049214672,25.52435977077974,16.111371602475216,0.061563506722450256,0.0568411648273468,-0.13585031032562256,-0.12576156854629517
15,43,90.94605911947545,113.154472635895,111.21173732321037,98.80760475202746,124.0210393175331,127.37928818861144,173.90608335919853,173.349207821833,101.55623630931035,93.76820300908861,20.26567820373492,14.346867883867546,0.052935197949409485,0.05400140583515167,-0.14201664924621582,-0.12835422158241272
15,44,83.9434226236688,110.39938503436743,109.73679314995208,96.31915730064695,123.22675991226757,133.5323831252161,172.99899953153366,172.9366445161605,100.52843978480483,93.4536033448333,25.793370526283283,14.080227733720477,0.037995412945747375,0.05775567889213562,-0.15025824308395386,-0.13440591096878052
15,45,82.93842407630098,111.61713883737539,106.76730924068326,94.59397991906938,120.50170253542221,141.47000909225468,170.97663128100632,173.10744297988302,99.87259063797612,92.89134157947203,23.828885164382285,17.02315891830601,0.005850344896316528,0.05815581977367401,-0.15466052293777466,-0.139593243598938
15,46,97.73495328458573,106.92805539614207,104.63057208715804,93.00367372862534,145.55658150914738,136.2714966860694,167.82162499295845,172.6345464933587,100.49117231519918,91.99653368748959,6.895618802572315,13.924381667516727,0.005945831537246704,0.04763384163379669,-0.15681976079940796,-0.14872518181800842
15,47,96.68341843354025,100.84659384552747,104.53641372729716,91.06634067172139,147.42403291045437,130.2654044275916,170.40810476164143,171.22438271376663,101.14521473574365,91.28923536119854,7.852995293756905,9.780253173806074,0.011517316102981567,0.040462955832481384,-0.15920978784561157,-0.15364739298820496
15,48,97.05789626674935,95.64051308858276,102.55045379165622,87.87544250640195,149.53713757964437,127.68573492822586,162.45036519216393,170.305970395676,101.06679352301816,90.40971355499228,5.492557524906871,7.765070582180812,0.015192762017250061,0.0320320725440979,-0.16116076707839966,-0.15783262252807617
15,49,99.59035607154168,94.39644497619791,97.92931291231511,90.82583957025561,149.57120719668544,133.29267683985063,134.55221039845324,163.52270647480154,101.58697165373047,90.34768790656865,1.6610431592265655,3.5706054059423025,0.022495463490486145,0.021606042981147766,-0.1629360318183899,-0.1609017550945282
15,50,95.76328174630848,94.39644497619791,94.75100041796047,90.82583957025561,150.50893357287916,133.29267683985063,127.0759371876207,163.52270647480154,101.76220660341754,90.34768790656865,1.0122813283480099,3.5706054059423025,0.025415480136871338,0.021606042981147766,-0.16571655869483948,-0.1609017550945282
15,51,90.62403058473404,97.0171674562011,92.10696409691006,91.7607105867901,146.25029414193202,147.1050897892163,131.08818786110606,132.3843472693764,100.88302676057569,90.38136798212888,1.482933512176018,5.2564568694109965,0.028089284896850586,0.0027397125959396362,-0.17056840658187866,-0.16418057680130005
15,52,88.20035068549069,97.63775126702153,88.64021070436158,86.89033928762626,145.61773260174874,147.51078275026703,113.74915222664083,121.59203175457496,101.20307286807622,90.30836343998425,0.4398600188708883,10.747411979395267,0.030046969652175903,-0.0054076313972473145,-0.17479228973388672,-0.1689748466014862
15,53,80.19665101409632,88.21400940694001,88.98784925889525,97.94628252711465,141.85403782556594,148.94017326042504,117.97611202226943,106.33352473933913,100.56282538733778,90.27972529998713,8.791198244798935,9.73227312017464,0.02778753638267517,-0.006710246205329895,-0.17103129625320435,-0.173631489276886
15,54,73.82926969626324,94.42868202201409,92.19358838215335,87.48165219787182,139.39349988381966,155.56433654313196,108.97628254644893,118.15548095584413,100.100126071043,89.94048723657579,18.36431868589011,6.9470298241422626,0.024527952075004578,-0.008108839392662048,-0.16691234707832336,-0.17983928322792053
15,55,71.29431505842534,95.89971533757299,84.60916448969338,84.10494338918964,141.57334147944115,153.91907199014926,98.4454373077012,127.55043052445441,99.2228996124885,90.56189897467706,13.314849431268044,11.794771948383342,0.017625123262405396,-0.00561271607875824,-0.16054725646972656,-0.18231651186943054
15,56,69.17501823593516,91.1013063720803,79.41835842825722,82.82334050126055,140.33332567297546,154.45073633750022,93.76163384061891,128.97316329503522,99.04411305198145,90.72004297644379,10.243340192322066,8.277965870819756,0.010653287172317505,-0.00343891978263855,-0.15691539645195007,-0.1832875907421112
15,57,66.65615455737236,90.58616941273314,77.73470664921136,78.77946399620635,138.55370150097255,154.42365909285084,101.54506120580348,119.09649550255182,98.64385188755953,91.11101912443914,11.078552091839,11.806705416526796,2.6941299438476562e-05,0.0012160688638687134,-0.14887872338294983,-0.18384245038032532
15,58,65.3673367522182,90.58616941273314,73.3460960296158,78.77946399620635,141.13580657914244,154.42365909285084,99.68928202861734,119.09649550255182,98.20071808550712,91.11101912443914,7.9787592773976,11.806705416526796,-0.00473630428314209,0.0012160688638687134,-0.14255055785179138,-0.18384245038032532
15,59,66.02578126831307,75.89578785317376,69.91321498827936,83.46921362750645,143.89149610306148,147.57143679728017,95.51569857409346,116.29771216454023,97.71555933556623,91.40549714934222,3.887433719966296,7.573425774332691,-0.009163379669189453,0.002370774745941162,-0.13759928941726685,-0.18130627274513245
15,60,67.365465613451,70.24595470056822,61.71937987903027,81.62995288385808,144.27985353712833,147.21784985172474,94.30115651220295,107.44415242435721,97.18426096662859,91.50887278267798,5.646085734420723,11.383998183289862,-0.012467607855796814,-0.0004201531410217285,-0.1318073868751526,-0.1761372685432434
15,61,58.77104968081098,66.74420064331649,57.100209777475406,76.26323546176934,142.94756042413826,147.39345207318686,102.31509024844702,100.56120128328467,97.16464998078622,91.88627690629475,1.670839903335576,9.519034818452852,-0.016036957502365112,-0.006050139665603638,-0.12130850553512573,-0.16638529300689697
15,62,60.29133936735569,66.69520938872769,54.172507239647196,68.9610988423456,145.62576833153994,148.14483728309492,100.40540190309721,100.59046184482754,96.71327721470085,91.91463001017196,6.118832127708494,2.265889453617916,-0.01938551664352417,-0.01345159113407135,-0.11401709914207458,-0.16184768080711365
15,63,58.85222584171779,62.75652368210899,47.3253073596655,67.11435116840497,146.70824076405938,149.06339202132742,102.38805992488093,108.9075886174968,96.37936565483291,91.69394164889628,11.526918482052288,4.3578274862959745,-0.023786887526512146,-0.017451822757720947,-0.10755866765975952,-0.1556876003742218
15,64,53.656544316514854,59.442170010159565,42.396846282394826,64.15107867415553,145.23700943956587,143.6942504258179,102.59207170319215,102.08451012434787,96.33238270147883,91.81945765983424,11.259698034120028,4.708908663995963,-0.026980236172676086,-0.019611790776252747,-0.09922328591346741,-0.1485263705253601
15,65,44.21956176176036,61.30253694410174,40.79346003988252,58.13116486878515,144.75031426013317,147.83708482625696,104.81661144846034,95.90863691729228,95.99384546158937,91.81897566647109,3.426101721877842,3.17137207531659,-0.03129523992538452,-0.020459845662117004,-0.08952558040618896,-0.14007750153541565
15,66,53.40418182235955,64.24085215162548,41.454343167875884,50.06738095192108,148.49575412869783,149.67287078510012,101.10690737172476,102.12877771690539,95.742122375485,91.80378522497774,11.949838654483663,14.173471199704395,-0.036392807960510254,-0.021910279989242554,-0.08514061570167542,-0.1349273920059204
15,67,48.35205013759047,64.24085215162548,37.63328299450962,50.06738095192108,148.60151858539098,149.67287078510012,100.77742984543545,102.12877771690539,95.49507744070841,91.80378522497774,10.718767143080846,14.173471199704395,-0.04018591344356537,-0.021910279989242554,-0.07944276928901672,-0.1349273920059204
15,68,48.75204840680605,64.35501554441929,37.31265123814405,48.98194357839141,149.60817966536524,151.67253079889215,103.07726706044508,96.97947925405464,95.38094019261813,91.70283736562499,11.439397168661998,15.37307196602788,-0.043275460600852966,-0.023933038115501404,-0.07575979828834534,-0.12862995266914368
15,69,47.30118726698107,59.8892125726813,32.175429658224154,46.6849076286428,150.0220478825378,148.8197024262446,107.75522708440792,99.6946135167793,95.08507748640604,91.87943186924369,15.125757608756913,13.204304944038505,-0.04461464285850525,-0.02864938974380493,-0.06852695345878601,-0.12128394842147827
15,70,40.18964413545591,60.85253096787601,35.93174885225315,43.4604905382708,149.35360971206885,150.17322912584163,107.91636941880351,98.98660305893763,95.0256877377166,91.7302075688892,4.257895283202757,17.39204042960521,-0.04666295647621155,-0.031426802277565,-0.06299874186515808,-0.11710137128829956
15,71,38.446846011067244,58.54435346773649,33.946144638126626,43.85490021293839,149.63782742236222,150.5163386502499,114.47701546878514,100.17088484632805,94.7809344393329,91.61223666854114,4.500701372940618,14.689453254798103,-0.04862433671951294,-0.035559192299842834,-0.05699563026428223,-0.11240112781524658
15,72,34.72690716509411,53.49163457675793,30.991105560625723,41.36672271870346,149.96830613089094,149.05309151120386,115.07420911450627,102.6571950262158,94.6324078444935,91.39564782109812,3.7358016044683886,12.124911858054475,-0.05006839334964752,-0.03906175494194031,-0.05412483215332031,-0.10782012343406677
15,73,31.965453577115774,55.64255880769709,30.0096666822828,40.629344026632445,150.52099580749757,150.33485130842737,118.67505550853856,99.80703485500938,94.39389109110166,91.02704790822695,1.9557868948329755,15.013214781064647,-0.051545947790145874,-0.04372809827327728,-0.04888305068016052,-0.10447177290916443
15,74,35.72022677851294,55.61459918960782,29.713321489716684,40.122836497484215,150.89111559051383,151.45712501951692,113.68668679343753,102.54130121556814,94.48537132515462,90.27362512472493,6.006905288796254,15.491762692123608,-0.053751856088638306,-0.048654794692993164,-0.04443359375,-0.10182511806488037
15,75,33.84435703124968,50.748360098812554,27.787199636407706,39.69840368662529,145.40243091634574,149.7863686223574,112.5573599130516,102.35214893906638,94.47180084604211,89.62182127755634,6.057157394841973,11.049956412187264,-0.056484103202819824,-0.053268760442733765,-0.042254358530044556,-0.09642654657363892
15,76,37.18904847080343,50.748360098812554,27.608764007607373,39.69840368662529,147.04141479842775,149.7863686223574,111.52624867554647,102.35214893906638,94.45867245773371,89.62182127755634,9.580284463196055,11.049956412187264,-0.05786919593811035,-0.053268760442733765,-0.039541274309158325,-0.09642654657363892
15,77,44.06870629956361,52.11494837887239,27.394717548830673,35.860948261666245,150.66001080680957,151.1454363188103,110.12470412551686,105.9053290497359,94.30969615027713,89.73900409758167,16.673988750732935,16.254000117206147,-0.05872258543968201,-0.056873708963394165,-0.03630295395851135,-0.09036913514137268
15,78,50.55500690638006,46.87625298223234,26.63679522826181,35.7528095585832,152.2323277542258,150.08026729731654,111.55880096586313,110.74626032413656,94.27157106593961,89.67666867494196,23.918211678118247,11.123443423649135,-0.06021176278591156,-0.05929449200630188,-0.03259536623954773,-0.08505415916442871
15,79,50.03023133983812,50.276788262584546,27.635850132609452,36.390394399330056,151.40150743112656,150.54543688245934,113.98945207351,110.0718607591085,94.34533218465027,89.57161817673276,22.394381207228665,13.88639386325449,-0.06206376850605011,-0.05957856774330139,-0.029210984706878662,-0.08201414346694946
15,80,51.06898650152357,36.27220532751527,27.04505383340813,35.83898246269729,152.2211553684647,149.05085360936772,112.6641758387069,112.35961683618622,94.56282588397953,89.39450644116263,24.02393266811544,0.433222864817985,-0.06332746148109436,-0.06265696883201599,-0.027196109294891357,-0.07671281695365906
15,81,44.55112283786106,36.85618910627817,26.358440241778762,35.388109674986346,151.16004820140554,149.5464595381059,114.44824044072617,111.97402592779359,94.68655884814967,89.6603048048424,18.192682596082296,1.4680794312918266,-0.06541574001312256,-0.06678304076194763,-0.027015864849090576,-0.07249754667282104
15,82,48.48674358803394,38.97024856000751,21.448117766834812,33.06820016562496,151.75724029602316,150.37072451782925,120.22947572097547,113.89854492223276,94.74836182790463,89.67651150071566,27.038625821199126,5.902048394382554,-0.0670761913061142,-0.06916260719299316,-0.025711089372634888,-0.0691562294960022
15,83,43.43894471323169,43.59073845506083,21.44786592488571,34.690571187989974,150.96551847646117,151.9015780538423,122.37204238381659,108.33825274159724,95.0350271304965,89.60683128164084,21.99107878834598,8.900167267070856,-0.06927543878555298,-0.07175423204898834,-0.025303810834884644,-0.06440132856369019
15,84,49.04737053348773,44.649208009569136,22.919414584638922,34.28848896956895,151.05571473087795,151.38139268778693,119.00830429971325,107.81739936377572,95.27958127419353,89.63793946717564,26.127955948848808,10.360719040000184,-0.0690348744392395,-0.07269495725631714,-0.025004297494888306,-0.06156641244888306
15,85,48.161490753077,44.649208009569136,25.109156712834384,34.28848896956895,150.60881476825602,151.38139268778693,113.60297351462256,107.81739936377572,95.3446717296809,89.63793946717564,23.052334040242613,10.360719040000184,-0.06933166086673737,-0.07269495725631714,-0.024383336305618286,-0.06156641244888306
15,86,50.219512718734855,43.721468953857375,25.969358482994092,32.25865721412531,150.899483112127,150.1817543946592,112.4298785963483,108.54530227075577,95.45371313054886,89.6879795168179,24.250154235740762,11.462811739732068,-0.06895293295383453,-0.07517474889755249,-0.024436205625534058,-0.05571556091308594
15,87,51.28498538423776,42.05197546276103,26.4428095243986,31.86569641986855,151.33251751861232,149.3300520773167,112.1243903504647,109.64951752515331,95.62500687590095,89.66946909689148,24.842175859839156,10.18627904289248,-0.06874845921993256,-0.07546873390674591,-0.024839580059051514,-0.0531635582447052
15,88,55.24534723094048,38.853908223986245,25.493522008167425,37.94197418346228,152.24995873052566,148.78240005491227,113.49480085387282,105.66902807341246,95.4814023943205,89.74599212344529,29.751825222773057,0.9119340405239669,-0.06860078871250153,-0.0752885639667511,-0.025087982416152954,-0.04956004023551941
15,89,53.42914509215521,36.8433832119592,25.551757142797637,35.87968323038486,151.636826190345,145.2097093772583,112.15739611871275,105.03942131299414,95.25741801793792,90.24727192507407,27.877387949357573,0.9636999815743366,-0.06871891021728516,-0.0763658732175827,-0.025029033422470093,-0.048763394355773926
15,90,52.618357433008725,36.69580524283695,24.925625758066495,31.31615514061898,151.47061450233005,145.6135773749066,113.70622163891119,108.59552209592826,95.27557289210003,90.19319923390353,27.69273167494223,5.3796501022179655,-0.06873907148838043,-0.0775105357170105,-0.024992525577545166,-0.04610505700111389
15,91,49.38386514967635,30.223645179976934,22.708185547596493,30.70873968493542,151.1928762808668,145.40132035537067,118.05764926485267,110.27106166565228,95.11703872580398,90.19006942801788,26.67567960207986,0.48509450495848583,-0.06868886947631836,-0.07909363508224487,-0.024292558431625366,-0.04363211989402771
15,92,49.78233381594094,34.14403225185914,22.640136224391885,29.1856183086218,151.33628359183226,146.71786996005517,117.10910876169056,110.29523214092126,95.10030850395148,90.27270734773224,27.142197591549053,4.9584139432373355,-0.06903569400310516,-0.07961130142211914,-0.024344295263290405,-0.04056236147880554
15,93,43.25442195681608,35.15746473558789,21.31455997532962,27.884153715359353,150.03341908678433,146.41187653228164,119.83785853878993,114.26257120514404,94.35330362696298,91.08870824971108,21.939861981486462,7.273311020228533,-0.0690501481294632,-0.07897715270519257,-0.024226844310760498,-0.0384979248046875
15,94,42.26294729761249,35.15746473558789,27.77227560222706,27.884153715359353,150.97103515097086,146.41187653228164,116.36768363192654,114.26257120514404,93.9971782353021,91.08870824971108,14.49067169538543,7.273311020228533,-0.06917865574359894,-0.07897715270519257,-0.024269849061965942,-0.0384979248046875
15,95,40.11707793374071,36.151249848822864,28.73808723034197,27.567468147588944,150.88418025327633,146.21536177402072,115.07705242592155,116.08381725456698,94.22479601474943,91.0872692467297,11.378990703398738,8.58378170123392,-0.06993350386619568,-0.07908053696155548,-0.025011539459228516,-0.03852584958076477
15,96,39.92842261068014,33.612052592828306,28.050531649696794,27.375542232461576,151.1069004234972,146.03293780299782,118.36107880451141,117.10505225459666,94.63674484532682,91.04658768062154,11.877890960983343,6.236510360366729,-0.06989419460296631,-0.07914422452449799,-0.02504226565361023,-0.0366646945476532
15,97,40.641651334681924,36.26803875912253,27.627164681062734,24.190600436760295,151.01633448766455,146.1538164488012,117.90934872634753,120.22119706351992,94.50845611727779,91.09477365947328,13.01448665361919,12.077438322362237,-0.0700119286775589,-0.07872509956359863,-0.02506113052368164,-0.036513060331344604
15,98,50.04652370556648,36.11427653215198,25.42929954708046,26.389228551038915,151.15834230478902,146.30918113048176,115.75005431843458,118.09914119681359,94.60611359248531,91.2086477480358,24.617224158486017,9.725047981113068,-0.0699567049741745,-0.07868346571922302,-0.02515631914138794,-0.03581887483596802
16,0,58.650036130163684,76.04751304741492,36.23091772915068,60.477087853807895,138.40134679257196,149.18417751217552,114.72440417322527,116.37042196540087,102.86501252721891,85.07313411563058,22.419118401013,15.57042519360703,-0.05534586310386658,-0.07482172548770905,-0.03356659412384033,-0.16900888085365295
16,1,53.44103676941396,75.00555754874034,34.08778646667902,60.11038732479026,141.17312773524768,149.4015432738512,120.17060027963156,111.93129198807338,102.70885333653877,85.670635653131,19.353250302734942,14.895170223950082,-0.056071922183036804,-0.07433798909187317,-0.041806429624557495,-0.17700603604316711
16,2,45.0477030973732,77.41016063728901,41.861623113327155,66.05320732366371,139.93899131937198,149.69951405421864,115.49657953210703,115.67252210496821,102.43291255913414,86.61323602291009,3.186079984046046,11.356953313625297,-0.05682571232318878,-0.07204939424991608,-0.05306723713874817,-0.19714713096618652
16,3,47.26031154413236,91.7794117678259,43.11622716060269,70.28394120811119,138.51687842720636,153.11790625011133,110.43736617597435,112.074455996405,102.16352244314173,87.19357176976466,4.144084383529666,21.495470559714718,-0.05702538788318634,-0.07053457200527191,-0.06701207160949707,-0.20413321256637573
16,4,45.07660967238916,91.52099045385492,47.990004575243915,74.25269875569012,138.51294440312108,151.70377683878704,106.53290391992651,120.80773293850969,101.45620594508422,87.01027022843519,2.9133949028547548,17.268291698164802,-0.05722436308860779,-0.061973318457603455,-0.08037793636322021,-0.20741045475006104
16,5,62.59798002569577,91.27112331196787,49.35853019064885,81.909587247569,142.4895836128318,152.5261025718379,109.80571204084688,124.2839024078691,101.30130069719317,87.7582081369321,13.23944983504692,9.361536064398877,-0.05662107467651367,-0.05355747044086456,-0.09960904717445374,-0.2104816734790802
16,6,60.31473487687595,100.00919868774263,54.97874916450595,89.2041995473019,141.2140004563912,159.31428488663727,107.2914890218572,116.69069113578793,101.26302769160382,88.51816521628768,5.335985712370004,10.804999140440728,-0.0538376122713089,-0.04125617444515228,-0.11410790681838989,-0.21035706996917725
16,7,65.95288657433525,103.58012389334999,59.95809574984557,101.48234250371091,141.95148898916574,156.10745532233256,107.64377291887159,154.64278791326302,101.21154218003345,89.05264572182969,5.994790824489684,2.0977813896390813,-0.05057324469089508,-0.04389931261539459,-0.1273074746131897,-0.2070365846157074
16,8,73.9511080271185,101.20306135829688,71.0450564120832,97.11892677149534,136.83375468261642,149.21980236643148,99.16953854137738,134.45449410218495,101.31332019784149,88.36596415320699,2.9060516150352953,4.0841345868015395,-0.047637924551963806,-0.04713936150074005,-0.14165976643562317,-0.20345553755760193
16,9,75.91366509569554,110.24932397947231,74.63590104665788,94.13461593780634,135.71758183814995,159.6566099110662,100.6035878400905,155.99223649422132,101.18407585577515,87.56227831855091,1.277764049037657,16.114708041665963,-0.04313117265701294,-0.04512917995452881,-0.1526721715927124,-0.1979689598083496
16,10,76.20759783285098,113.09222728132693,77.98627720241781,94.73578703248312,131.85379965588166,144.14517467171186,102.96215572079981,168.4330344812819,101.6668795847903,88.24080160472627,1.7786793695668308,18.35644024884381,-0.036228761076927185,-0.043980300426483154,-0.16297122836112976,-0.1937008500099182
16,11,76.40501190862939,124.35449309908196,87.61049869126845,91.67731677621549,127.11107554278671,152.68835833640037,113.66483103270656,173.57399477993923,102.21115655995912,90.24151775116526,11.205486782639056,32.67717632286647,-0.026653721928596497,-0.019333362579345703,-0.16785085201263428,-0.18425437808036804
16,12,86.07195244352982,125.48036386291714,90.66876093026897,93.30081467804183,135.7230142177301,157.55218811014146,114.580511714625,175.59036999828427,102.26513437255257,91.07522705702098,4.59680848673915,32.17954918487531,-0.009920626878738403,0.010161027312278748,-0.17503604292869568,-0.17682859301567078
16,13,98.9076195876369,120.83807322343061,94.94187625961405,97.11476057694568,146.3857614155554,140.67901402399573,114.84716662480716,177.83812990411437,102.87414062674969,92.35650644382213,3.965743328022853,23.723312646484928,0.006931290030479431,0.0302591472864151,-0.1768103837966919,-0.16197693347930908
16,14,100.31756050650445,119.12145590109661,97.07834570447667,99.14486418368432,145.06916283965109,113.97419609574558,118.39288910541828,177.0183052520262,102.6446320295573,92.69763372029718,3.2392148020277745,19.97659171741229,0.019599825143814087,0.029580727219581604,-0.17952755093574524,-0.15438970923423767
16,15,96.82155345818,120.70164514714025,100.56528767597054,99.22422212567443,145.68822685418777,127.38328088295415,125.96002260746629,174.76299205324054,102.95736723203395,93.20267390775557,3.743734217790532,21.477423021465825,0.029113739728927612,0.041729822754859924,-0.18240562081336975,-0.14771968126296997
16,16,99.99443125517018,118.320734305832,105.67087304077056,102.5605870397955,148.24903616855153,130.62502544113931,148.2887725171652,173.12291625100107,103.06824011353814,93.22857150475264,5.676441785600375,15.760147266036512,0.02511604130268097,0.05574193596839905,-0.17736899852752686,-0.12718838453292847
16,17,97.61529555146699,118.55637659850635,105.48306837635194,103.72935417101215,145.03844666232413,84.7494633451843,147.99009355580728,171.76116598658598,103.59136978683425,93.16601551194765,7.867772824884952,14.8270224274942,0.029962673783302307,0.059081435203552246,-0.17276251316070557,-0.1211906373500824
16,18,95.21114227567084,118.14737494804717,106.87317744945634,103.14928873740794,141.44201448150233,140.84665546995112,160.19538053108252,176.8474258529353,102.22116694027194,93.04902754202827,11.662035173785497,14.99808621063923,0.01685696840286255,0.07201720774173737,-0.16776099801063538,-0.11681416630744934
16,19,98.25029111564747,117.1611344585354,101.43929109996485,102.16458322783528,129.87434260156158,146.0265163232779,160.17073166444766,177.17232242866316,101.07637978711668,93.00376537203447,3.188999984317377,14.99655123070012,-0.018511563539505005,0.07594582438468933,-0.16617822647094727,-0.11724823713302612
16,20,95.93497671150577,118.16394222876264,104.18674882693882,100.14028332024688,136.32445134803837,145.91673240644275,157.74990419805385,175.01369861830779,101.3090798910846,92.91728451138347,8.251772115433056,18.023658908515756,0.027785122394561768,0.07195812463760376,-0.16514277458190918,-0.1195593774318695
16,21,93.07063706895568,118.8576891690342,108.9634239974345,100.30422793262684,127.538686449294,145.88865151347474,161.04359559681612,175.30920311447989,101.55861722049518,92.83400374177984,15.892786928478827,18.553461236407358,0.04330521821975708,0.06771025061607361,-0.15885120630264282,-0.12146797776222229
16,22,100.80021323560342,117.22272988864204,106.89995197379041,101.21949104217524,140.75202353688664,134.29259396349144,159.61635249240845,171.77333307241,101.81230483766001,92.22246545186204,6.099738738186986,16.0032388464668,0.05835242569446564,0.057562246918678284,-0.15346679091453552,-0.1219315230846405
16,23,103.69294627569836,128.58208813546895,108.989606896806,89.2728685495306,114.02196049709202,149.63527056406002,155.4027012739846,177.15568606898026,101.64742493000125,91.89055521220922,5.296660621107634,39.30921958593835,0.025160446763038635,0.04448443651199341,-0.14707401394844055,-0.13135585188865662
16,24,104.09277528370755,121.89488906361005,111.8710779212113,88.63998338774635,123.32073402908435,149.76679771989376,164.90825580070992,172.47738538852352,101.71807719741936,91.24633920136338,7.778302637503742,33.2549056758637,0.03186841309070587,0.04275581240653992,-0.14366355538368225,-0.1416718065738678
16,25,105.78054233663791,111.6080829472852,115.51771513162196,96.68704127703084,124.19598024610495,149.8792892601687,165.06102390047167,174.12067865467424,101.60030443678366,90.35826300243562,9.737172794984048,14.921041670254354,0.044257670640945435,0.04038210213184357,-0.13881787657737732,-0.1476157009601593
16,26,106.46743438241509,103.17560337642405,117.34836783058583,92.4800541573753,126.040275092222,145.3184543794717,154.34032260264158,172.8659732833745,101.88431428256786,87.93963452058136,10.880933448170737,10.695549219048743,0.050762563943862915,0.007600963115692139,-0.13284850120544434,-0.16073209047317505
16,27,106.59912823289247,82.33436579141397,117.72381434614047,98.65655269903964,131.95751555302627,134.0875358154648,151.75358098788547,164.3973199847735,101.85285282734151,87.7422621188602,11.124686113248003,16.322186907625664,0.06612758338451385,-0.015535280108451843,-0.13096430897712708,-0.16768047213554382
16,28,110.89054630499541,91.8812752010944,119.5099699120758,90.71548268020668,140.46381480594783,144.35686440140776,144.89395454637494,139.40874431924848,102.145128500133,87.54250707874523,8.619423607080392,1.1657925208877202,0.0742061585187912,-0.007637009024620056,-0.1287361979484558,-0.17170992493629456
16,29,110.09918534076769,93.54783395444184,117.37931754318925,85.45453589899917,144.7170868757051,147.3787698774007,147.29459503286196,135.43002734777957,102.3659771154885,87.85924355688539,7.280132202421555,8.093298055442673,0.08647923171520233,-0.014851227402687073,-0.1270466148853302,-0.1751088798046112
16,30,108.97713113191969,85.66706358923558,114.10072568444387,86.65721819868745,141.55492432841135,146.22359595270945,150.37734861858434,133.38975550661593,102.20078386178179,87.2893155931418,5.123594552524182,0.9901546094518636,0.08925986289978027,-0.026417523622512817,-0.12868696451187134,-0.1850452721118927
16,31,107.76657175794763,85.46649053040824,124.38036563543095,83.06668819039861,143.912607358854,149.11800052354297,120.79901752901071,128.20712369313424,102.48698540833712,86.86556467457116,16.613793877483317,2.3998023400096287,0.09274457395076752,-0.02016882598400116,-0.1299300491809845,-0.18875473737716675
16,32,107.61631801799759,82.22304954571369,118.7370850836913,78.4733693812515,153.28336982917227,148.57734313938013,155.15704897324193,119.09214358107108,102.2367299541867,86.7169300617378,11.120767065693713,3.749680164462191,0.08801606297492981,-0.018499866127967834,-0.13015207648277283,-0.18886590003967285
16,33,101.73556156153583,73.7568319767121,112.58704889907634,74.54562915575073,146.41943489658908,146.1171594229953,170.28017045338285,102.54087917759912,101.89167471732955,86.88573763839871,10.851487337540505,0.7887971790386246,0.09230615198612213,-0.023609936237335205,-0.130090594291687,-0.18507513403892517
16,34,92.24174825213754,70.4299684572334,109.55265154496375,69.41421188462044,129.8485331098991,144.02008455694252,174.8452205212499,102.14740573738615,101.29209706799101,86.82785382473118,17.31090329282621,1.0157565726129576,0.08474698662757874,-0.02968364953994751,-0.14174377918243408,-0.17589935660362244
16,35,86.29149897319387,69.35758954430563,108.73491494124691,63.88598017897677,126.38425324635337,146.21730126132724,176.5426957020695,104.51858417087529,101.2759353983542,87.03285697638206,22.443415968053046,5.4716093653288524,0.08241689205169678,-0.032812073826789856,-0.1446390151977539,-0.1725977063179016
16,36,84.50395821330684,66.52136082061119,103.91870910031811,64.4794402654465,115.19049291367119,147.52030670912157,176.43154416681656,102.11058130221497,99.08002115303431,87.33932303684833,19.414750887011266,2.041920555164694,0.040099337697029114,-0.036160439252853394,-0.14719602465629578,-0.16510340571403503
16,37,82.08044682610623,61.568308221573545,104.43702376476709,58.40832431961341,123.1988839724083,146.80007114973282,174.11504637236607,104.76301282235079,100.4091168072737,87.57326884193833,22.356576938660865,3.159983901960132,0.04211220145225525,-0.03868088126182556,-0.1477375030517578,-0.15568479895591736
16,38,93.35166521439407,64.21097013309632,104.38173706246553,53.56051668055517,157.26314878554274,148.45130699632585,175.9215916558701,101.1122877852217,101.71548838906162,87.49338371944854,11.030071848071458,10.650453452541157,0.049772366881370544,-0.04116225242614746,-0.146526038646698,-0.14817646145820618
16,39,89.76513248200506,63.15163782455084,104.81483913997639,50.03086210888661,150.2054393345053,148.4043595502818,165.84723641666886,102.12003830600999,102.062168204611,87.36935066080451,15.049706657971328,13.12077571566423,0.04803045094013214,-0.04384073615074158,-0.1502133309841156,-0.14350944757461548
16,40,92.0298360979146,64.15007512453903,103.90294281717131,48.07548625890375,146.17042810732184,150.49255946209945,161.63955773986137,104.57911267675782,102.45649012409794,87.85618305783457,11.873106719256711,16.074588865635278,0.052508577704429626,-0.050470754504203796,-0.14988932013511658,-0.13557729125022888
16,41,89.75400031178485,62.89088419065759,101.6119919341553,46.82786078279495,143.09887602418473,151.70441542042227,150.53863362476872,104.0985004261988,102.73967299703085,87.79902521245693,11.857991622370449,16.063023407862637,0.053148940205574036,-0.05424962937831879,-0.15259888768196106,-0.13208648562431335
16,42,84.9700989627196,60.71146824670823,99.13951075907293,45.340337993368486,139.249957566064,152.25684079278886,136.05357299588238,103.2889798368997,103.04898582507042,87.19879090524978,14.16941179635333,15.371130253339743,0.04955175518989563,-0.058657631278038025,-0.15749996900558472,-0.12854716181755066
16,43,83.06868158062441,64.17179904796913,95.60453308056913,43.44860226912679,136.80562175307267,153.85941938157245,127.30049680614415,99.7986567933078,102.65861900736279,86.66853485272814,12.535851499944712,20.723196778842343,0.047514379024505615,-0.06441357731819153,-0.16147035360336304,-0.12200042605400085
16,44,76.24430924149762,61.51614173237945,93.9509629322639,39.44323632208035,133.9720501610775,153.40131931546458,111.53590533153127,105.84102665682403,102.03953562802847,86.51023989266861,17.706653690766288,22.0729054102991,0.04238539934158325,-0.06834129989147186,-0.16576889157295227,-0.11784958839416504
16,45,75.64622813742149,56.3512328925686,92.79723190474712,36.58236273887442,136.7565579635008,152.69960847620118,115.22788275352066,110.07394512431762,101.8000192991844,86.48339758504441,17.151003767325633,19.76887015369418,0.04086533188819885,-0.0706125795841217,-0.16765490174293518,-0.11565813422203064
16,46,73.10369396570502,49.17185829863385,90.76306548998039,37.21962598817458,132.88991332328604,152.95830302269505,107.16955939258318,110.91590491005418,101.13893943929284,86.4275260278035,17.65937152427537,11.952232310459273,0.03552711009979248,-0.07342973351478577,-0.1653168499469757,-0.11210870742797852
16,47,67.3467452288628,41.27788421084955,88.88787224276518,34.09737777303215,127.94020333046358,152.58480922456118,101.2488422068896,115.21692252202195,101.10834592487772,86.63069616143201,21.541127013902383,7.1805064378173995,0.030347004532814026,-0.07931649684906006,-0.16088604927062988,-0.10268446803092957
16,48,65.70127570766303,41.48056076000675,83.30625401124168,32.80292708226672,125.03492412055083,153.09543125748593,101.5871075046536,119.11393183654249,100.68521784593247,86.6654667214935,17.604978303578648,8.677633677740033,0.024765849113464355,-0.08117270469665527,-0.1536853313446045,-0.09882798790931702
16,49,60.98133552571112,41.885153321916455,80.90567019267164,33.054357674028495,122.46664005537616,153.30900822198973,103.6246396998077,118.77354103216052,100.4604450355725,86.74010310498784,19.92433466696052,8.83079564788796,0.016573801636695862,-0.0832446813583374,-0.14454835653305054,-0.0941956639289856
16,50,60.98510080417095,43.313791438285314,76.95111558612484,38.8724049111396,124.79305677415644,152.34973120940555,97.75988094952973,111.91809509840436,99.62694674988838,87.64878515733876,15.966014781953895,4.441386527145717,0.00918416678905487,-0.08809924125671387,-0.1391698122024536,-0.09035846590995789
16,51,60.48440382897799,40.5932746843646,70.5219373687237,38.90673751073315,125.34307898830093,151.83579819069638,96.21230901642254,111.36514217999043,98.95342518852941,88.23771481598175,10.03753353974571,1.68653717363145,0.004878312349319458,-0.09053897857666016,-0.13322174549102783,-0.0861002504825592
16,52,57.595611251454635,40.1947532282471,68.61493410140604,37.232803731529515,127.65594098723183,152.07970110128147,95.46766521608353,113.07394258893433,98.52799622086486,88.25687523079607,11.0193228499514,2.961949496717587,0.0013818740844726562,-0.09133198857307434,-0.12825551629066467,-0.08349326252937317
16,53,61.017857485912636,41.065418415982286,61.987751088521335,36.40657745823522,131.21914729118026,151.6386272394478,89.2806586979601,111.89918269051498,98.02511555034864,88.21279491083041,0.9698936026086997,4.658840957747067,-0.003131955862045288,-0.09332911670207977,-0.12061947584152222,-0.08116090297698975
16,54,59.07250288085553,43.47751071635757,50.591087056262154,33.86352025039757,133.3580723770886,150.58208249093727,99.40246611693702,110.1477725532111,97.5385134758286,88.13134022545077,8.481415824593377,9.61399046596,-0.007240891456604004,-0.09490804374217987,-0.11284777522087097,-0.0753086507320404
16,55,62.985351927364746,40.356620742539874,46.88014320867692,34.50474000716267,134.67592654842014,149.63659920734545,96.87833978295677,110.49700597165055,96.86721603631304,88.34967477900233,16.105208718687827,5.8518807353772075,-0.012234464287757874,-0.095548614859581,-0.10519003868103027,-0.07051214575767517
16,56,66.41355381639266,42.89367127128811,45.79230054622803,34.3253285276682,135.3568746417271,150.23478915006237,94.71488005171844,110.54258376846856,96.83503587436898,88.39678296511913,20.621253270164637,8.568342743619915,-0.015343040227890015,-0.09581463038921356,-0.09780201315879822,-0.06611394882202148
16,57,60.63132460021965,35.49101489850165,43.19907611320325,33.88307302727512,135.76309982651784,149.17043849990208,93.88561494393653,110.77235699431004,96.53143351821647,88.97861286511191,17.432248487016402,1.6079418712265365,-0.01723073422908783,-0.09497824311256409,-0.09177699685096741,-0.06438452005386353
16,58,50.483081209373054,35.075893154169165,39.67600986549845,34.41591454679901,134.57369074766532,149.74384400660495,100.58954247619747,112.53302019708796,96.52405618566024,89.16020312889947,10.807071343874604,0.6599786073701566,-0.020134568214416504,-0.09448443353176117,-0.08312255144119263,-0.06292387843132019
16,59,50.41234880086873,36.62464920333988,36.2932341161616,34.59579420077728,136.98278682691463,149.8233241087512,101.41661144160983,112.87673557292794,96.2226089482398,88.90310534047809,14.119114684707128,2.028855002562601,-0.025526151061058044,-0.09432728588581085,-0.0766322910785675,-0.060361236333847046
16,60,55.503581761684806,37.9102208586644,33.462082580916366,32.929812996893965,141.35492573200221,149.1700872305556,100.42276092956627,114.23570435837084,96.01532763671028,88.89174676973613,22.04149918076844,4.980407861770438,-0.02993766963481903,-0.09420473873615265,-0.07201510667800903,-0.05926769971847534
16,61,49.608853330114805,33.59773156068047,30.105891738755027,32.44449191565771,142.51148372180577,148.56126500313107,107.27851180717126,113.95561277736287,95.85776773906584,89.20014070018902,19.502961591359778,1.153239645022765,-0.03387308120727539,-0.09267745912075043,-0.0671171247959137,-0.05103635787963867
16,62,45.03582413031516,33.412492956338895,29.852550585575166,33.91589945205809,142.3811907233476,148.4320864516401,108.60651098386504,113.34343407667748,95.55770648109382,89.19127964263693,15.183273544739997,0.5034064957191973,-0.039537131786346436,-0.0922059416770935,-0.05968710780143738,-0.05169731378555298
16,63,38.92099174489617,30.95457804517454,27.243097788557307,37.76425665597948,141.40105271458063,147.548367508054,112.63451979736898,111.04885584674982,95.50729099813509,89.64698025988636,11.677893956338863,6.809678610804941,-0.0419124960899353,-0.09165875613689423,-0.05421826243400574,-0.048272281885147095
16,64,47.09800502931985,28.05229155427827,23.202250943958333,39.772084222483564,144.0877305001368,146.7054050817196,114.8256225276014,112.17199719856058,95.71463103790741,90.06665954326654,23.895754085361517,11.719792668205294,-0.04553498327732086,-0.08996862173080444,-0.05101269483566284,-0.04279673099517822
16,65,40.88598126258682,26.372287212494033,23.46688101445859,37.31201055084133,144.6274956028982,145.53800518327637,123.81967466540887,115.89985650322002,95.70463808162198,90.2582632562208,17.419100248128228,10.939723338347296,-0.0488208532333374,-0.08945123851299286,-0.05028212070465088,-0.0425129234790802
16,66,40.24152004462613,23.792331053350374,24.012338774526267,36.80291864406433,143.74377302424318,144.38509916861787,120.16484834325176,116.52935743407753,95.49753987663303,91.10544750236183,16.22918127009986,13.010587590713953,-0.0545550137758255,-0.08864186704158783,-0.047854602336883545,-0.038808733224868774
16,67,41.14722092564393,24.703830001541974,25.61507858206101,42.63518930689445,143.79958068117867,143.97124042337313,116.78296148864769,110.12600838551252,95.49077074625592,91.07811252992525,15.532142343582919,17.93135930535248,-0.05857071280479431,-0.08813807368278503,-0.044316619634628296,-0.035717159509658813
16,68,41.27295198562825,19.979909470929886,27.558552609337315,41.71318804867759,143.92863005688884,143.32527831942357,114.8534532154628,112.06771867717384,95.83671651451269,91.76610956291717,13.714399376290931,21.7332785777477,-0.061734333634376526,-0.08818230032920837,-0.042894721031188965,-0.03606918454170227
16,69,42.34292229284073,31.94105860488009,23.847644229300567,35.253464959704665,144.7180077711995,145.44757068823958,121.10900135196864,115.61853234614615,95.75821330780475,91.32401892766204,18.495278063540166,3.3124063548245744,-0.06601555645465851,-0.08815217018127441,-0.04213923215866089,-0.03598412871360779
16,70,43.40518168426677,33.80416653372438,21.908848624555073,35.2996779648358,145.86969497170372,145.53451473248322,124.9110307201269,115.12647272484735,95.62787667326123,91.22701216799011,21.4963330597117,1.4955114311114244,-0.06907190382480621,-0.08795419335365295,-0.038843780755996704,-0.03649616241455078
16,71,40.90836026161699,42.47672235279019,21.957753210478682,31.790327613529612,145.33738463577464,146.39108422807178,124.67186384138523,112.77748095173753,95.52228946486699,91.06728608894971,18.95060705113831,10.686394739260578,-0.0706433653831482,-0.08701707422733307,-0.03684166073799133,-0.037678062915802
16,72,41.228831391815035,39.07841163815298,20.432147841197352,32.2605661542789,144.72434477566244,146.12023488272874,126.1117800508657,117.90032692843313,95.39448970035791,90.80213468582178,20.796683550617683,6.8178454838740805,-0.07257619500160217,-0.08624523878097534,-0.03475147485733032,-0.037933409214019775
16,73,38.510383239464254,36.82596248371062,22.52209374053241,33.584240575443985,143.8616603477117,145.81462766739767,122.41626875261234,114.01748986743424,95.10763508421755,90.67304910460538,15.988289498931845,3.2417219082666335,-0.07470721006393433,-0.08619973063468933,-0.0349593460559845,-0.03907307982444763
16,74,39.08666782989435,40.58709042305827,26.725243345995484,31.237714136284747,144.57125516199423,147.34130312513025,119.21219012774507,116.25072303439549,95.0009969967293,90.77681807376683,12.361424483898869,9.349376286773524,-0.07502248883247375,-0.08534443378448486,-0.035196155309677124,-0.04031875729560852
16,75,38.72111891221043,40.39208399357234,27.896326315182854,32.052546988765506,143.83159922211982,147.36955702821913,117.71636523861388,113.94126137079971,94.6655742167655,90.73144681767461,10.824792597027574,8.339537004806836,-0.07603247463703156,-0.08456921577453613,-0.035210102796554565,-0.040302157402038574
16,76,38.26993036649224,39.89393868775032,24.493928408431263,33.50163444646714,144.62417307979507,147.13900522542815,122.41410657544301,113.28455842369473,94.45506733184631,90.79271894196381,13.776001958060977,6.392304241283178,-0.0765119194984436,-0.08423137664794922,-0.03477242588996887,-0.04040771722793579
16,77,40.48717461380405,38.09683287802961,21.756191057499542,37.21674204361293,147.68312498428202,146.1336327907617,123.23737736331204,111.81264723442942,93.29840037300485,90.93386106540444,18.73098355630451,0.8800908344166771,-0.07908634841442108,-0.08359497785568237,-0.03338995575904846,-0.04058751463890076
16,78,43.26585276481285,37.71569326749083,22.43063836323977,38.81092072517884,147.9601614997246,145.18453179297148,125.24100563251876,108.8548140939301,92.85716675525426,90.75707064123304,20.83521440157308,1.0952274576880114,-0.07894007861614227,-0.08330003917217255,-0.033699750900268555,-0.04051390290260315
16,79,46.84831076642905,39.5778700105992,19.794678947032214,42.549041706813206,147.47886578454063,145.1222330776869,120.76592382763684,105.0107831655248,92.87880477880383,90.58978352953869,27.053631819396838,2.9711716962140073,-0.07884131371974945,-0.08296424150466919,-0.03380945324897766,-0.04105374217033386
